seed,lr,step,model,mse
55160,0.1,1,predictive_dendrites,0.5070623755455017
55160,0.1,1,hebbian,0.5158546566963196
55160,0.1,1,bounded_hebbian,0.47495830059051514
55160,0.1,2,predictive_dendrites,0.3425605297088623
55160,0.1,2,hebbian,0.436483234167099
55160,0.1,2,bounded_hebbian,0.39626482129096985
55160,0.1,3,predictive_dendrites,0.2867514491081238
55160,0.1,3,hebbian,0.35218995809555054
55160,0.1,3,bounded_hebbian,0.3166443705558777
55160,0.1,4,predictive_dendrites,0.27148008346557617
55160,0.1,4,hebbian,0.2662051022052765
55160,0.1,4,bounded_hebbian,0.24151208996772766
55160,0.1,5,predictive_dendrites,0.26846957206726074
55160,0.1,5,hebbian,0.18362145125865936
55160,0.1,5,bounded_hebbian,0.17905527353286743
55160,0.1,6,predictive_dendrites,0.268181174993515
55160,0.1,6,hebbian,0.11212709546089172
55160,0.1,6,bounded_hebbian,0.14097706973552704
55160,0.1,7,predictive_dendrites,0.2686886787414551
55160,0.1,7,hebbian,0.0629965141415596
55160,0.1,7,bounded_hebbian,0.14540895819664001
55160,0.1,8,predictive_dendrites,0.2682338058948517
55160,0.1,8,hebbian,0.052427537739276886
55160,0.1,8,bounded_hebbian,0.1884302943944931
55160,0.1,9,predictive_dendrites,0.265947163105011
55160,0.1,9,hebbian,0.10334013402462006
55160,0.1,9,bounded_hebbian,0.27918899059295654
55160,0.1,10,predictive_dendrites,0.2626963257789612
55160,0.1,10,hebbian,0.24779261648654938
55160,0.1,10,bounded_hebbian,0.4340704083442688
55160,0.1,11,predictive_dendrites,0.2588420510292053
55160,0.1,11,hebbian,0.5302219390869141
55160,0.1,11,bounded_hebbian,0.6817196011543274
55160,0.1,12,predictive_dendrites,0.25496548414230347
55160,0.1,12,hebbian,1.0117833614349365
55160,0.1,12,bounded_hebbian,1.0068448781967163
55160,0.1,13,predictive_dendrites,0.2508043646812439
55160,0.1,13,hebbian,1.7761552333831787
55160,0.1,13,bounded_hebbian,1.391317367553711
55160,0.1,14,predictive_dendrites,0.24620729684829712
55160,0.1,14,hebbian,2.9372990131378174
55160,0.1,14,bounded_hebbian,1.8476028442382812
55160,0.1,15,predictive_dendrites,0.24129801988601685
55160,0.1,15,hebbian,4.649820327758789
55160,0.1,15,bounded_hebbian,2.417371988296509
55160,0.1,16,predictive_dendrites,0.23616257309913635
55160,0.1,16,hebbian,7.122802734375
55160,0.1,16,bounded_hebbian,3.1132731437683105
55160,0.1,17,predictive_dendrites,0.23079156875610352
55160,0.1,17,hebbian,10.63825798034668
55160,0.1,17,bounded_hebbian,3.9875948429107666
55160,0.1,18,predictive_dendrites,0.2252560257911682
55160,0.1,18,hebbian,15.575719833374023
55160,0.1,18,bounded_hebbian,5.107205390930176
55160,0.1,19,predictive_dendrites,0.2197524607181549
55160,0.1,19,hebbian,22.44504737854004
55160,0.1,19,bounded_hebbian,6.4718403816223145
55160,0.1,20,predictive_dendrites,0.21425652503967285
55160,0.1,20,hebbian,31.930130004882812
55160,0.1,20,bounded_hebbian,8.078573226928711
55160,0.1,21,predictive_dendrites,0.2088281810283661
55160,0.1,21,hebbian,44.94707489013672
55160,0.1,21,bounded_hebbian,9.943548202514648
55160,0.1,22,predictive_dendrites,0.20351281762123108
55160,0.1,22,hebbian,62.72179412841797
55160,0.1,22,bounded_hebbian,12.0097074508667
55160,0.1,23,predictive_dendrites,0.19832468032836914
55160,0.1,23,hebbian,86.89323425292969
55160,0.1,23,bounded_hebbian,14.403718948364258
55160,0.1,24,predictive_dendrites,0.19327110052108765
55160,0.1,24,hebbian,119.65096282958984
55160,0.1,24,bounded_hebbian,17.156835556030273
55160,0.1,25,predictive_dendrites,0.18835443258285522
55160,0.1,25,hebbian,163.91827392578125
55160,0.1,25,bounded_hebbian,20.11023712158203
55160,0.1,26,predictive_dendrites,0.18357327580451965
55160,0.1,26,hebbian,223.595947265625
55160,0.1,26,bounded_hebbian,23.34925651550293
55160,0.1,27,predictive_dendrites,0.17892345786094666
55160,0.1,27,hebbian,303.8870849609375
55160,0.1,27,bounded_hebbian,26.942951202392578
55160,0.1,28,predictive_dendrites,0.1743990182876587
55160,0.1,28,hebbian,411.729248046875
55160,0.1,28,bounded_hebbian,30.973970413208008
55160,0.1,29,predictive_dendrites,0.17015057802200317
55160,0.1,29,hebbian,556.3697509765625
55160,0.1,29,bounded_hebbian,34.61219787597656
55160,0.1,30,predictive_dendrites,0.16616275906562805
55160,0.1,30,hebbian,750.132568359375
55160,0.1,30,bounded_hebbian,38.122047424316406
55160,0.1,31,predictive_dendrites,0.16225522756576538
55160,0.1,31,hebbian,1009.4375610351562
55160,0.1,31,bounded_hebbian,41.76746368408203
55160,0.1,32,predictive_dendrites,0.1584191620349884
55160,0.1,32,hebbian,1356.159912109375
55160,0.1,32,bounded_hebbian,45.44745635986328
55160,0.1,33,predictive_dendrites,0.15464621782302856
55160,0.1,33,hebbian,1819.4381103515625
55160,0.1,33,bounded_hebbian,48.890159606933594
55160,0.1,34,predictive_dendrites,0.15092866122722626
55160,0.1,34,hebbian,2438.082763671875
55160,0.1,34,bounded_hebbian,51.873958587646484
55160,0.1,35,predictive_dendrites,0.1472594439983368
55160,0.1,35,hebbian,3263.78369140625
55160,0.1,35,bounded_hebbian,54.50443649291992
55160,0.1,36,predictive_dendrites,0.14363239705562592
55160,0.1,36,hebbian,4365.38037109375
55160,0.1,36,bounded_hebbian,56.91164016723633
55160,0.1,37,predictive_dendrites,0.140042245388031
55160,0.1,37,hebbian,5834.552734375
55160,0.1,37,bounded_hebbian,59.39771270751953
55160,0.1,38,predictive_dendrites,0.13648450374603271
55160,0.1,38,hebbian,7793.3896484375
55160,0.1,38,bounded_hebbian,61.42440414428711
55160,0.1,39,predictive_dendrites,0.1329556256532669
55160,0.1,39,hebbian,10404.486328125
55160,0.1,39,bounded_hebbian,63.17076110839844
55160,0.1,40,predictive_dendrites,0.12944047152996063
55160,0.1,40,hebbian,13884.37890625
55160,0.1,40,bounded_hebbian,64.64414978027344
55160,0.1,41,predictive_dendrites,0.1259787529706955
55160,0.1,41,hebbian,18521.439453125
55160,0.1,41,bounded_hebbian,66.15921783447266
55160,0.1,42,predictive_dendrites,0.12254907935857773
55160,0.1,42,hebbian,24699.7265625
55160,0.1,42,bounded_hebbian,67.81340026855469
55160,0.1,43,predictive_dendrites,0.1191437616944313
55160,0.1,43,hebbian,32930.75390625
55160,0.1,43,bounded_hebbian,69.62226867675781
55160,0.1,44,predictive_dendrites,0.11576291918754578
55160,0.1,44,hebbian,43895.79296875
55160,0.1,44,bounded_hebbian,71.54502868652344
55160,0.1,45,predictive_dendrites,0.11245041340589523
55160,0.1,45,hebbian,58502.2578125
55160,0.1,45,bounded_hebbian,73.5506591796875
55160,0.1,46,predictive_dendrites,0.10930272191762924
55160,0.1,46,hebbian,77958.796875
55160,0.1,46,bounded_hebbian,75.49557495117188
55160,0.1,47,predictive_dendrites,0.10616038739681244
55160,0.1,47,hebbian,103875.4296875
55160,0.1,47,bounded_hebbian,77.57952880859375
55160,0.1,48,predictive_dendrites,0.10302615910768509
55160,0.1,48,hebbian,138396.8125
55160,0.1,48,bounded_hebbian,79.8187255859375
55160,0.1,49,predictive_dendrites,0.09990308433771133
55160,0.1,49,hebbian,184380.0
55160,0.1,49,bounded_hebbian,82.16349029541016
55160,0.1,50,predictive_dendrites,0.09679458290338516
55160,0.1,50,hebbian,245631.140625
55160,0.1,50,bounded_hebbian,84.35911560058594
55160,0.1,51,predictive_dendrites,0.09374630451202393
55160,0.1,51,hebbian,327221.1875
55160,0.1,51,bounded_hebbian,86.57840728759766
55160,0.1,52,predictive_dendrites,0.09074432402849197
55160,0.1,52,hebbian,435906.1875
55160,0.1,52,bounded_hebbian,88.3475570678711
55160,0.1,53,predictive_dendrites,0.08776368945837021
55160,0.1,53,hebbian,580687.875
55160,0.1,53,bounded_hebbian,90.00575256347656
55160,0.1,54,predictive_dendrites,0.08483175933361053
55160,0.1,54,hebbian,773560.625
55160,0.1,54,bounded_hebbian,91.72695922851562
55160,0.1,55,predictive_dendrites,0.0819830596446991
55160,0.1,55,hebbian,1030506.875
55160,0.1,55,bounded_hebbian,93.25582122802734
55160,0.1,56,predictive_dendrites,0.07920851558446884
55160,0.1,56,hebbian,1372824.0
55160,0.1,56,bounded_hebbian,94.26803588867188
55160,0.1,57,predictive_dendrites,0.07647830247879028
55160,0.1,57,hebbian,1828893.125
55160,0.1,57,bounded_hebbian,94.99334716796875
55160,0.1,58,predictive_dendrites,0.07378258556127548
55160,0.1,58,hebbian,2436536.0
55160,0.1,58,bounded_hebbian,95.79378509521484
55160,0.1,59,predictive_dendrites,0.07111319154500961
55160,0.1,59,hebbian,3246159.5
55160,0.1,59,bounded_hebbian,96.67786407470703
55160,0.1,60,predictive_dendrites,0.06848569959402084
55160,0.1,60,hebbian,4324943.0
55160,0.1,60,bounded_hebbian,97.38916778564453
55160,0.1,61,predictive_dendrites,0.06590402871370316
55160,0.1,61,hebbian,5762422.0
55160,0.1,61,bounded_hebbian,97.73223876953125
55160,0.1,62,predictive_dendrites,0.06337093561887741
55160,0.1,62,hebbian,7677936.0
55160,0.1,62,bounded_hebbian,97.9242935180664
55160,0.1,63,predictive_dendrites,0.06088893860578537
55160,0.1,63,hebbian,10230553.0
55160,0.1,63,bounded_hebbian,98.13556671142578
55160,0.1,64,predictive_dendrites,0.05846039950847626
55160,0.1,64,hebbian,13632294.0
55160,0.1,64,bounded_hebbian,98.3681411743164
55160,0.1,65,predictive_dendrites,0.05608724430203438
55160,0.1,65,hebbian,18165794.0
55160,0.1,65,bounded_hebbian,98.62442016601562
55160,0.1,66,predictive_dendrites,0.053771331906318665
55160,0.1,66,hebbian,24207792.0
55160,0.1,66,bounded_hebbian,98.90704345703125
55160,0.1,67,predictive_dendrites,0.05151412636041641
55160,0.1,67,hebbian,32260516.0
55160,0.1,67,bounded_hebbian,99.218994140625
55160,0.1,68,predictive_dendrites,0.04931691288948059
55160,0.1,68,hebbian,42993488.0
55160,0.1,68,bounded_hebbian,99.56364440917969
55160,0.1,69,predictive_dendrites,0.047180742025375366
55160,0.1,69,hebbian,57299260.0
55160,0.1,69,bounded_hebbian,99.9448013305664
55160,0.1,70,predictive_dendrites,0.04510636627674103
55160,0.1,70,hebbian,76367744.0
55160,0.1,70,bounded_hebbian,100.36676025390625
55160,0.1,71,predictive_dendrites,0.04309440404176712
55160,0.1,71,hebbian,101785392.0
55160,0.1,71,bounded_hebbian,100.67550659179688
55160,0.1,72,predictive_dendrites,0.041145190596580505
55160,0.1,72,hebbian,135667184.0
55160,0.1,72,bounded_hebbian,100.84355926513672
55160,0.1,73,predictive_dendrites,0.03925889730453491
55160,0.1,73,hebbian,180833120.0
55160,0.1,73,bounded_hebbian,100.90113830566406
55160,0.1,74,predictive_dendrites,0.037435393780469894
55160,0.1,74,hebbian,241042912.0
55160,0.1,74,bounded_hebbian,100.96243286132812
55160,0.1,75,predictive_dendrites,0.03567454591393471
55160,0.1,75,hebbian,321309696.0
55160,0.1,75,bounded_hebbian,101.0276870727539
55160,0.1,76,predictive_dendrites,0.03397596254944801
55160,0.1,76,hebbian,428317408.0
55160,0.1,76,bounded_hebbian,101.09719848632812
55160,0.1,77,predictive_dendrites,0.03233905881643295
55160,0.1,77,hebbian,570978688.0
55160,0.1,77,bounded_hebbian,101.17130279541016
55160,0.1,78,predictive_dendrites,0.030763056129217148
55160,0.1,78,hebbian,761177088.0
55160,0.1,78,bounded_hebbian,101.25031280517578
55160,0.1,79,predictive_dendrites,0.029247170314192772
55160,0.1,79,hebbian,1014759104.0
55160,0.1,79,bounded_hebbian,101.33464050292969
55160,0.1,80,predictive_dendrites,0.027790557593107224
55160,0.1,80,hebbian,1352855040.0
55160,0.1,80,bounded_hebbian,101.42467498779297
55160,0.1,81,predictive_dendrites,0.0263921357691288
55160,0.1,81,hebbian,1803640704.0
55160,0.1,81,bounded_hebbian,101.52086639404297
55160,0.1,82,predictive_dendrites,0.025050818920135498
55160,0.1,82,hebbian,2404690432.0
55160,0.1,82,bounded_hebbian,101.62369537353516
55160,0.1,83,predictive_dendrites,0.02376531809568405
55160,0.1,83,hebbian,3206108672.0
55160,0.1,83,bounded_hebbian,101.73370361328125
55160,0.1,84,predictive_dendrites,0.02253439649939537
55160,0.1,84,hebbian,4274710272.0
55160,0.1,84,bounded_hebbian,101.85145568847656
55160,0.1,85,predictive_dendrites,0.02135668694972992
55160,0.1,85,hebbian,5699599872.0
55160,0.1,85,bounded_hebbian,101.97759246826172
55160,0.1,86,predictive_dendrites,0.020230790600180626
55160,0.1,86,hebbian,7599602176.0
55160,0.1,86,bounded_hebbian,102.11280059814453
55160,0.1,87,predictive_dendrites,0.019155258312821388
55160,0.1,87,hebbian,10133182464.0
55160,0.1,87,bounded_hebbian,102.25784301757812
55160,0.1,88,predictive_dendrites,0.018128616735339165
55160,0.1,88,hebbian,13511671808.0
55160,0.1,88,bounded_hebbian,102.4135513305664
55160,0.1,89,predictive_dendrites,0.017149336636066437
55160,0.1,89,hebbian,18016903168.0
55160,0.1,89,bounded_hebbian,102.58084869384766
55160,0.1,90,predictive_dendrites,0.016215918585658073
55160,0.1,90,hebbian,24024741888.0
55160,0.1,90,bounded_hebbian,102.76071166992188
55160,0.1,91,predictive_dendrites,0.015319976955652237
55160,0.1,91,hebbian,32036474880.0
55160,0.1,91,bounded_hebbian,102.95426940917969
55160,0.1,92,predictive_dendrites,0.014465522952377796
55160,0.1,92,hebbian,42720628736.0
55160,0.1,92,bounded_hebbian,103.1627426147461
55160,0.1,93,predictive_dendrites,0.013652893714606762
55160,0.1,93,hebbian,56968839168.0
55160,0.1,93,bounded_hebbian,103.3874740600586
55160,0.1,94,predictive_dendrites,0.012880485504865646
55160,0.1,94,hebbian,75970248704.0
55160,0.1,94,bounded_hebbian,103.62993621826172
55160,0.1,95,predictive_dendrites,0.012146804481744766
55160,0.1,95,hebbian,101310840832.0
55160,0.1,95,bounded_hebbian,103.89180755615234
55160,0.1,96,predictive_dendrites,0.011450330726802349
55160,0.1,96,hebbian,135105863680.0
55160,0.1,96,bounded_hebbian,104.1749267578125
55160,0.1,97,predictive_dendrites,0.010789601132273674
55160,0.1,97,hebbian,180176601088.0
55160,0.1,97,bounded_hebbian,104.48130798339844
55160,0.1,98,predictive_dendrites,0.010163094848394394
55160,0.1,98,hebbian,240285810688.0
55160,0.1,98,bounded_hebbian,104.813232421875
55160,0.1,99,predictive_dendrites,0.009569428861141205
55160,0.1,99,hebbian,320452100096.0
55160,0.1,99,bounded_hebbian,105.1732406616211
55160,0.1,100,predictive_dendrites,0.009007161483168602
55160,0.1,100,hebbian,427369103360.0
55160,0.1,100,bounded_hebbian,105.56417083740234
55160,0.1,101,predictive_dendrites,0.008474939502775669
55160,0.1,101,hebbian,569964822528.0
55160,0.1,101,bounded_hebbian,105.98919677734375
55160,0.1,102,predictive_dendrites,0.007971413433551788
55160,0.1,102,hebbian,760147345408.0
55160,0.1,102,bounded_hebbian,106.4518814086914
55160,0.1,103,predictive_dendrites,0.007495254278182983
55160,0.1,103,hebbian,1013798993920.0
55160,0.1,103,bounded_hebbian,106.95626068115234
55160,0.1,104,predictive_dendrites,0.007045228034257889
55160,0.1,104,hebbian,1352104411136.0
55160,0.1,104,bounded_hebbian,107.50686645507812
55160,0.1,105,predictive_dendrites,0.006620077416300774
55160,0.1,105,hebbian,1803320819712.0
55160,0.1,105,bounded_hebbian,108.05284118652344
55160,0.1,106,predictive_dendrites,0.006218672264367342
55160,0.1,106,hebbian,2405137383424.0
55160,0.1,106,bounded_hebbian,108.47206115722656
55160,0.1,107,predictive_dendrites,0.005839813966304064
55160,0.1,107,hebbian,3207824146432.0
55160,0.1,107,bounded_hebbian,108.85590362548828
55160,0.1,108,predictive_dendrites,0.005482408683747053
55160,0.1,108,hebbian,4278434660352.0
55160,0.1,108,bounded_hebbian,109.1121826171875
55160,0.1,109,predictive_dendrites,0.005145374219864607
55160,0.1,109,hebbian,5706407215104.0
55160,0.1,109,bounded_hebbian,109.18921661376953
55160,0.1,110,predictive_dendrites,0.004827720113098621
55160,0.1,110,hebbian,7611043807232.0
55160,0.1,110,bounded_hebbian,109.18921661376953
55160,0.1,111,predictive_dendrites,0.004528417252004147
55160,0.1,111,hebbian,10151467679744.0
55160,0.1,111,bounded_hebbian,109.18921661376953
55160,0.1,112,predictive_dendrites,0.004246534779667854
55160,0.1,112,hebbian,13539941023744.0
55160,0.1,112,bounded_hebbian,109.18921661376953
55160,0.1,113,predictive_dendrites,0.003981148824095726
55160,0.1,113,hebbian,18059576213504.0
55160,0.1,113,bounded_hebbian,109.18921661376953
55160,0.1,114,predictive_dendrites,0.0037314065266400576
55160,0.1,114,hebbian,24088028381184.0
55160,0.1,114,bounded_hebbian,109.18921661376953
55160,0.1,115,predictive_dendrites,0.0034964662045240402
55160,0.1,115,hebbian,32129035534336.0
55160,0.1,115,bounded_hebbian,109.18921661376953
55160,0.1,116,predictive_dendrites,0.0032755183055996895
55160,0.1,116,hebbian,42854554533888.0
55160,0.1,116,bounded_hebbian,109.18921661376953
55160,0.1,117,predictive_dendrites,0.0030678093899041414
55160,0.1,117,hebbian,57160864104448.0
55160,0.1,117,bounded_hebbian,109.18921661376953
55160,0.1,118,predictive_dendrites,0.002872623736038804
55160,0.1,118,hebbian,76243504463872.0
55160,0.1,118,bounded_hebbian,109.18921661376953
55160,0.1,119,predictive_dendrites,0.002689243294298649
55160,0.1,119,hebbian,101697326153728.0
55160,0.1,119,bounded_hebbian,109.18921661376953
55160,0.1,120,predictive_dendrites,0.0025170291773974895
55160,0.1,120,hebbian,135649613053952.0
55160,0.1,120,bounded_hebbian,109.18921661376953
55160,0.1,121,predictive_dendrites,0.0023553406354039907
55160,0.1,121,hebbian,180937979592704.0
55160,0.1,121,bounded_hebbian,109.18921661376953
55160,0.1,122,predictive_dendrites,0.0022035802248865366
55160,0.1,122,hebbian,241347768352768.0
55160,0.1,122,bounded_hebbian,109.18921661376953
55160,0.1,123,predictive_dendrites,0.0020611847285181284
55160,0.1,123,hebbian,321927897939968.0
55160,0.1,123,bounded_hebbian,109.18921661376953
55160,0.1,124,predictive_dendrites,0.0019276085076853633
55160,0.1,124,hebbian,429413850152960.0
55160,0.1,124,bounded_hebbian,109.18921661376953
55160,0.1,125,predictive_dendrites,0.0018023537704721093
55160,0.1,125,hebbian,572789857714176.0
55160,0.1,125,bounded_hebbian,109.18921661376953
55160,0.1,126,predictive_dendrites,0.0016849187668412924
55160,0.1,126,hebbian,764040859090944.0
55160,0.1,126,bounded_hebbian,109.18921661376953
55160,0.1,127,predictive_dendrites,0.001574853784404695
55160,0.1,127,hebbian,1019153058103296.0
55160,0.1,127,bounded_hebbian,109.18921661376953
55160,0.1,128,predictive_dendrites,0.0014717135345563293
55160,0.1,128,hebbian,1359451638464512.0
55160,0.1,128,bounded_hebbian,109.18921661376953
55160,0.1,129,predictive_dendrites,0.0013750945217907429
55160,0.1,129,hebbian,1813382839664640.0
55160,0.1,129,bounded_hebbian,109.18921661376953
55160,0.1,130,predictive_dendrites,0.0012846059398725629
55160,0.1,130,hebbian,2418896858513408.0
55160,0.1,130,bounded_hebbian,109.18921661376953
55160,0.1,131,predictive_dendrites,0.001199874677695334
55160,0.1,131,hebbian,3226609750376448.0
55160,0.1,131,bounded_hebbian,109.18921661376953
55160,0.1,132,predictive_dendrites,0.0011205506743863225
55160,0.1,132,hebbian,4304049004347392.0
55160,0.1,132,bounded_hebbian,109.18921661376953
55160,0.1,133,predictive_dendrites,0.0010463159997016191
55160,0.1,133,hebbian,5741280353058816.0
55160,0.1,133,bounded_hebbian,109.18921661376953
55160,0.1,134,predictive_dendrites,0.0009768499294295907
55160,0.1,134,hebbian,7658470002130944.0
55160,0.1,134,bounded_hebbian,109.18921661376953
55160,0.1,135,predictive_dendrites,0.0009118596208281815
55160,0.1,135,hebbian,1.0215888951181312e+16
55160,0.1,135,bounded_hebbian,109.18921661376953
55160,0.1,136,predictive_dendrites,0.0008510742336511612
55160,0.1,136,hebbian,1.3627363220783104e+16
55160,0.1,136,bounded_hebbian,109.18921661376953
55160,0.1,137,predictive_dendrites,0.0007942300871945918
55160,0.1,137,hebbian,1.817809689300173e+16
55160,0.1,137,bounded_hebbian,109.18921661376953
55160,0.1,138,predictive_dendrites,0.0007410828256979585
55160,0.1,138,hebbian,2.424857145691341e+16
55160,0.1,138,bounded_hebbian,109.18921661376953
55160,0.1,139,predictive_dendrites,0.0006914036930538714
55160,0.1,139,hebbian,3.2346283469438976e+16
55160,0.1,139,bounded_hebbian,109.18921661376953
55160,0.1,140,predictive_dendrites,0.0006449670763686299
55160,0.1,140,hebbian,4.314838821188403e+16
55160,0.1,140,bounded_hebbian,109.18921661376953
55160,0.1,141,predictive_dendrites,0.0006015738472342491
55160,0.1,141,hebbian,5.755797342519296e+16
55160,0.1,141,bounded_hebbian,109.18921661376953
55160,0.1,142,predictive_dendrites,0.0005610362277366221
55160,0.1,142,hebbian,7.677991057987994e+16
55160,0.1,142,bounded_hebbian,109.18921661376953
55160,0.1,143,predictive_dendrites,0.0005231693503446877
55160,0.1,143,hebbian,1.0242131201359872e+17
55160,0.1,143,bounded_hebbian,109.18921661376953
55160,0.1,144,predictive_dendrites,0.00048779736971482635
55160,0.1,144,hebbian,1.3662601065214771e+17
55160,0.1,144,bounded_hebbian,109.18921661376953
55160,0.1,145,predictive_dendrites,0.0004547690914478153
55160,0.1,145,hebbian,1.8225411970721382e+17
55160,0.1,145,bounded_hebbian,109.18921661376953
55160,0.1,146,predictive_dendrites,0.0004239280242472887
55160,0.1,146,hebbian,2.4312085003789926e+17
55160,0.1,146,bounded_hebbian,109.18921661376953
55160,0.1,147,predictive_dendrites,0.00039513749652542174
55160,0.1,147,hebbian,3.243163821350584e+17
55160,0.1,147,bounded_hebbian,109.18921661376953
55160,0.1,148,predictive_dendrites,0.0003682676760945469
55160,0.1,148,hebbian,4.326280012769526e+17
55160,0.1,148,bounded_hebbian,109.18921661376953
55160,0.1,149,predictive_dendrites,0.000343185878591612
55160,0.1,149,hebbian,5.771146868440433e+17
55160,0.1,149,bounded_hebbian,109.18921661376953
55160,0.1,150,predictive_dendrites,0.0003197827027179301
55160,0.1,150,hebbian,7.698564638530601e+17
55160,0.1,150,bounded_hebbian,109.18921661376953
55160,0.1,151,predictive_dendrites,0.0002979465061798692
55160,0.1,151,hebbian,1.0269700424634204e+18
55160,0.1,151,bounded_hebbian,109.18921661376953
55160,0.1,152,predictive_dendrites,0.00027757621137425303
55160,0.1,152,hebbian,1.3699541048135516e+18
55160,0.1,152,bounded_hebbian,109.18921661376953
55160,0.1,153,predictive_dendrites,0.0002585767360869795
55160,0.1,153,hebbian,1.8274892055555604e+18
55160,0.1,153,bounded_hebbian,109.18921661376953
55160,0.1,154,predictive_dendrites,0.0002408526197541505
55160,0.1,154,hebbian,2.4378360815933194e+18
55160,0.1,154,bounded_hebbian,109.18921661376953
55160,0.1,155,predictive_dendrites,0.00022432877449318767
55160,0.1,155,hebbian,3.252042034147492e+18
55160,0.1,155,bounded_hebbian,109.18921661376953
55160,0.1,156,predictive_dendrites,0.00020891675376333296
55160,0.1,156,hebbian,4.338181951262294e+18
55160,0.1,156,bounded_hebbian,109.18921661376953
55160,0.1,157,predictive_dendrites,0.00019454957509879023
55160,0.1,157,hebbian,5.787087588019929e+18
55160,0.1,157,bounded_hebbian,109.18921661376953
55160,0.1,158,predictive_dendrites,0.00018115763668902218
55160,0.1,158,hebbian,7.719950414568751e+18
55160,0.1,158,bounded_hebbian,109.18921661376953
55160,0.1,159,predictive_dendrites,0.0001686719333520159
55160,0.1,159,hebbian,1.0298345863633699e+19
55160,0.1,159,bounded_hebbian,109.18921661376953
55160,0.1,160,predictive_dendrites,0.00015703697863500565
55160,0.1,160,hebbian,1.3737887615665832e+19
55160,0.1,160,bounded_hebbian,109.18921661376953
55160,0.1,161,predictive_dendrites,0.00014618973364122212
55160,0.1,161,hebbian,1.832561087767747e+19
55160,0.1,161,bounded_hebbian,109.18921661376953
55160,0.1,162,predictive_dendrites,0.00013608578592538834
55160,0.1,162,hebbian,2.444549039885543e+19
55160,0.1,162,bounded_hebbian,109.18921661376953
55160,0.1,163,predictive_dendrites,0.00012666980910580605
55160,0.1,163,hebbian,3.2608475829696987e+19
55160,0.1,163,bounded_hebbian,109.18921661376953
55160,0.1,164,predictive_dendrites,0.0001178988313768059
55160,0.1,164,hebbian,4.3500022510167e+19
55160,0.1,164,bounded_hebbian,109.18921661376953
55160,0.1,165,predictive_dendrites,0.00010972723248414695
55160,0.1,165,hebbian,5.802932100331995e+19
55160,0.1,165,bounded_hebbian,109.18921661376953
55160,0.1,166,predictive_dendrites,0.0001021144344122149
55160,0.1,166,hebbian,7.740805511319755e+19
55160,0.1,166,bounded_hebbian,109.18921661376953
55160,0.1,167,predictive_dendrites,9.502500324742869e-05
55160,0.1,167,hebbian,1.0326771537746592e+20
55160,0.1,167,bounded_hebbian,109.18921661376953
55160,0.1,168,predictive_dendrites,8.842381066642702e-05
55160,0.1,168,hebbian,1.37755419306753e+20
55160,0.1,168,bounded_hebbian,109.18921661376953
55160,0.1,169,predictive_dendrites,8.227399666793644e-05
55160,0.1,169,hebbian,1.8377684188173592e+20
55160,0.1,169,bounded_hebbian,109.18921661376953
55160,0.1,170,predictive_dendrites,7.654789806110784e-05
55160,0.1,170,hebbian,2.451642825025163e+20
55160,0.1,170,bounded_hebbian,109.18921661376953
55160,0.1,171,predictive_dendrites,7.121715316316113e-05
55160,0.1,171,hebbian,3.270471124462506e+20
55160,0.1,171,bounded_hebbian,109.18921661376953
55160,0.1,172,predictive_dendrites,6.625251262448728e-05
55160,0.1,172,hebbian,4.36239559424127e+20
55160,0.1,172,bounded_hebbian,109.18921661376953
55160,0.1,173,predictive_dendrites,6.163124635349959e-05
55160,0.1,173,hebbian,5.818564165007342e+20
55160,0.1,173,bounded_hebbian,109.18921661376953
55160,0.1,174,predictive_dendrites,5.7330395065946504e-05
55160,0.1,174,hebbian,7.76193003240003e+20
55160,0.1,174,bounded_hebbian,109.18921661376953
55160,0.1,175,predictive_dendrites,5.332615546649322e-05
55160,0.1,175,hebbian,1.0354529192574913e+21
55160,0.1,175,bounded_hebbian,109.18921661376953
55160,0.1,176,predictive_dendrites,4.9598827899899334e-05
55160,0.1,176,hebbian,1.381116927400873e+21
55160,0.1,176,bounded_hebbian,109.18921661376953
55160,0.1,177,predictive_dendrites,4.612937118508853e-05
55160,0.1,177,hebbian,1.8423891120350413e+21
55160,0.1,177,bounded_hebbian,109.18921661376953
55160,0.1,178,predictive_dendrites,4.2901501728920266e-05
55160,0.1,178,hebbian,2.457632331054589e+21
55160,0.1,178,bounded_hebbian,109.18921661376953
55160,0.1,179,predictive_dendrites,3.989754623034969e-05
55160,0.1,179,hebbian,3.27837930467068e+21
55160,0.1,179,bounded_hebbian,109.18921661376953
55160,0.1,180,predictive_dendrites,3.7102152418810874e-05
55160,0.1,180,hebbian,4.37328290560295e+21
55160,0.1,180,bounded_hebbian,109.18921661376953
55160,0.1,181,predictive_dendrites,3.450001895544119e-05
55160,0.1,181,hebbian,5.834108761333677e+21
55160,0.1,181,bounded_hebbian,109.18921661376953
55160,0.1,182,predictive_dendrites,3.2080672099255025e-05
55160,0.1,182,hebbian,7.781706182788743e+21
55160,0.1,182,bounded_hebbian,109.18921661376953
55160,0.1,183,predictive_dendrites,2.9829223421984352e-05
55160,0.1,183,hebbian,1.038060573810483e+22
55160,0.1,183,bounded_hebbian,109.18921661376953
55160,0.1,184,predictive_dendrites,2.773410415102262e-05
55160,0.1,184,hebbian,1.3848055443806755e+22
55160,0.1,184,bounded_hebbian,109.18921661376953
55160,0.1,185,predictive_dendrites,2.578562816779595e-05
55160,0.1,185,hebbian,1.8472918994743829e+22
55160,0.1,185,bounded_hebbian,109.18921661376953
55160,0.1,186,predictive_dendrites,2.3972968847374432e-05
55160,0.1,186,hebbian,2.464043880664095e+22
55160,0.1,186,bounded_hebbian,109.18921661376953
55160,0.1,187,predictive_dendrites,2.2287278625299223e-05
55160,0.1,187,hebbian,3.2871521478598118e+22
55160,0.1,187,bounded_hebbian,109.18921661376953
55160,0.1,188,predictive_dendrites,2.071862036245875e-05
55160,0.1,188,hebbian,4.385199092447e+22
55160,0.1,188,bounded_hebbian,109.18921661376953
55160,0.1,189,predictive_dendrites,1.9260411136201583e-05
55160,0.1,189,hebbian,5.8495120853692e+22
55160,0.1,189,bounded_hebbian,109.18921661376953
55160,0.1,190,predictive_dendrites,1.790380156307947e-05
55160,0.1,190,hebbian,7.803556409690848e+22
55160,0.1,190,bounded_hebbian,109.18921661376953
55160,0.1,191,predictive_dendrites,1.664255432842765e-05
55160,0.1,191,hebbian,1.0410483068392769e+23
55160,0.1,191,bounded_hebbian,109.18921661376953
55160,0.1,192,predictive_dendrites,1.5468704077648e-05
55160,0.1,192,hebbian,1.3888256375520515e+23
55160,0.1,192,bounded_hebbian,109.18921661376953
55160,0.1,193,predictive_dendrites,1.4378028936334886e-05
55160,0.1,193,hebbian,1.8527875520276706e+23
55160,0.1,193,bounded_hebbian,109.18921661376953
55160,0.1,194,predictive_dendrites,1.3363267498789355e-05
55160,0.1,194,hebbian,2.4716518565506084e+23
55160,0.1,194,bounded_hebbian,109.18921661376953
55160,0.1,195,predictive_dendrites,1.2420331586326938e-05
55160,0.1,195,hebbian,3.2972647106070946e+23
55160,0.1,195,bounded_hebbian,109.18921661376953
55160,0.1,196,predictive_dendrites,1.1543332220753655e-05
55160,0.1,196,hebbian,4.398723402127994e+23
55160,0.1,196,bounded_hebbian,109.18921661376953
55160,0.1,197,predictive_dendrites,1.0727791050157975e-05
55160,0.1,197,hebbian,5.868032148044843e+23
55160,0.1,197,bounded_hebbian,109.18921661376953
55160,0.1,198,predictive_dendrites,9.970222890842706e-06
55160,0.1,198,hebbian,7.827724526731169e+23
55160,0.1,198,bounded_hebbian,109.18921661376953
55160,0.1,199,predictive_dendrites,9.264723303203937e-06
55160,0.1,199,hebbian,1.0442446015668143e+24
55160,0.1,199,bounded_hebbian,109.18921661376953
55160,0.1,200,predictive_dendrites,8.609791620983742e-06
55160,0.1,200,hebbian,1.3930825480062331e+24
55160,0.1,200,bounded_hebbian,109.18921661376953
55160,0.1,201,predictive_dendrites,8.000467460078653e-06
55160,0.1,201,hebbian,1.85847257193809e+24
55160,0.1,201,bounded_hebbian,109.18921661376953
55160,0.1,202,predictive_dendrites,7.434635335812345e-06
55160,0.1,202,hebbian,2.4792403858939307e+24
55160,0.1,202,bounded_hebbian,109.18921661376953
55160,0.1,203,predictive_dendrites,6.908392606419511e-06
55160,0.1,203,hebbian,3.307378138045506e+24
55160,0.1,203,bounded_hebbian,109.18921661376953
55160,0.1,204,predictive_dendrites,6.418701559596229e-06
55160,0.1,204,hebbian,4.412198028097898e+24
55160,0.1,204,bounded_hebbian,109.18921661376953
55160,0.1,205,predictive_dendrites,5.964214324194472e-06
55160,0.1,205,hebbian,5.886082791524126e+24
55160,0.1,205,bounded_hebbian,109.18921661376953
55160,0.1,206,predictive_dendrites,5.542074632103322e-06
55160,0.1,206,hebbian,7.852292995763964e+24
55160,0.1,206,bounded_hebbian,109.18921661376953
55160,0.1,207,predictive_dendrites,5.1487463679222856e-06
55160,0.1,207,hebbian,1.0475425191192233e+25
55160,0.1,207,bounded_hebbian,109.18921661376953
55160,0.1,208,predictive_dendrites,4.783802978636231e-06
55160,0.1,208,hebbian,1.3974593839141721e+25
55160,0.1,208,bounded_hebbian,109.18921661376953
55160,0.1,209,predictive_dendrites,4.444448677531909e-06
55160,0.1,209,hebbian,1.8643123499432245e+25
55160,0.1,209,bounded_hebbian,109.18921661376953
55160,0.1,210,predictive_dendrites,4.129048193135532e-06
55160,0.1,210,hebbian,2.4871101704383018e+25
55160,0.1,210,bounded_hebbian,109.18921661376953
55160,0.1,211,predictive_dendrites,3.836086307273945e-06
55160,0.1,211,hebbian,3.3179967180411606e+25
55160,0.1,211,bounded_hebbian,109.18921661376953
55160,0.1,212,predictive_dendrites,3.5638925055536674e-06
55160,0.1,212,hebbian,4.426261652841469e+25
55160,0.1,212,bounded_hebbian,109.18921661376953
55160,0.1,213,predictive_dendrites,3.3107216950156726e-06
55160,0.1,213,hebbian,5.904551441106423e+25
55160,0.1,213,bounded_hebbian,109.18921661376953
55160,0.1,214,predictive_dendrites,3.075217819059617e-06
55160,0.1,214,hebbian,7.876992148449307e+25
55160,0.1,214,bounded_hebbian,109.18921661376953
55160,0.1,215,predictive_dendrites,2.8570470931299496e-06
55160,0.1,215,hebbian,1.0508447860680085e+26
55160,0.1,215,bounded_hebbian,109.18921661376953
55160,0.1,216,predictive_dendrites,2.654042191352346e-06
55160,0.1,216,hebbian,1.4019391757124725e+26
55160,0.1,216,bounded_hebbian,109.18921661376953
55160,0.1,217,predictive_dendrites,2.4653461423440604e-06
55160,0.1,217,hebbian,1.870198429275984e+26
55160,0.1,217,bounded_hebbian,109.18921661376953
55160,0.1,218,predictive_dendrites,2.290077645739075e-06
55160,0.1,218,hebbian,2.494874912304388e+26
55160,0.1,218,bounded_hebbian,109.18921661376953
55160,0.1,219,predictive_dendrites,2.1270620891300496e-06
55160,0.1,219,hebbian,3.3283382855869034e+26
55160,0.1,219,bounded_hebbian,109.18921661376953
55160,0.1,220,predictive_dendrites,1.975835857592756e-06
55160,0.1,220,hebbian,4.440200658299606e+26
55160,0.1,220,bounded_hebbian,109.18921661376953
55160,0.1,221,predictive_dendrites,1.835464104260609e-06
55160,0.1,221,hebbian,5.923712166409506e+26
55160,0.1,221,bounded_hebbian,109.18921661376953
55160,0.1,222,predictive_dendrites,1.70458804404916e-06
55160,0.1,222,hebbian,7.902667802590622e+26
55160,0.1,222,bounded_hebbian,109.18921661376953
55160,0.1,223,predictive_dendrites,1.583211428624054e-06
55160,0.1,223,hebbian,1.054243967598471e+27
55160,0.1,223,bounded_hebbian,109.18921661376953
55160,0.1,224,predictive_dendrites,1.4706114370710566e-06
55160,0.1,224,hebbian,1.4064035275859832e+27
55160,0.1,224,bounded_hebbian,109.18921661376953
55160,0.1,225,predictive_dendrites,1.3659168871527072e-06
55160,0.1,225,hebbian,1.8761339274361172e+27
55160,0.1,225,bounded_hebbian,109.18921661376953
55160,0.1,226,predictive_dendrites,1.2685195542871952e-06
55160,0.1,226,hebbian,2.502748572970858e+27
55160,0.1,226,bounded_hebbian,109.18921661376953
55160,0.1,227,predictive_dendrites,1.1781191915360978e-06
55160,0.1,227,hebbian,3.338946270233931e+27
55160,0.1,227,bounded_hebbian,109.18921661376953
55160,0.1,228,predictive_dendrites,1.0942692370008444e-06
55160,0.1,228,hebbian,4.454026861917733e+27
55160,0.1,228,bounded_hebbian,109.18921661376953
55160,0.1,229,predictive_dendrites,1.0162649459743989e-06
55160,0.1,229,hebbian,5.941790713471504e+27
55160,0.1,229,bounded_hebbian,109.18921661376953
55160,0.1,230,predictive_dendrites,9.437374615117733e-07
55160,0.1,230,hebbian,7.926467349072664e+27
55160,0.1,230,bounded_hebbian,109.18921661376953
55160,0.1,231,predictive_dendrites,8.765130132815102e-07
55160,0.1,231,hebbian,1.0574188440996948e+28
55160,0.1,231,bounded_hebbian,109.18921661376953
55160,0.1,232,predictive_dendrites,8.139875831147947e-07
55160,0.1,232,hebbian,1.4107309566569323e+28
55160,0.1,232,bounded_hebbian,109.18921661376953
55160,0.1,233,predictive_dendrites,7.557911771982617e-07
55160,0.1,233,hebbian,1.88191640616481e+28
55160,0.1,233,bounded_hebbian,109.18921661376953
55160,0.1,234,predictive_dendrites,7.02013778663968e-07
55160,0.1,234,hebbian,2.5103689377051024e+28
55160,0.1,234,bounded_hebbian,109.18921661376953
55160,0.1,235,predictive_dendrites,6.518382633657893e-07
55160,0.1,235,hebbian,3.3484985550963175e+28
55160,0.1,235,bounded_hebbian,109.18921661376953
55160,0.1,236,predictive_dendrites,6.054053187654063e-07
55160,0.1,236,hebbian,4.466672060708075e+28
55160,0.1,236,bounded_hebbian,109.18921661376953
55160,0.1,237,predictive_dendrites,5.620897240987688e-07
55160,0.1,237,hebbian,5.957788084109711e+28
55160,0.1,237,bounded_hebbian,109.18921661376953
55160,0.1,238,predictive_dendrites,5.22128289048851e-07
55160,0.1,238,hebbian,7.94864759608773e+28
55160,0.1,238,bounded_hebbian,109.18921661376953
55160,0.1,239,predictive_dendrites,4.848449179917225e-07
55160,0.1,239,hebbian,1.0603170076338967e+29
55160,0.1,239,bounded_hebbian,109.18921661376953
55160,0.1,240,predictive_dendrites,4.502276738094224e-07
55160,0.1,240,hebbian,1.4144858991421213e+29
55160,0.1,240,bounded_hebbian,109.18921661376953
55160,0.1,241,predictive_dendrites,4.1804818806667754e-07
55160,0.1,241,hebbian,1.8869862443734892e+29
55160,0.1,241,bounded_hebbian,109.18921661376953
55160,0.1,242,predictive_dendrites,3.881813483985752e-07
55160,0.1,242,hebbian,2.517148650369899e+29
55160,0.1,242,bounded_hebbian,109.18921661376953
55160,0.1,243,predictive_dendrites,3.6040518125446397e-07
55160,0.1,243,hebbian,3.35809256206658e+29
55160,0.1,243,bounded_hebbian,109.18921661376953
55160,0.1,244,predictive_dendrites,3.3469333970970183e-07
55160,0.1,244,hebbian,4.479537109270027e+29
55160,0.1,244,bounded_hebbian,109.18921661376953
55160,0.1,245,predictive_dendrites,3.108302450982592e-07
55160,0.1,245,hebbian,5.9761064270387514e+29
55160,0.1,245,bounded_hebbian,109.18921661376953
55160,0.1,246,predictive_dendrites,2.886191907691682e-07
55160,0.1,246,hebbian,7.972060333531161e+29
55160,0.1,246,bounded_hebbian,109.18921661376953
55160,0.1,247,predictive_dendrites,2.6796752194968576e-07
55160,0.1,247,hebbian,1.06345048668994e+30
55160,0.1,247,bounded_hebbian,109.18921661376953
55160,0.1,248,predictive_dendrites,2.487874155576719e-07
55160,0.1,248,hebbian,1.4185476632224353e+30
55160,0.1,248,bounded_hebbian,109.18921661376953
55160,0.1,249,predictive_dendrites,2.3099730128706142e-07
55160,0.1,249,hebbian,1.8923278075495928e+30
55160,0.1,249,bounded_hebbian,109.18921661376953
55160,0.1,250,predictive_dendrites,2.1444012077154184e-07
55160,0.1,250,hebbian,2.5249183410546986e+30
55160,0.1,250,bounded_hebbian,109.18921661376953
55160,0.1,251,predictive_dendrites,1.9917135318792134e-07
55160,0.1,251,hebbian,3.36821361347053e+30
55160,0.1,251,bounded_hebbian,109.18921661376953
55160,0.1,252,predictive_dendrites,1.848548407679118e-07
55160,0.1,252,hebbian,4.493105790437927e+30
55160,0.1,252,bounded_hebbian,109.18921661376953
55160,0.1,253,predictive_dendrites,1.7167171506571322e-07
55160,0.1,253,hebbian,5.994357126790291e+30
55160,0.1,253,bounded_hebbian,109.18921661376953
55160,0.1,254,predictive_dendrites,1.5939637876272172e-07
55160,0.1,254,hebbian,7.997474674342555e+30
55160,0.1,254,bounded_hebbian,109.18921661376953
55160,0.1,255,predictive_dendrites,1.4800556868976855e-07
55160,0.1,255,hebbian,1.0670559568312132e+31
55160,0.1,255,bounded_hebbian,109.18921661376953
55160,0.1,256,predictive_dendrites,1.3740998383582337e-07
55160,0.1,256,hebbian,1.4233701589863145e+31
55160,0.1,256,bounded_hebbian,109.18921661376953
55160,0.1,257,predictive_dendrites,1.275933954048014e-07
55160,0.1,257,hebbian,1.8993515758921173e+31
55160,0.1,257,bounded_hebbian,109.18921661376953
55160,0.1,258,predictive_dendrites,1.1841074609719726e-07
55160,0.1,258,hebbian,2.5328898770166555e+31
55160,0.1,258,bounded_hebbian,109.18921661376953
55160,0.1,259,predictive_dendrites,1.0992897614414687e-07
55160,0.1,259,hebbian,3.378874646703384e+31
55160,0.1,259,bounded_hebbian,109.18921661376953
55160,0.1,260,predictive_dendrites,1.0206719025518396e-07
55160,0.1,260,hebbian,4.506381246648279e+31
55160,0.1,260,bounded_hebbian,109.18921661376953
55160,0.1,261,predictive_dendrites,9.471523298998363e-08
55160,0.1,261,hebbian,6.01116893280818e+31
55160,0.1,261,bounded_hebbian,109.18921661376953
55160,0.1,262,predictive_dendrites,8.796563832902393e-08
55160,0.1,262,hebbian,8.020201512610654e+31
55160,0.1,262,bounded_hebbian,109.18921661376953
55160,0.1,263,predictive_dendrites,8.171606680207333e-08
55160,0.1,263,hebbian,1.0701448106573614e+32
55160,0.1,263,bounded_hebbian,109.18921661376953
55160,0.1,264,predictive_dendrites,7.580848659927142e-08
55160,0.1,264,hebbian,1.4271024031336615e+32
55160,0.1,264,bounded_hebbian,109.18921661376953
55160,0.1,265,predictive_dendrites,7.037759530703624e-08
55160,0.1,265,hebbian,1.904171321349757e+32
55160,0.1,265,bounded_hebbian,109.18921661376953
55160,0.1,266,predictive_dendrites,6.532706464668081e-08
55160,0.1,266,hebbian,2.538848865809667e+32
55160,0.1,266,bounded_hebbian,109.18921661376953
55160,0.1,267,predictive_dendrites,6.064310298370401e-08
55160,0.1,267,hebbian,3.38775831719624e+32
55160,0.1,267,bounded_hebbian,109.18921661376953
55160,0.1,268,predictive_dendrites,5.6315709429100025e-08
55160,0.1,268,hebbian,4.522210437759985e+32
55160,0.1,268,bounded_hebbian,109.18921661376953
55160,0.1,269,predictive_dendrites,5.2290875629523725e-08
55160,0.1,269,hebbian,6.0333773836848286e+32
55160,0.1,269,bounded_hebbian,109.18921661376953
55160,0.1,270,predictive_dendrites,4.850990009686029e-08
55160,0.1,270,hebbian,8.051519461323263e+32
55160,0.1,270,bounded_hebbian,109.18921661376953
55160,0.1,271,predictive_dendrites,4.5033917928094525e-08
55160,0.1,271,hebbian,1.073554213582432e+33
55160,0.1,271,bounded_hebbian,109.18921661376953
55160,0.1,272,predictive_dendrites,4.181739043929156e-08
55160,0.1,272,hebbian,1.4324292397798934e+33
55160,0.1,272,bounded_hebbian,109.18921661376953
55160,0.1,273,predictive_dendrites,3.882492904949686e-08
55160,0.1,273,hebbian,1.911499346097933e+33
55160,0.1,273,bounded_hebbian,109.18921661376953
55160,0.1,274,predictive_dendrites,3.6050270324494704e-08
55160,0.1,274,hebbian,2.548954905377252e+33
55160,0.1,274,bounded_hebbian,109.18921661376953
55160,0.1,275,predictive_dendrites,3.3463717130644e-08
55160,0.1,275,hebbian,3.402157262020683e+33
55160,0.1,275,bounded_hebbian,109.18921661376953
55160,0.1,276,predictive_dendrites,3.107905754973217e-08
55160,0.1,276,hebbian,4.54099741579618e+33
55160,0.1,276,bounded_hebbian,109.18921661376953
55160,0.1,277,predictive_dendrites,2.884536520753045e-08
55160,0.1,277,hebbian,6.05875832671153e+33
55160,0.1,277,bounded_hebbian,109.18921661376953
55160,0.1,278,predictive_dendrites,2.676858557038031e-08
55160,0.1,278,hebbian,8.077191088145439e+33
55160,0.1,278,bounded_hebbian,109.18921661376953
55160,0.1,279,predictive_dendrites,2.4826448452586192e-08
55160,0.1,279,hebbian,1.0772312823553719e+34
55160,0.1,279,bounded_hebbian,109.18921661376953
55160,0.1,280,predictive_dendrites,2.3065224397100792e-08
55160,0.1,280,hebbian,1.4385534219997411e+34
55160,0.1,280,bounded_hebbian,109.18921661376953
55160,0.1,281,predictive_dendrites,2.1402472683007545e-08
55160,0.1,281,hebbian,1.9197617602506363e+34
55160,0.1,281,bounded_hebbian,109.18921661376953
55160,0.1,282,predictive_dendrites,1.987995723595759e-08
55160,0.1,282,hebbian,2.559052813226204e+34
55160,0.1,282,bounded_hebbian,109.18921661376953
55160,0.1,283,predictive_dendrites,1.843686980862458e-08
55160,0.1,283,hebbian,3.416230473872289e+34
55160,0.1,283,bounded_hebbian,109.18921661376953
55160,0.1,284,predictive_dendrites,1.7129149654238063e-08
55160,0.1,284,hebbian,4.557754543549959e+34
55160,0.1,284,bounded_hebbian,109.18921661376953
55160,0.1,285,predictive_dendrites,1.5877860803925614e-08
55160,0.1,285,hebbian,6.087325526234095e+34
55160,0.1,285,bounded_hebbian,109.18921661376953
55160,0.1,286,predictive_dendrites,1.4737921105734131e-08
55160,0.1,286,hebbian,8.124016170131408e+34
55160,0.1,286,bounded_hebbian,109.18921661376953
55160,0.1,287,predictive_dendrites,1.3683566280064952e-08
55160,0.1,287,hebbian,1.0838206638728824e+35
55160,0.1,287,bounded_hebbian,109.18921661376953
55160,0.1,288,predictive_dendrites,1.2702471963166317e-08
55160,0.1,288,hebbian,1.4451533755251872e+35
55160,0.1,288,bounded_hebbian,109.18921661376953
55160,0.1,289,predictive_dendrites,1.1805689759114557e-08
55160,0.1,289,hebbian,1.928998575577362e+35
55160,0.1,289,bounded_hebbian,109.18921661376953
55160,0.1,290,predictive_dendrites,1.095770674197638e-08
55160,0.1,290,hebbian,2.5729203165814818e+35
55160,0.1,290,bounded_hebbian,109.18921661376953
55160,0.1,291,predictive_dendrites,1.0173128117685337e-08
55160,0.1,291,hebbian,3.4356631119153736e+35
55160,0.1,291,bounded_hebbian,109.18921661376953
55160,0.1,292,predictive_dendrites,9.435578540717415e-09
55160,0.1,292,hebbian,4.590621554487376e+35
55160,0.1,292,bounded_hebbian,109.18921661376953
55160,0.1,293,predictive_dendrites,8.759062808394447e-09
55160,0.1,293,hebbian,6.12247232754786e+35
55160,0.1,293,bounded_hebbian,109.18921661376953
55160,0.1,294,predictive_dendrites,8.134997564468449e-09
55160,0.1,294,hebbian,8.169090656349023e+35
55160,0.1,294,bounded_hebbian,109.18921661376953
55160,0.1,295,predictive_dendrites,7.560809756057552e-09
55160,0.1,295,hebbian,1.0899289967464072e+36
55160,0.1,295,bounded_hebbian,109.18921661376953
55160,0.1,296,predictive_dendrites,7.016097036682822e-09
55160,0.1,296,hebbian,1.4546594873762987e+36
55160,0.1,296,bounded_hebbian,109.18921661376953
55160,0.1,297,predictive_dendrites,6.508478200828449e-09
55160,0.1,297,hebbian,1.9388543213096488e+36
55160,0.1,297,bounded_hebbian,109.18921661376953
55160,0.1,298,predictive_dendrites,6.0526335055044456e-09
55160,0.1,298,hebbian,2.5792506467663715e+36
55160,0.1,298,bounded_hebbian,109.18921661376953
55160,0.1,299,predictive_dendrites,5.611183961917732e-09
55160,0.1,299,hebbian,3.44326608407473e+36
55160,0.1,299,bounded_hebbian,109.18921661376953
55160,0.1,300,predictive_dendrites,5.2013557905183916e-09
55160,0.1,300,hebbian,4.591731857956851e+36
55160,0.1,300,bounded_hebbian,109.18921661376953
55160,0.1,301,predictive_dendrites,4.835520872603638e-09
55160,0.1,301,hebbian,6.128170337767723e+36
55160,0.1,301,bounded_hebbian,109.18921661376953
55160,0.1,302,predictive_dendrites,4.487013427478814e-09
55160,0.1,302,hebbian,8.152501863681787e+36
55160,0.1,302,bounded_hebbian,109.18921661376953
55160,0.1,303,predictive_dendrites,4.159558919525352e-09
55160,0.1,303,hebbian,1.0873551906589688e+37
55160,0.1,303,bounded_hebbian,109.18921661376953
55160,0.1,304,predictive_dendrites,3.855569641331158e-09
55160,0.1,304,hebbian,1.4504652118353236e+37
55160,0.1,304,bounded_hebbian,109.18921661376953
55160,0.1,305,predictive_dendrites,3.5821468014063385e-09
55160,0.1,305,hebbian,1.930523860316454e+37
55160,0.1,305,bounded_hebbian,109.18921661376953
55160,0.1,306,predictive_dendrites,3.3281166711418564e-09
55160,0.1,306,hebbian,2.572431700657624e+37
55160,0.1,306,bounded_hebbian,109.18921661376953
55160,0.1,307,predictive_dendrites,3.0834390596368166e-09
55160,0.1,307,hebbian,3.43027038365131e+37
55160,0.1,307,bounded_hebbian,109.18921661376953
55160,0.1,308,predictive_dendrites,2.8648157179844702e-09
55160,0.1,308,hebbian,4.572602313191577e+37
55160,0.1,308,bounded_hebbian,109.18921661376953
55160,0.1,309,predictive_dendrites,2.653693709220306e-09
55160,0.1,309,hebbian,6.083249364037796e+37
55160,0.1,309,bounded_hebbian,109.18921661376953
55160,0.1,310,predictive_dendrites,2.4629414063781496e-09
55160,0.1,310,hebbian,8.086887761553733e+37
55160,0.1,310,bounded_hebbian,109.18921661376953
55160,0.1,311,predictive_dendrites,2.293014444987307e-09
55160,0.1,311,hebbian,inf
55160,0.1,311,bounded_hebbian,109.18921661376953
55160,0.1,312,predictive_dendrites,2.1291766127973233e-09
55160,0.1,312,hebbian,inf
55160,0.1,312,bounded_hebbian,109.18921661376953
55160,0.1,313,predictive_dendrites,1.9744970103374726e-09
55160,0.1,313,hebbian,inf
55160,0.1,313,bounded_hebbian,109.18921661376953
55160,0.1,314,predictive_dendrites,1.8311488991784586e-09
55160,0.1,314,hebbian,inf
55160,0.1,314,bounded_hebbian,109.18921661376953
55160,0.1,315,predictive_dendrites,1.702792351565563e-09
55160,0.1,315,hebbian,inf
55160,0.1,315,bounded_hebbian,109.18921661376953
55160,0.1,316,predictive_dendrites,1.5745753589868627e-09
55160,0.1,316,hebbian,inf
55160,0.1,316,bounded_hebbian,109.18921661376953
55160,0.1,317,predictive_dendrites,1.4606305054343238e-09
55160,0.1,317,hebbian,inf
55160,0.1,317,bounded_hebbian,109.18921661376953
55160,0.1,318,predictive_dendrites,1.3593510761467087e-09
55160,0.1,318,hebbian,inf
55160,0.1,318,bounded_hebbian,109.18921661376953
55160,0.1,319,predictive_dendrites,1.2555617656673235e-09
55160,0.1,319,hebbian,inf
55160,0.1,319,bounded_hebbian,109.18921661376953
55160,0.1,320,predictive_dendrites,1.167717034178395e-09
55160,0.1,320,hebbian,inf
55160,0.1,320,bounded_hebbian,109.18921661376953
55160,0.1,321,predictive_dendrites,1.0814205086973061e-09
55160,0.1,321,hebbian,inf
55160,0.1,321,bounded_hebbian,109.18921661376953
55160,0.1,322,predictive_dendrites,1.0039310494036613e-09
55160,0.1,322,hebbian,inf
55160,0.1,322,bounded_hebbian,109.18921661376953
55160,0.1,323,predictive_dendrites,9.3490959418574e-10
55160,0.1,323,hebbian,inf
55160,0.1,323,bounded_hebbian,109.18921661376953
55160,0.1,324,predictive_dendrites,8.648490257279207e-10
55160,0.1,324,hebbian,inf
55160,0.1,324,bounded_hebbian,109.18921661376953
55160,0.1,325,predictive_dendrites,8.042475574399077e-10
55160,0.1,325,hebbian,inf
55160,0.1,325,bounded_hebbian,109.18921661376953
55160,0.1,326,predictive_dendrites,7.459686757194106e-10
55160,0.1,326,hebbian,inf
55160,0.1,326,bounded_hebbian,109.18921661376953
55160,0.1,327,predictive_dendrites,6.979420930086633e-10
55160,0.1,327,hebbian,inf
55160,0.1,327,bounded_hebbian,109.18921661376953
55160,0.1,328,predictive_dendrites,6.43614717077412e-10
55160,0.1,328,hebbian,inf
55160,0.1,328,bounded_hebbian,109.18921661376953
55160,0.1,329,predictive_dendrites,5.988477491669641e-10
55160,0.1,329,hebbian,inf
55160,0.1,329,bounded_hebbian,109.18921661376953
55160,0.1,330,predictive_dendrites,5.542948877668152e-10
55160,0.1,330,hebbian,inf
55160,0.1,330,bounded_hebbian,109.18921661376953
55160,0.1,331,predictive_dendrites,5.129056623864869e-10
55160,0.1,331,hebbian,inf
55160,0.1,331,bounded_hebbian,109.18921661376953
55160,0.1,332,predictive_dendrites,4.781280926735576e-10
55160,0.1,332,hebbian,inf
55160,0.1,332,bounded_hebbian,109.18921661376953
55160,0.1,333,predictive_dendrites,4.408254317134208e-10
55160,0.1,333,hebbian,inf
55160,0.1,333,bounded_hebbian,109.18921661376953
55160,0.1,334,predictive_dendrites,4.112854501414631e-10
55160,0.1,334,hebbian,inf
55160,0.1,334,bounded_hebbian,109.18921661376953
55160,0.1,335,predictive_dendrites,3.802941850317154e-10
55160,0.1,335,hebbian,inf
55160,0.1,335,bounded_hebbian,109.18921661376953
55160,0.1,336,predictive_dendrites,3.526824388089267e-10
55160,0.1,336,hebbian,inf
55160,0.1,336,bounded_hebbian,109.18921661376953
55160,0.1,337,predictive_dendrites,3.253043112660947e-10
55160,0.1,337,hebbian,inf
55160,0.1,337,bounded_hebbian,109.18921661376953
55160,0.1,338,predictive_dendrites,3.041345508769666e-10
55160,0.1,338,hebbian,inf
55160,0.1,338,bounded_hebbian,109.18921661376953
55160,0.1,339,predictive_dendrites,2.806795351695257e-10
55160,0.1,339,hebbian,inf
55160,0.1,339,bounded_hebbian,109.18921661376953
55160,0.1,340,predictive_dendrites,2.610409943759606e-10
55160,0.1,340,hebbian,inf
55160,0.1,340,bounded_hebbian,109.18921661376953
55160,0.1,341,predictive_dendrites,2.430411705223179e-10
55160,0.1,341,hebbian,inf
55160,0.1,341,bounded_hebbian,109.18921661376953
55160,0.1,342,predictive_dendrites,2.2574388192087014e-10
55160,0.1,342,hebbian,inf
55160,0.1,342,bounded_hebbian,109.18921661376953
55160,0.1,343,predictive_dendrites,2.105835505972209e-10
55160,0.1,343,hebbian,inf
55160,0.1,343,bounded_hebbian,109.18921661376953
55160,0.1,344,predictive_dendrites,1.928457393773897e-10
55160,0.1,344,hebbian,inf
55160,0.1,344,bounded_hebbian,109.18921661376953
55160,0.1,345,predictive_dendrites,1.8065549056700547e-10
55160,0.1,345,hebbian,inf
55160,0.1,345,bounded_hebbian,109.18921661376953
55160,0.1,346,predictive_dendrites,1.6727064178212459e-10
55160,0.1,346,hebbian,inf
55160,0.1,346,bounded_hebbian,109.18921661376953
55160,0.1,347,predictive_dendrites,1.566764495919415e-10
55160,0.1,347,hebbian,inf
55160,0.1,347,bounded_hebbian,109.18921661376953
55160,0.1,348,predictive_dendrites,1.4270896964152513e-10
55160,0.1,348,hebbian,inf
55160,0.1,348,bounded_hebbian,109.18921661376953
55160,0.1,349,predictive_dendrites,1.3431035450484075e-10
55160,0.1,349,hebbian,inf
55160,0.1,349,bounded_hebbian,109.18921661376953
55160,0.1,350,predictive_dendrites,1.2417181172175162e-10
55160,0.1,350,hebbian,inf
55160,0.1,350,bounded_hebbian,109.18921661376953
55160,0.1,351,predictive_dendrites,1.1634874313992682e-10
55160,0.1,351,hebbian,inf
55160,0.1,351,bounded_hebbian,109.18921661376953
55160,0.1,352,predictive_dendrites,1.0754512558275309e-10
55160,0.1,352,hebbian,inf
55160,0.1,352,bounded_hebbian,109.18921661376953
55160,0.1,353,predictive_dendrites,1.0027628727371507e-10
55160,0.1,353,hebbian,inf
55160,0.1,353,bounded_hebbian,109.18921661376953
55160,0.1,354,predictive_dendrites,9.154994123905524e-11
55160,0.1,354,hebbian,inf
55160,0.1,354,bounded_hebbian,109.18921661376953
55160,0.1,355,predictive_dendrites,8.595443107273226e-11
55160,0.1,355,hebbian,inf
55160,0.1,355,bounded_hebbian,109.18921661376953
55160,0.1,356,predictive_dendrites,8.107034488169518e-11
55160,0.1,356,hebbian,inf
55160,0.1,356,bounded_hebbian,109.18921661376953
55160,0.1,357,predictive_dendrites,7.47820555480061e-11
55160,0.1,357,hebbian,inf
55160,0.1,357,bounded_hebbian,109.18921661376953
55160,0.1,358,predictive_dendrites,6.874955466029675e-11
55160,0.1,358,hebbian,inf
55160,0.1,358,bounded_hebbian,109.18921661376953
55160,0.1,359,predictive_dendrites,6.434775629005074e-11
55160,0.1,359,hebbian,inf
55160,0.1,359,bounded_hebbian,109.18921661376953
55160,0.1,360,predictive_dendrites,5.967595168021589e-11
55160,0.1,360,hebbian,inf
55160,0.1,360,bounded_hebbian,109.18921661376953
55160,0.1,361,predictive_dendrites,5.518177581542716e-11
55160,0.1,361,hebbian,inf
55160,0.1,361,bounded_hebbian,109.18921661376953
55160,0.1,362,predictive_dendrites,5.214155496258144e-11
55160,0.1,362,hebbian,inf
55160,0.1,362,bounded_hebbian,109.18921661376953
55160,0.1,363,predictive_dendrites,4.79493632299377e-11
55160,0.1,363,hebbian,inf
55160,0.1,363,bounded_hebbian,109.18921661376953
55160,0.1,364,predictive_dendrites,4.432827022116115e-11
55160,0.1,364,hebbian,inf
55160,0.1,364,bounded_hebbian,109.18921661376953
55160,0.1,365,predictive_dendrites,4.1230310832141015e-11
55160,0.1,365,hebbian,inf
55160,0.1,365,bounded_hebbian,109.18921661376953
55160,0.1,366,predictive_dendrites,3.824604175028945e-11
55160,0.1,366,hebbian,inf
55160,0.1,366,bounded_hebbian,109.18921661376953
55160,0.1,367,predictive_dendrites,3.60824495282408e-11
55160,0.1,367,hebbian,inf
55160,0.1,367,bounded_hebbian,109.18921661376953
55160,0.1,368,predictive_dendrites,3.3297132412402064e-11
55160,0.1,368,hebbian,inf
55160,0.1,368,bounded_hebbian,109.18921661376953
55160,0.1,369,predictive_dendrites,3.1282750695416084e-11
55160,0.1,369,hebbian,inf
55160,0.1,369,bounded_hebbian,109.18921661376953
55160,0.1,370,predictive_dendrites,2.8696385545590175e-11
55160,0.1,370,hebbian,inf
55160,0.1,370,bounded_hebbian,109.18921661376953
55160,0.1,371,predictive_dendrites,2.652657433988015e-11
55160,0.1,371,hebbian,inf
55160,0.1,371,bounded_hebbian,109.18921661376953
55160,0.1,372,predictive_dendrites,2.444380288457726e-11
55160,0.1,372,hebbian,inf
55160,0.1,372,bounded_hebbian,109.18921661376953
55160,0.1,373,predictive_dendrites,2.3009403410378937e-11
55160,0.1,373,hebbian,inf
55160,0.1,373,bounded_hebbian,109.18921661376953
55160,0.1,374,predictive_dendrites,2.1619411122442145e-11
55160,0.1,374,hebbian,inf
55160,0.1,374,bounded_hebbian,109.18921661376953
55160,0.1,375,predictive_dendrites,2.0273829490213835e-11
55160,0.1,375,hebbian,inf
55160,0.1,375,bounded_hebbian,109.18921661376953
55160,0.1,376,predictive_dendrites,1.8464616988178584e-11
55160,0.1,376,hebbian,inf
55160,0.1,376,bounded_hebbian,109.18921661376953
55160,0.1,377,predictive_dendrites,1.7225615031590813e-11
55160,0.1,377,hebbian,inf
55160,0.1,377,bounded_hebbian,109.18921661376953
55160,0.1,378,predictive_dendrites,1.603102199598805e-11
55160,0.1,378,hebbian,inf
55160,0.1,378,bounded_hebbian,109.18921661376953
55160,0.1,379,predictive_dendrites,1.4880836146646814e-11
55160,0.1,379,hebbian,inf
55160,0.1,379,bounded_hebbian,109.18921661376953
55160,0.1,380,predictive_dendrites,1.3992663798478855e-11
55160,0.1,380,hebbian,inf
55160,0.1,380,bounded_hebbian,109.18921661376953
55160,0.1,381,predictive_dendrites,1.292241487427237e-11
55160,0.1,381,hebbian,inf
55160,0.1,381,bounded_hebbian,109.18921661376953
55160,0.1,382,predictive_dendrites,1.2506753445384877e-11
55160,0.1,382,hebbian,inf
55160,0.1,382,bounded_hebbian,109.18921661376953
55160,0.1,383,predictive_dendrites,1.1498676143195663e-11
55160,0.1,383,hebbian,inf
55160,0.1,383,bounded_hebbian,109.18921661376953
55160,0.1,384,predictive_dendrites,1.0535007761991455e-11
55160,0.1,384,hebbian,inf
55160,0.1,384,bounded_hebbian,109.18921661376953
55160,0.1,385,predictive_dendrites,1.0161977162526092e-11
55160,0.1,385,hebbian,inf
55160,0.1,385,bounded_hebbian,109.18921661376953
55160,0.1,386,predictive_dendrites,9.615752638580943e-12
55160,0.1,386,hebbian,inf
55160,0.1,386,bounded_hebbian,109.18921661376953
55160,0.1,387,predictive_dendrites,8.74090123198501e-12
55160,0.1,387,hebbian,inf
55160,0.1,387,bounded_hebbian,109.18921661376953
55160,0.1,388,predictive_dendrites,8.237308404823729e-12
55160,0.1,388,hebbian,inf
55160,0.1,388,bounded_hebbian,109.18921661376953
55160,0.1,389,predictive_dendrites,8.072999733987896e-12
55160,0.1,389,hebbian,inf
55160,0.1,389,bounded_hebbian,109.18921661376953
55160,0.1,390,predictive_dendrites,7.278083517803235e-12
55160,0.1,390,hebbian,inf
55160,0.1,390,bounded_hebbian,109.18921661376953
55160,0.1,391,predictive_dendrites,7.124432554322935e-12
55160,0.1,391,hebbian,inf
55160,0.1,391,bounded_hebbian,109.18921661376953
55160,0.1,392,predictive_dendrites,6.382807043320282e-12
55160,0.1,392,hebbian,inf
55160,0.1,392,bounded_hebbian,109.18921661376953
55160,0.1,393,predictive_dendrites,5.821481751516755e-12
55160,0.1,393,hebbian,inf
55160,0.1,393,bounded_hebbian,109.18921661376953
55160,0.1,394,predictive_dendrites,5.551478547694e-12
55160,0.1,394,hebbian,inf
55160,0.1,394,bounded_hebbian,109.18921661376953
55160,0.1,395,predictive_dendrites,5.1597953340531966e-12
55160,0.1,395,hebbian,inf
55160,0.1,395,bounded_hebbian,109.18921661376953
55160,0.1,396,predictive_dendrites,4.662418454787209e-12
55160,0.1,396,hebbian,inf
55160,0.1,396,bounded_hebbian,109.18921661376953
55160,0.1,397,predictive_dendrites,4.42438924039279e-12
55160,0.1,397,hebbian,inf
55160,0.1,397,bounded_hebbian,109.18921661376953
55160,0.1,398,predictive_dendrites,4.308040469497287e-12
55160,0.1,398,hebbian,inf
55160,0.1,398,bounded_hebbian,109.18921661376953
55160,0.1,399,predictive_dendrites,3.969647093676754e-12
55160,0.1,399,hebbian,inf
55160,0.1,399,bounded_hebbian,109.18921661376953
55160,0.1,400,predictive_dendrites,3.752934161355137e-12
55160,0.1,400,hebbian,inf
55160,0.1,400,bounded_hebbian,109.18921661376953
55160,0.1,401,predictive_dendrites,3.543326439550687e-12
55160,0.1,401,hebbian,inf
55160,0.1,401,bounded_hebbian,109.18921661376953
55160,0.1,402,predictive_dendrites,3.2422361236766895e-12
55160,0.1,402,hebbian,inf
55160,0.1,402,bounded_hebbian,109.18921661376953
55160,0.1,403,predictive_dendrites,2.9571330193572942e-12
55160,0.1,403,hebbian,inf
55160,0.1,403,bounded_hebbian,109.18921661376953
55160,0.1,404,predictive_dendrites,2.865652593692092e-12
55160,0.1,404,hebbian,inf
55160,0.1,404,bounded_hebbian,109.18921661376953
55160,0.1,405,predictive_dendrites,2.7759485248662896e-12
55160,0.1,405,hebbian,inf
55160,0.1,405,bounded_hebbian,109.18921661376953
55160,0.1,406,predictive_dendrites,2.354065510232206e-12
55160,0.1,406,hebbian,inf
55160,0.1,406,bounded_hebbian,109.18921661376953
55160,0.1,407,predictive_dendrites,2.19774784308846e-12
55160,0.1,407,hebbian,inf
55160,0.1,407,bounded_hebbian,109.18921661376953
55160,0.1,408,predictive_dendrites,2.1222544121374254e-12
55160,0.1,408,hebbian,inf
55160,0.1,408,bounded_hebbian,109.18921661376953
55160,0.1,409,predictive_dendrites,1.8380388357164268e-12
55160,0.1,409,hebbian,inf
55160,0.1,409,bounded_hebbian,109.18921661376953
55160,0.1,410,predictive_dendrites,1.8380403535994683e-12
55160,0.1,410,hebbian,inf
55160,0.1,410,bounded_hebbian,109.18921661376953
55160,0.1,411,predictive_dendrites,1.7065914653668912e-12
55160,0.1,411,hebbian,inf
55160,0.1,411,bounded_hebbian,109.18921661376953
55160,0.1,412,predictive_dendrites,1.7065927664094982e-12
55160,0.1,412,hebbian,inf
55160,0.1,412,bounded_hebbian,109.18921661376953
55160,0.1,413,predictive_dendrites,1.7065940674521052e-12
55160,0.1,413,hebbian,inf
55160,0.1,413,bounded_hebbian,109.18921661376953
55160,0.1,414,predictive_dendrites,1.7065953684947122e-12
55160,0.1,414,hebbian,inf
55160,0.1,414,bounded_hebbian,109.18921661376953
55160,0.1,415,predictive_dendrites,1.7065965611171019e-12
55160,0.1,415,hebbian,inf
55160,0.1,415,bounded_hebbian,109.18921661376953
55160,0.1,416,predictive_dendrites,1.4090578747197324e-12
55160,0.1,416,hebbian,inf
55160,0.1,416,bounded_hebbian,109.18921661376953
55160,0.1,417,predictive_dendrites,1.409058958921905e-12
55160,0.1,417,hebbian,inf
55160,0.1,417,bounded_hebbian,109.18921661376953
55160,0.1,418,predictive_dendrites,1.4090599347038602e-12
55160,0.1,418,hebbian,inf
55160,0.1,418,bounded_hebbian,109.18921661376953
55160,0.1,419,predictive_dendrites,1.4090609104858154e-12
55160,0.1,419,hebbian,inf
55160,0.1,419,bounded_hebbian,109.18921661376953
55160,0.1,420,predictive_dendrites,1.3024803674835383e-12
55160,0.1,420,hebbian,inf
55160,0.1,420,bounded_hebbian,109.18921661376953
55160,0.1,421,predictive_dendrites,1.3024812348452763e-12
55160,0.1,421,hebbian,inf
55160,0.1,421,bounded_hebbian,109.18921661376953
55160,0.1,422,predictive_dendrites,1.3024821022070143e-12
55160,0.1,422,hebbian,inf
55160,0.1,422,bounded_hebbian,109.18921661376953
55160,0.1,423,predictive_dendrites,1.251856691225628e-12
55160,0.1,423,hebbian,inf
55160,0.1,423,bounded_hebbian,109.18921661376953
55160,0.1,424,predictive_dendrites,1.2030076370836418e-12
55160,0.1,424,hebbian,inf
55160,0.1,424,bounded_hebbian,109.18921661376953
55160,0.1,425,predictive_dendrites,1.2030083960251625e-12
55160,0.1,425,hebbian,inf
55160,0.1,425,bounded_hebbian,109.18921661376953
55160,0.1,426,predictive_dendrites,1.203009046546466e-12
55160,0.1,426,hebbian,inf
55160,0.1,426,bounded_hebbian,109.18921661376953
55160,0.1,427,predictive_dendrites,1.2030096970677695e-12
55160,0.1,427,hebbian,inf
55160,0.1,427,bounded_hebbian,109.18921661376953
55160,0.1,428,predictive_dendrites,1.203010347589073e-12
55160,0.1,428,hebbian,inf
55160,0.1,428,bounded_hebbian,109.18921661376953
55160,0.1,429,predictive_dendrites,1.2030108896901592e-12
55160,0.1,429,hebbian,inf
55160,0.1,429,bounded_hebbian,109.18921661376953
55160,0.1,430,predictive_dendrites,1.2030114317912455e-12
55160,0.1,430,hebbian,inf
55160,0.1,430,bounded_hebbian,109.18921661376953
55160,0.1,431,predictive_dendrites,1.2030119738923317e-12
55160,0.1,431,hebbian,inf
55160,0.1,431,bounded_hebbian,109.18921661376953
55160,0.1,432,predictive_dendrites,1.203012515993418e-12
55160,0.1,432,hebbian,inf
55160,0.1,432,bounded_hebbian,109.18921661376953
55160,0.1,433,predictive_dendrites,1.203012949674287e-12
55160,0.1,433,hebbian,inf
55160,0.1,433,bounded_hebbian,109.18921661376953
55160,0.1,434,predictive_dendrites,1.203013383355156e-12
55160,0.1,434,hebbian,inf
55160,0.1,434,bounded_hebbian,109.18921661376953
55160,0.1,435,predictive_dendrites,1.203013817036025e-12
55160,0.1,435,hebbian,inf
55160,0.1,435,bounded_hebbian,109.18921661376953
55160,0.1,436,predictive_dendrites,1.203014250716894e-12
55160,0.1,436,hebbian,inf
55160,0.1,436,bounded_hebbian,109.18921661376953
55160,0.1,437,predictive_dendrites,1.2030145759775457e-12
55160,0.1,437,hebbian,inf
55160,0.1,437,bounded_hebbian,109.18921661376953
55160,0.1,438,predictive_dendrites,1.2030150096584147e-12
55160,0.1,438,hebbian,inf
55160,0.1,438,bounded_hebbian,109.18921661376953
55160,0.1,439,predictive_dendrites,1.2030153349190664e-12
55160,0.1,439,hebbian,inf
55160,0.1,439,bounded_hebbian,109.18921661376953
55160,0.1,440,predictive_dendrites,1.2030156601797182e-12
55160,0.1,440,hebbian,inf
55160,0.1,440,bounded_hebbian,109.18921661376953
55160,0.1,441,predictive_dendrites,1.20301598544037e-12
55160,0.1,441,hebbian,inf
55160,0.1,441,bounded_hebbian,109.18921661376953
55160,0.1,442,predictive_dendrites,1.2030163107010217e-12
55160,0.1,442,hebbian,inf
55160,0.1,442,bounded_hebbian,109.18921661376953
55160,0.1,443,predictive_dendrites,1.2030165275414562e-12
55160,0.1,443,hebbian,inf
55160,0.1,443,bounded_hebbian,109.18921661376953
55160,0.1,444,predictive_dendrites,1.203016852802108e-12
55160,0.1,444,hebbian,inf
55160,0.1,444,bounded_hebbian,109.18921661376953
55160,0.1,445,predictive_dendrites,1.2030170696425424e-12
55160,0.1,445,hebbian,inf
55160,0.1,445,bounded_hebbian,109.18921661376953
55160,0.1,446,predictive_dendrites,1.2030173949031941e-12
55160,0.1,446,hebbian,inf
55160,0.1,446,bounded_hebbian,109.18921661376953
55160,0.1,447,predictive_dendrites,1.2030176117436286e-12
55160,0.1,447,hebbian,inf
55160,0.1,447,bounded_hebbian,109.18921661376953
55160,0.1,448,predictive_dendrites,1.2030178285840631e-12
55160,0.1,448,hebbian,inf
55160,0.1,448,bounded_hebbian,109.18921661376953
55160,0.1,449,predictive_dendrites,1.2030180454244976e-12
55160,0.1,449,hebbian,inf
55160,0.1,449,bounded_hebbian,109.18921661376953
55160,0.1,450,predictive_dendrites,1.2030182622649321e-12
55160,0.1,450,hebbian,inf
55160,0.1,450,bounded_hebbian,109.18921661376953
55160,0.1,451,predictive_dendrites,1.2030183706851494e-12
55160,0.1,451,hebbian,inf
55160,0.1,451,bounded_hebbian,109.18921661376953
55160,0.1,452,predictive_dendrites,1.2030185875255839e-12
55160,0.1,452,hebbian,inf
55160,0.1,452,bounded_hebbian,109.18921661376953
55160,0.1,453,predictive_dendrites,1.2030188043660184e-12
55160,0.1,453,hebbian,inf
55160,0.1,453,bounded_hebbian,109.18921661376953
55160,0.1,454,predictive_dendrites,1.2030189127862356e-12
55160,0.1,454,hebbian,inf
55160,0.1,454,bounded_hebbian,109.18921661376953
55160,0.1,455,predictive_dendrites,1.2030191296266701e-12
55160,0.1,455,hebbian,inf
55160,0.1,455,bounded_hebbian,109.18921661376953
55160,0.1,456,predictive_dendrites,1.2030192380468874e-12
55160,0.1,456,hebbian,inf
55160,0.1,456,bounded_hebbian,109.18921661376953
55160,0.1,457,predictive_dendrites,1.2030193464671046e-12
55160,0.1,457,hebbian,inf
55160,0.1,457,bounded_hebbian,109.18921661376953
55160,0.1,458,predictive_dendrites,1.2030194548873219e-12
55160,0.1,458,hebbian,inf
55160,0.1,458,bounded_hebbian,109.18921661376953
55160,0.1,459,predictive_dendrites,1.2030196717277564e-12
55160,0.1,459,hebbian,inf
55160,0.1,459,bounded_hebbian,109.18921661376953
55160,0.1,460,predictive_dendrites,1.2030197801479736e-12
55160,0.1,460,hebbian,inf
55160,0.1,460,bounded_hebbian,109.18921661376953
55160,0.1,461,predictive_dendrites,1.2030198885681909e-12
55160,0.1,461,hebbian,inf
55160,0.1,461,bounded_hebbian,109.18921661376953
55160,0.1,462,predictive_dendrites,1.2030199969884081e-12
55160,0.1,462,hebbian,inf
55160,0.1,462,bounded_hebbian,109.18921661376953
55160,0.1,463,predictive_dendrites,1.2030201054086254e-12
55160,0.1,463,hebbian,inf
55160,0.1,463,bounded_hebbian,109.18921661376953
55160,0.1,464,predictive_dendrites,1.2030202138288426e-12
55160,0.1,464,hebbian,inf
55160,0.1,464,bounded_hebbian,109.18921661376953
55160,0.1,465,predictive_dendrites,1.2030202138288426e-12
55160,0.1,465,hebbian,inf
55160,0.1,465,bounded_hebbian,109.18921661376953
55160,0.1,466,predictive_dendrites,1.2030203222490599e-12
55160,0.1,466,hebbian,inf
55160,0.1,466,bounded_hebbian,109.18921661376953
55160,0.1,467,predictive_dendrites,1.2030204306692771e-12
55160,0.1,467,hebbian,inf
55160,0.1,467,bounded_hebbian,109.18921661376953
55160,0.1,468,predictive_dendrites,1.2030205390894944e-12
55160,0.1,468,hebbian,inf
55160,0.1,468,bounded_hebbian,109.18921661376953
55160,0.1,469,predictive_dendrites,1.2030205390894944e-12
55160,0.1,469,hebbian,inf
55160,0.1,469,bounded_hebbian,109.18921661376953
55160,0.1,470,predictive_dendrites,1.2030206475097116e-12
55160,0.1,470,hebbian,inf
55160,0.1,470,bounded_hebbian,109.18921661376953
55160,0.1,471,predictive_dendrites,1.2030207559299289e-12
55160,0.1,471,hebbian,inf
55160,0.1,471,bounded_hebbian,109.18921661376953
55160,0.1,472,predictive_dendrites,1.2030207559299289e-12
55160,0.1,472,hebbian,inf
55160,0.1,472,bounded_hebbian,109.18921661376953
55160,0.1,473,predictive_dendrites,1.2030208643501461e-12
55160,0.1,473,hebbian,inf
55160,0.1,473,bounded_hebbian,109.18921661376953
55160,0.1,474,predictive_dendrites,1.2030208643501461e-12
55160,0.1,474,hebbian,inf
55160,0.1,474,bounded_hebbian,109.18921661376953
55160,0.1,475,predictive_dendrites,1.2030209727703634e-12
55160,0.1,475,hebbian,inf
55160,0.1,475,bounded_hebbian,109.18921661376953
55160,0.1,476,predictive_dendrites,1.2030209727703634e-12
55160,0.1,476,hebbian,inf
55160,0.1,476,bounded_hebbian,109.18921661376953
55160,0.1,477,predictive_dendrites,1.2030210811905806e-12
55160,0.1,477,hebbian,inf
55160,0.1,477,bounded_hebbian,109.18921661376953
55160,0.1,478,predictive_dendrites,1.2030210811905806e-12
55160,0.1,478,hebbian,inf
55160,0.1,478,bounded_hebbian,109.18921661376953
55160,0.1,479,predictive_dendrites,1.2030211896107978e-12
55160,0.1,479,hebbian,inf
55160,0.1,479,bounded_hebbian,109.18921661376953
55160,0.1,480,predictive_dendrites,1.2030211896107978e-12
55160,0.1,480,hebbian,inf
55160,0.1,480,bounded_hebbian,109.18921661376953
55160,0.1,481,predictive_dendrites,1.203021298031015e-12
55160,0.1,481,hebbian,inf
55160,0.1,481,bounded_hebbian,109.18921661376953
55160,0.1,482,predictive_dendrites,1.203021298031015e-12
55160,0.1,482,hebbian,inf
55160,0.1,482,bounded_hebbian,109.18921661376953
55160,0.1,483,predictive_dendrites,1.203021298031015e-12
55160,0.1,483,hebbian,inf
55160,0.1,483,bounded_hebbian,109.18921661376953
55160,0.1,484,predictive_dendrites,1.2030214064512323e-12
55160,0.1,484,hebbian,inf
55160,0.1,484,bounded_hebbian,109.18921661376953
55160,0.1,485,predictive_dendrites,1.2030214064512323e-12
55160,0.1,485,hebbian,inf
55160,0.1,485,bounded_hebbian,109.18921661376953
55160,0.1,486,predictive_dendrites,1.2030214064512323e-12
55160,0.1,486,hebbian,inf
55160,0.1,486,bounded_hebbian,109.18921661376953
55160,0.1,487,predictive_dendrites,1.2030214064512323e-12
55160,0.1,487,hebbian,inf
55160,0.1,487,bounded_hebbian,109.18921661376953
55160,0.1,488,predictive_dendrites,1.2030215148714496e-12
55160,0.1,488,hebbian,inf
55160,0.1,488,bounded_hebbian,109.18921661376953
55160,0.1,489,predictive_dendrites,1.2030215148714496e-12
55160,0.1,489,hebbian,inf
55160,0.1,489,bounded_hebbian,109.18921661376953
55160,0.1,490,predictive_dendrites,1.2030215148714496e-12
55160,0.1,490,hebbian,inf
55160,0.1,490,bounded_hebbian,109.18921661376953
55160,0.1,491,predictive_dendrites,1.2030215148714496e-12
55160,0.1,491,hebbian,inf
55160,0.1,491,bounded_hebbian,109.18921661376953
55160,0.1,492,predictive_dendrites,1.2030216232916668e-12
55160,0.1,492,hebbian,inf
55160,0.1,492,bounded_hebbian,109.18921661376953
55160,0.1,493,predictive_dendrites,1.2030216232916668e-12
55160,0.1,493,hebbian,inf
55160,0.1,493,bounded_hebbian,109.18921661376953
55160,0.1,494,predictive_dendrites,1.2030216232916668e-12
55160,0.1,494,hebbian,inf
55160,0.1,494,bounded_hebbian,109.18921661376953
55160,0.1,495,predictive_dendrites,1.2030216232916668e-12
55160,0.1,495,hebbian,inf
55160,0.1,495,bounded_hebbian,109.18921661376953
55160,0.1,496,predictive_dendrites,1.2030216232916668e-12
55160,0.1,496,hebbian,inf
55160,0.1,496,bounded_hebbian,109.18921661376953
55160,0.1,497,predictive_dendrites,1.203021731711884e-12
55160,0.1,497,hebbian,inf
55160,0.1,497,bounded_hebbian,109.18921661376953
55160,0.1,498,predictive_dendrites,1.203021731711884e-12
55160,0.1,498,hebbian,inf
55160,0.1,498,bounded_hebbian,109.18921661376953
55160,0.1,499,predictive_dendrites,1.203021731711884e-12
55160,0.1,499,hebbian,inf
55160,0.1,499,bounded_hebbian,109.18921661376953
55160,0.1,500,predictive_dendrites,1.203021731711884e-12
55160,0.1,500,hebbian,inf
55160,0.1,500,bounded_hebbian,109.18921661376953
4209,0.1,1,predictive_dendrites,0.6592429280281067
4209,0.1,1,hebbian,0.441910058259964
4209,0.1,1,bounded_hebbian,0.4752897024154663
4209,0.1,2,predictive_dendrites,0.32003480195999146
4209,0.1,2,hebbian,0.3644811511039734
4209,0.1,2,bounded_hebbian,0.3893206715583801
4209,0.1,3,predictive_dendrites,0.34098172187805176
4209,0.1,3,hebbian,0.28432875871658325
4209,0.1,3,bounded_hebbian,0.3042834997177124
4209,0.1,4,predictive_dendrites,0.3504382073879242
4209,0.1,4,hebbian,0.2054504156112671
4209,0.1,4,bounded_hebbian,0.22600269317626953
4209,0.1,5,predictive_dendrites,0.35412871837615967
4209,0.1,5,hebbian,0.13394194841384888
4209,0.1,5,bounded_hebbian,0.16286912560462952
4209,0.1,6,predictive_dendrites,0.35588207840919495
4209,0.1,6,hebbian,0.07880149781703949
4209,0.1,6,bounded_hebbian,0.12600262463092804
4209,0.1,7,predictive_dendrites,0.35325050354003906
4209,0.1,7,hebbian,0.05301285162568092
4209,0.1,7,bounded_hebbian,0.1288979947566986
4209,0.1,8,predictive_dendrites,0.3451700210571289
4209,0.1,8,hebbian,0.07500214129686356
4209,0.1,8,bounded_hebbian,0.184698224067688
4209,0.1,9,predictive_dendrites,0.33037859201431274
4209,0.1,9,hebbian,0.17059290409088135
4209,0.1,9,bounded_hebbian,0.30876362323760986
4209,0.1,10,predictive_dendrites,0.3166014552116394
4209,0.1,10,hebbian,0.37562495470046997
4209,0.1,10,bounded_hebbian,0.5257521867752075
4209,0.1,11,predictive_dendrites,0.30645352602005005
4209,0.1,11,hebbian,0.7394593954086304
4209,0.1,11,bounded_hebbian,0.8199891448020935
4209,0.1,12,predictive_dendrites,0.2964807152748108
4209,0.1,12,hebbian,1.329661250114441
4209,0.1,12,bounded_hebbian,1.1992748975753784
4209,0.1,13,predictive_dendrites,0.2868243455886841
4209,0.1,13,hebbian,2.2382545471191406
4209,0.1,13,bounded_hebbian,1.7166125774383545
4209,0.1,14,predictive_dendrites,0.27752164006233215
4209,0.1,14,hebbian,3.5900638103485107
4209,0.1,14,bounded_hebbian,2.3912744522094727
4209,0.1,15,predictive_dendrites,0.2686134874820709
4209,0.1,15,hebbian,5.553836822509766
4209,0.1,15,bounded_hebbian,3.2390477657318115
4209,0.1,16,predictive_dendrites,0.2602551281452179
4209,0.1,16,hebbian,8.357072830200195
4209,0.1,16,bounded_hebbian,4.224757671356201
4209,0.1,17,predictive_dendrites,0.2522605061531067
4209,0.1,17,hebbian,12.305765151977539
4209,0.1,17,bounded_hebbian,5.378570079803467
4209,0.1,18,predictive_dendrites,0.24462148547172546
4209,0.1,18,hebbian,17.81068992614746
4209,0.1,18,bounded_hebbian,6.701366424560547
4209,0.1,19,predictive_dendrites,0.23733410239219666
4209,0.1,19,hebbian,25.422405242919922
4209,0.1,19,bounded_hebbian,8.1616792678833
4209,0.1,20,predictive_dendrites,0.2304261177778244
4209,0.1,20,hebbian,35.87785339355469
4209,0.1,20,bounded_hebbian,9.835750579833984
4209,0.1,21,predictive_dendrites,0.22394916415214539
4209,0.1,21,hebbian,50.162288665771484
4209,0.1,21,bounded_hebbian,11.63798713684082
4209,0.1,22,predictive_dendrites,0.21777567267417908
4209,0.1,22,hebbian,69.59184265136719
4209,0.1,22,bounded_hebbian,13.569583892822266
4209,0.1,23,predictive_dendrites,0.21189811825752258
4209,0.1,23,hebbian,95.9231185913086
4209,0.1,23,bounded_hebbian,15.606874465942383
4209,0.1,24,predictive_dendrites,0.20630720257759094
4209,0.1,24,hebbian,131.49925231933594
4209,0.1,24,bounded_hebbian,17.841331481933594
4209,0.1,25,predictive_dendrites,0.20098984241485596
4209,0.1,25,hebbian,179.4440155029297
4209,0.1,25,bounded_hebbian,20.168851852416992
4209,0.1,26,predictive_dendrites,0.19593603909015656
4209,0.1,26,hebbian,243.92013549804688
4209,0.1,26,bounded_hebbian,22.52503776550293
4209,0.1,27,predictive_dendrites,0.19113203883171082
4209,0.1,27,hebbian,330.47283935546875
4209,0.1,27,bounded_hebbian,24.5148983001709
4209,0.1,28,predictive_dendrites,0.18656325340270996
4209,0.1,28,hebbian,446.4869384765625
4209,0.1,28,bounded_hebbian,26.12720489501953
4209,0.1,29,predictive_dendrites,0.18221431970596313
4209,0.1,29,hebbian,601.7947998046875
4209,0.1,29,bounded_hebbian,27.53567123413086
4209,0.1,30,predictive_dendrites,0.17807143926620483
4209,0.1,30,hebbian,809.4856567382812
4209,0.1,30,bounded_hebbian,28.69878387451172
4209,0.1,31,predictive_dendrites,0.1742170751094818
4209,0.1,31,hebbian,1086.9810791015625
4209,0.1,31,bounded_hebbian,29.663280487060547
4209,0.1,32,predictive_dendrites,0.17072270810604095
4209,0.1,32,hebbian,1457.4678955078125
4209,0.1,32,bounded_hebbian,30.518342971801758
4209,0.1,33,predictive_dendrites,0.16735975444316864
4209,0.1,33,hebbian,1951.802734375
4209,0.1,33,bounded_hebbian,31.43671417236328
4209,0.1,34,predictive_dendrites,0.1641129106283188
4209,0.1,34,hebbian,2611.04833984375
4209,0.1,34,bounded_hebbian,32.42496109008789
4209,0.1,35,predictive_dendrites,0.16096746921539307
4209,0.1,35,hebbian,3489.8466796875
4209,0.1,35,bounded_hebbian,33.44806671142578
4209,0.1,36,predictive_dendrites,0.15790939331054688
4209,0.1,36,hebbian,4660.91259765625
4209,0.1,36,bounded_hebbian,34.34663772583008
4209,0.1,37,predictive_dendrites,0.15505261719226837
4209,0.1,37,hebbian,6221.005859375
4209,0.1,37,bounded_hebbian,35.31031799316406
4209,0.1,38,predictive_dendrites,0.15244033932685852
4209,0.1,38,hebbian,8298.8935546875
4209,0.1,38,bounded_hebbian,36.355010986328125
4209,0.1,39,predictive_dendrites,0.14985214173793793
4209,0.1,39,hebbian,11065.935546875
4209,0.1,39,bounded_hebbian,37.48176193237305
4209,0.1,40,predictive_dendrites,0.147305428981781
4209,0.1,40,hebbian,14750.18359375
4209,0.1,40,bounded_hebbian,38.708866119384766
4209,0.1,41,predictive_dendrites,0.14482621848583221
4209,0.1,41,hebbian,19655.162109375
4209,0.1,41,bounded_hebbian,40.05671310424805
4209,0.1,42,predictive_dendrites,0.14233380556106567
4209,0.1,42,hebbian,26184.849609375
4209,0.1,42,bounded_hebbian,41.54033279418945
4209,0.1,43,predictive_dendrites,0.13982447981834412
4209,0.1,43,hebbian,34876.95703125
4209,0.1,43,bounded_hebbian,43.1146354675293
4209,0.1,44,predictive_dendrites,0.13729453086853027
4209,0.1,44,hebbian,46447.265625
4209,0.1,44,bounded_hebbian,44.721073150634766
4209,0.1,45,predictive_dendrites,0.13475459814071655
4209,0.1,45,hebbian,61848.609375
4209,0.1,45,bounded_hebbian,46.44997787475586
4209,0.1,46,predictive_dendrites,0.1322973519563675
4209,0.1,46,hebbian,82349.5078125
4209,0.1,46,bounded_hebbian,48.11643981933594
4209,0.1,47,predictive_dendrites,0.1298295259475708
4209,0.1,47,hebbian,109638.859375
4209,0.1,47,bounded_hebbian,49.722354888916016
4209,0.1,48,predictive_dendrites,0.12732213735580444
4209,0.1,48,hebbian,145965.296875
4209,0.1,48,bounded_hebbian,51.358333587646484
4209,0.1,49,predictive_dendrites,0.12477584928274155
4209,0.1,49,hebbian,194323.125
4209,0.1,49,bounded_hebbian,52.94316101074219
4209,0.1,50,predictive_dendrites,0.12219218164682388
4209,0.1,50,hebbian,258699.484375
4209,0.1,50,bounded_hebbian,54.522132873535156
4209,0.1,51,predictive_dendrites,0.1195731908082962
4209,0.1,51,hebbian,344404.25
4209,0.1,51,bounded_hebbian,55.79807662963867
4209,0.1,52,predictive_dendrites,0.11692744493484497
4209,0.1,52,hebbian,458509.0
4209,0.1,52,bounded_hebbian,56.99891662597656
4209,0.1,53,predictive_dendrites,0.11427809298038483
4209,0.1,53,hebbian,610432.375
4209,0.1,53,bounded_hebbian,58.11576461791992
4209,0.1,54,predictive_dendrites,0.11160420626401901
4209,0.1,54,hebbian,812719.3125
4209,0.1,54,bounded_hebbian,59.20378112792969
4209,0.1,55,predictive_dendrites,0.10890937596559525
4209,0.1,55,hebbian,1082080.5
4209,0.1,55,bounded_hebbian,60.392181396484375
4209,0.1,56,predictive_dendrites,0.10619759559631348
4209,0.1,56,hebbian,1440775.5
4209,0.1,56,bounded_hebbian,61.702022552490234
4209,0.1,57,predictive_dendrites,0.10347294062376022
4209,0.1,57,hebbian,1918459.5
4209,0.1,57,bounded_hebbian,63.14948272705078
4209,0.1,58,predictive_dendrites,0.10073971748352051
4209,0.1,58,hebbian,2554639.25
4209,0.1,58,bounded_hebbian,64.5177993774414
4209,0.1,59,predictive_dendrites,0.09800227731466293
4209,0.1,59,hebbian,3401951.5
4209,0.1,59,bounded_hebbian,65.9271240234375
4209,0.1,60,predictive_dendrites,0.09526491165161133
4209,0.1,60,hebbian,4530527.0
4209,0.1,60,bounded_hebbian,67.49061584472656
4209,0.1,61,predictive_dendrites,0.09253211319446564
4209,0.1,61,hebbian,6033813.5
4209,0.1,61,bounded_hebbian,69.1356201171875
4209,0.1,62,predictive_dendrites,0.08980811387300491
4209,0.1,62,hebbian,8036330.0
4209,0.1,62,bounded_hebbian,70.2442398071289
4209,0.1,63,predictive_dendrites,0.08709721267223358
4209,0.1,63,hebbian,10704008.0
4209,0.1,63,bounded_hebbian,71.32776641845703
4209,0.1,64,predictive_dendrites,0.08440349251031876
4209,0.1,64,hebbian,14257970.0
4209,0.1,64,bounded_hebbian,72.22022247314453
4209,0.1,65,predictive_dendrites,0.08173096925020218
4209,0.1,65,hebbian,18992904.0
4209,0.1,65,bounded_hebbian,73.20004272460938
4209,0.1,66,predictive_dendrites,0.0790754109621048
4209,0.1,66,hebbian,25301558.0
4209,0.1,66,bounded_hebbian,74.27864074707031
4209,0.1,67,predictive_dendrites,0.07644142955541611
4209,0.1,67,hebbian,33707368.0
4209,0.1,67,bounded_hebbian,75.42774200439453
4209,0.1,68,predictive_dendrites,0.07383976876735687
4209,0.1,68,hebbian,44908008.0
4209,0.1,68,bounded_hebbian,76.44194793701172
4209,0.1,69,predictive_dendrites,0.07127371430397034
4209,0.1,69,hebbian,59833384.0
4209,0.1,69,bounded_hebbian,77.57048797607422
4209,0.1,70,predictive_dendrites,0.06874740123748779
4209,0.1,70,hebbian,79722992.0
4209,0.1,70,bounded_hebbian,78.67271423339844
4209,0.1,71,predictive_dendrites,0.06628675013780594
4209,0.1,71,hebbian,106229088.0
4209,0.1,71,bounded_hebbian,79.29419708251953
4209,0.1,72,predictive_dendrites,0.063869409263134
4209,0.1,72,hebbian,141554144.0
4209,0.1,72,bounded_hebbian,79.47694396972656
4209,0.1,73,predictive_dendrites,0.061497680842876434
4209,0.1,73,hebbian,188634144.0
4209,0.1,73,bounded_hebbian,79.62483978271484
4209,0.1,74,predictive_dendrites,0.05917280912399292
4209,0.1,74,hebbian,251383088.0
4209,0.1,74,bounded_hebbian,79.78073120117188
4209,0.1,75,predictive_dendrites,0.05689727142453194
4209,0.1,75,hebbian,335018944.0
4209,0.1,75,bounded_hebbian,79.9450912475586
4209,0.1,76,predictive_dendrites,0.054673127830028534
4209,0.1,76,hebbian,446497984.0
4209,0.1,76,bounded_hebbian,80.11839294433594
4209,0.1,77,predictive_dendrites,0.05250179395079613
4209,0.1,77,hebbian,595094592.0
4209,0.1,77,bounded_hebbian,80.3011703491211
4209,0.1,78,predictive_dendrites,0.050384461879730225
4209,0.1,78,hebbian,793173632.0
4209,0.1,78,bounded_hebbian,80.49398803710938
4209,0.1,79,predictive_dendrites,0.048322100192308426
4209,0.1,79,hebbian,1057220800.0
4209,0.1,79,bounded_hebbian,80.69742584228516
4209,0.1,80,predictive_dendrites,0.0463155061006546
4209,0.1,80,hebbian,1409216512.0
4209,0.1,80,bounded_hebbian,80.91214752197266
4209,0.1,81,predictive_dendrites,0.04436521604657173
4209,0.1,81,hebbian,1878468352.0
4209,0.1,81,bounded_hebbian,81.1388168334961
4209,0.1,82,predictive_dendrites,0.04247166961431503
4209,0.1,82,hebbian,2504053760.0
4209,0.1,82,bounded_hebbian,81.37821197509766
4209,0.1,83,predictive_dendrites,0.04063508287072182
4209,0.1,83,hebbian,3338077696.0
4209,0.1,83,bounded_hebbian,81.63113403320312
4209,0.1,84,predictive_dendrites,0.038855504244565964
4209,0.1,84,hebbian,4450019328.0
4209,0.1,84,bounded_hebbian,81.8984375
4209,0.1,85,predictive_dendrites,0.037132833153009415
4209,0.1,85,hebbian,5932522496.0
4209,0.1,85,bounded_hebbian,82.18112182617188
4209,0.1,86,predictive_dendrites,0.03546685352921486
4209,0.1,86,hebbian,7909125120.0
4209,0.1,86,bounded_hebbian,82.48023223876953
4209,0.1,87,predictive_dendrites,0.03385714814066887
4209,0.1,87,hebbian,10544565248.0
4209,0.1,87,bounded_hebbian,82.79693603515625
4209,0.1,88,predictive_dendrites,0.03230325132608414
4209,0.1,88,hebbian,14058521600.0
4209,0.1,88,bounded_hebbian,83.13251495361328
4209,0.1,89,predictive_dendrites,0.030804524198174477
4209,0.1,89,hebbian,18743943168.0
4209,0.1,89,bounded_hebbian,83.4884262084961
4209,0.1,90,predictive_dendrites,0.02936025708913803
4209,0.1,90,hebbian,24991490048.0
4209,0.1,90,bounded_hebbian,83.86627197265625
4209,0.1,91,predictive_dendrites,0.02796976827085018
4209,0.1,91,hebbian,33322135552.0
4209,0.1,91,bounded_hebbian,84.27739715576172
4209,0.1,92,predictive_dendrites,0.026632007211446762
4209,0.1,92,hebbian,44430655488.0
4209,0.1,92,bounded_hebbian,84.71701049804688
4209,0.1,93,predictive_dendrites,0.02534601464867592
4209,0.1,93,hebbian,59243585536.0
4209,0.1,93,bounded_hebbian,85.1674575805664
4209,0.1,94,predictive_dendrites,0.024110736325383186
4209,0.1,94,hebbian,78996586496.0
4209,0.1,94,bounded_hebbian,85.29181671142578
4209,0.1,95,predictive_dendrites,0.022925084456801414
4209,0.1,95,hebbian,105337569280.0
4209,0.1,95,bounded_hebbian,85.4289779663086
4209,0.1,96,predictive_dendrites,0.02178790047764778
4209,0.1,96,hebbian,140464340992.0
4209,0.1,96,bounded_hebbian,85.58027648925781
4209,0.1,97,predictive_dendrites,0.02069799415767193
4209,0.1,97,hebbian,187308015616.0
4209,0.1,97,bounded_hebbian,85.7472152709961
4209,0.1,98,predictive_dendrites,0.019654151052236557
4209,0.1,98,hebbian,249777684480.0
4209,0.1,98,bounded_hebbian,85.93144989013672
4209,0.1,99,predictive_dendrites,0.018655043095350266
4209,0.1,99,hebbian,333087047680.0
4209,0.1,99,bounded_hebbian,86.13480377197266
4209,0.1,100,predictive_dendrites,0.0176994726061821
4209,0.1,100,hebbian,444189835264.0
4209,0.1,100,bounded_hebbian,86.3593521118164
4209,0.1,101,predictive_dendrites,0.01678609848022461
4209,0.1,101,hebbian,592359915520.0
4209,0.1,101,bounded_hebbian,86.6073226928711
4209,0.1,102,predictive_dendrites,0.01591363549232483
4209,0.1,102,hebbian,789966684160.0
4209,0.1,102,bounded_hebbian,86.88126373291016
4209,0.1,103,predictive_dendrites,0.015080735087394714
4209,0.1,103,hebbian,1053507584000.0
4209,0.1,103,bounded_hebbian,87.18399810791016
4209,0.1,104,predictive_dendrites,0.014286092482507229
4209,0.1,104,hebbian,1404986327040.0
4209,0.1,104,bounded_hebbian,87.51862335205078
4209,0.1,105,predictive_dendrites,0.013528399169445038
4209,0.1,105,hebbian,1873751441408.0
4209,0.1,105,bounded_hebbian,87.88866424560547
4209,0.1,106,predictive_dendrites,0.012806368991732597
4209,0.1,106,hebbian,2498946138112.0
4209,0.1,106,bounded_hebbian,88.2979965209961
4209,0.1,107,predictive_dendrites,0.012118681333959103
4209,0.1,107,hebbian,3332779278336.0
4209,0.1,107,bounded_hebbian,88.75101470947266
4209,0.1,108,predictive_dendrites,0.01146408636122942
4209,0.1,108,hebbian,4444890071040.0
4209,0.1,108,bounded_hebbian,89.2525863647461
4209,0.1,109,predictive_dendrites,0.010841291397809982
4209,0.1,109,hebbian,5928163737600.0
4209,0.1,109,bounded_hebbian,89.80817413330078
4209,0.1,110,predictive_dendrites,0.010249081067740917
4209,0.1,110,hebbian,7906484289536.0
4209,0.1,110,bounded_hebbian,90.42394256591797
4209,0.1,111,predictive_dendrites,0.009686240926384926
4209,0.1,111,hebbian,10545104158720.0
4209,0.1,111,bounded_hebbian,90.90245819091797
4209,0.1,112,predictive_dendrites,0.009151543490588665
4209,0.1,112,hebbian,14064439787520.0
4209,0.1,112,bounded_hebbian,90.90245819091797
4209,0.1,113,predictive_dendrites,0.008643876761198044
4209,0.1,113,hebbian,18758483574784.0
4209,0.1,113,bounded_hebbian,90.90245819091797
4209,0.1,114,predictive_dendrites,0.008162030950188637
4209,0.1,114,hebbian,25019390361600.0
4209,0.1,114,bounded_hebbian,90.90245819091797
4209,0.1,115,predictive_dendrites,0.007704956457018852
4209,0.1,115,hebbian,33370230751232.0
4209,0.1,115,bounded_hebbian,90.90245819091797
4209,0.1,116,predictive_dendrites,0.007271545007824898
4209,0.1,116,hebbian,44508704145408.0
4209,0.1,116,bounded_hebbian,90.90245819091797
4209,0.1,117,predictive_dendrites,0.006860734429210424
4209,0.1,117,hebbian,59365520310272.0
4209,0.1,117,bounded_hebbian,90.90245819091797
4209,0.1,118,predictive_dendrites,0.006471533328294754
4209,0.1,118,hebbian,79181975126016.0
4209,0.1,118,bounded_hebbian,90.90245819091797
4209,0.1,119,predictive_dendrites,0.0061029489152133465
4209,0.1,119,hebbian,105614000783360.0
4209,0.1,119,bounded_hebbian,90.90245819091797
4209,0.1,120,predictive_dendrites,0.005754007492214441
4209,0.1,120,hebbian,140870296797184.0
4209,0.1,120,bounded_hebbian,90.90245819091797
4209,0.1,121,predictive_dendrites,0.005423817317932844
4209,0.1,121,hebbian,187897252675584.0
4209,0.1,121,bounded_hebbian,90.90245819091797
4209,0.1,122,predictive_dendrites,0.005111465230584145
4209,0.1,122,hebbian,250624713162752.0
4209,0.1,122,bounded_hebbian,90.90245819091797
4209,0.1,123,predictive_dendrites,0.00481610419228673
4209,0.1,123,hebbian,334294954278912.0
4209,0.1,123,bounded_hebbian,90.90245819091797
4209,0.1,124,predictive_dendrites,0.004536902066320181
4209,0.1,124,hebbian,445900484771840.0
4209,0.1,124,bounded_hebbian,90.90245819091797
4209,0.1,125,predictive_dendrites,0.00427306117489934
4209,0.1,125,hebbian,594769218633728.0
4209,0.1,125,bounded_hebbian,90.90245819091797
4209,0.1,126,predictive_dendrites,0.004023824818432331
4209,0.1,126,hebbian,793343944556544.0
4209,0.1,126,bounded_hebbian,90.90245819091797
4209,0.1,127,predictive_dendrites,0.0037884549237787724
4209,0.1,127,hebbian,1058220885934080.0
4209,0.1,127,bounded_hebbian,90.90245819091797
4209,0.1,128,predictive_dendrites,0.0035662518348544836
4209,0.1,128,hebbian,1411540733394944.0
4209,0.1,128,bounded_hebbian,90.90245819091797
4209,0.1,129,predictive_dendrites,0.0033524876926094294
4209,0.1,129,hebbian,1882836353155072.0
4209,0.1,129,bounded_hebbian,90.90245819091797
4209,0.1,130,predictive_dendrites,0.0031499124597758055
4209,0.1,130,hebbian,2511500379947008.0
4209,0.1,130,bounded_hebbian,90.90245819091797
4209,0.1,131,predictive_dendrites,0.0029589456971734762
4209,0.1,131,hebbian,3350086033604608.0
4209,0.1,131,bounded_hebbian,90.90245819091797
4209,0.1,132,predictive_dendrites,0.0027789799496531487
4209,0.1,132,hebbian,4468696038768640.0
4209,0.1,132,bounded_hebbian,90.90245819091797
4209,0.1,133,predictive_dendrites,0.0026094347704201937
4209,0.1,133,hebbian,5960828343812096.0
4209,0.1,133,bounded_hebbian,90.90245819091797
4209,0.1,134,predictive_dendrites,0.002449749270454049
4209,0.1,134,hebbian,7951225173573632.0
4209,0.1,134,bounded_hebbian,90.90245819091797
4209,0.1,135,predictive_dendrites,0.0022993895690888166
4209,0.1,135,hebbian,1.0606275708583936e+16
4209,0.1,135,bounded_hebbian,90.90245819091797
4209,0.1,136,predictive_dendrites,0.002157853450626135
4209,0.1,136,hebbian,1.4147942248087552e+16
4209,0.1,136,bounded_hebbian,90.90245819091797
4209,0.1,137,predictive_dendrites,0.0020246661733835936
4209,0.1,137,hebbian,1.887232466930893e+16
4209,0.1,137,bounded_hebbian,90.90245819091797
4209,0.1,138,predictive_dendrites,0.0018993559060618281
4209,0.1,138,hebbian,2.517437957485363e+16
4209,0.1,138,bounded_hebbian,90.90245819091797
4209,0.1,139,predictive_dendrites,0.0017814971506595612
4209,0.1,139,hebbian,3.358094483311821e+16
4209,0.1,139,bounded_hebbian,90.90245819091797
4209,0.1,140,predictive_dendrites,0.0016706639435142279
4209,0.1,140,hebbian,4.479493264428237e+16
4209,0.1,140,bounded_hebbian,90.90245819091797
4209,0.1,141,predictive_dendrites,0.001566466293297708
4209,0.1,141,hebbian,5.975380122507674e+16
4209,0.1,141,bounded_hebbian,90.90245819091797
4209,0.1,142,predictive_dendrites,0.0014685388887301087
4209,0.1,142,hebbian,7.970831377157325e+16
4209,0.1,142,bounded_hebbian,90.90245819091797
4209,0.1,143,predictive_dendrites,0.001376517117023468
4209,0.1,143,hebbian,1.0632681167519744e+17
4209,0.1,143,bounded_hebbian,90.90245819091797
4209,0.1,144,predictive_dendrites,0.0012900574365630746
4209,0.1,144,hebbian,1.418349555786711e+17
4209,0.1,144,bounded_hebbian,90.90245819091797
4209,0.1,145,predictive_dendrites,0.0012088590301573277
4209,0.1,145,hebbian,1.8920152136626995e+17
4209,0.1,145,bounded_hebbian,90.90245819091797
4209,0.1,146,predictive_dendrites,0.0011326042003929615
4209,0.1,146,hebbian,2.5238748249718784e+17
4209,0.1,146,bounded_hebbian,90.90245819091797
4209,0.1,147,predictive_dendrites,0.0010610137833282351
4209,0.1,147,hebbian,3.3667503027021414e+17
4209,0.1,147,bounded_hebbian,90.90245819091797
4209,0.1,148,predictive_dendrites,0.0009938045404851437
4209,0.1,148,hebbian,4.4911222319795405e+17
4209,0.1,148,bounded_hebbian,90.90245819091797
4209,0.1,149,predictive_dendrites,0.0009307279251515865
4209,0.1,149,hebbian,5.991009336699126e+17
4209,0.1,149,bounded_hebbian,90.90245819091797
4209,0.1,150,predictive_dendrites,0.0008715491858310997
4209,0.1,150,hebbian,7.991812635995668e+17
4209,0.1,150,bounded_hebbian,90.90245819091797
4209,0.1,151,predictive_dendrites,0.0008160246070474386
4209,0.1,151,hebbian,1.0660865430110863e+18
4209,0.1,151,bounded_hebbian,90.90245819091797
4209,0.1,152,predictive_dendrites,0.0007639419054612517
4209,0.1,152,hebbian,1.4221319788654756e+18
4209,0.1,152,bounded_hebbian,90.90245819091797
4209,0.1,153,predictive_dendrites,0.0007151017780415714
4209,0.1,153,hebbian,1.8970880167158743e+18
4209,0.1,153,bounded_hebbian,90.90245819091797
4209,0.1,154,predictive_dendrites,0.0006693020113743842
4209,0.1,154,hebbian,2.5306738956404e+18
4209,0.1,154,bounded_hebbian,90.90245819091797
4209,0.1,155,predictive_dendrites,0.0006263647228479385
4209,0.1,155,hebbian,3.375867934155997e+18
4209,0.1,155,bounded_hebbian,90.90245819091797
4209,0.1,156,predictive_dendrites,0.0005861184326931834
4209,0.1,156,hebbian,4.503340692382155e+18
4209,0.1,156,bounded_hebbian,90.90245819091797
4209,0.1,157,predictive_dendrites,0.000548396841622889
4209,0.1,157,hebbian,6.007388486540198e+18
4209,0.1,157,bounded_hebbian,90.90245819091797
4209,0.1,158,predictive_dendrites,0.0005130533245392144
4209,0.1,158,hebbian,8.013739921510498e+18
4209,0.1,158,bounded_hebbian,90.90245819091797
4209,0.1,159,predictive_dendrites,0.00047993537737056613
4209,0.1,159,hebbian,1.0690215106307949e+19
4209,0.1,159,bounded_hebbian,90.90245819091797
4209,0.1,160,predictive_dendrites,0.000448915408924222
4209,0.1,160,hebbian,1.4260617433743098e+19
4209,0.1,160,bounded_hebbian,90.90245819091797
4209,0.1,161,predictive_dendrites,0.00041985511779785156
4209,0.1,161,hebbian,1.9024238366943085e+19
4209,0.1,161,bounded_hebbian,90.90245819091797
4209,0.1,162,predictive_dendrites,0.0003926407953258604
4209,0.1,162,hebbian,2.5378129146883867e+19
4209,0.1,162,bounded_hebbian,90.90245819091797
4209,0.1,163,predictive_dendrites,0.0003671548329293728
4209,0.1,163,hebbian,3.3856179634664636e+19
4209,0.1,163,bounded_hebbian,90.90245819091797
4209,0.1,164,predictive_dendrites,0.00034329111804254353
4209,0.1,164,hebbian,4.5162343353875956e+19
4209,0.1,164,bounded_hebbian,90.90245819091797
4209,0.1,165,predictive_dendrites,0.0003209556161891669
4209,0.1,165,hebbian,6.024786278928823e+19
4209,0.1,165,bounded_hebbian,90.90245819091797
4209,0.1,166,predictive_dendrites,0.00030004390282556415
4209,0.1,166,hebbian,8.037515321144875e+19
4209,0.1,166,bounded_hebbian,90.90245819091797
4209,0.1,167,predictive_dendrites,0.00028047303203493357
4209,0.1,167,hebbian,1.0721297420415874e+20
4209,0.1,167,bounded_hebbian,90.90245819091797
4209,0.1,168,predictive_dendrites,0.00026215906837023795
4209,0.1,168,hebbian,1.4301217560305703e+20
4209,0.1,168,bounded_hebbian,90.90245819091797
4209,0.1,169,predictive_dendrites,0.0002450223546475172
4209,0.1,169,hebbian,1.9077151264518177e+20
4209,0.1,169,bounded_hebbian,90.90245819091797
4209,0.1,170,predictive_dendrites,0.00022898578026797622
4209,0.1,170,hebbian,2.5449401689619562e+20
4209,0.1,170,bounded_hebbian,90.90245819091797
4209,0.1,171,predictive_dendrites,0.00021398636454250664
4209,0.1,171,hebbian,3.394938303632795e+20
4209,0.1,171,bounded_hebbian,90.90245819091797
4209,0.1,172,predictive_dendrites,0.00019995277398265898
4209,0.1,172,hebbian,4.528785304599124e+20
4209,0.1,172,bounded_hebbian,90.90245819091797
4209,0.1,173,predictive_dendrites,0.00018682745576370507
4209,0.1,173,hebbian,6.041192575711985e+20
4209,0.1,173,bounded_hebbian,90.90245819091797
4209,0.1,174,predictive_dendrites,0.00017455287161283195
4209,0.1,174,hebbian,8.057665938805731e+20
4209,0.1,174,bounded_hebbian,90.90245819091797
4209,0.1,175,predictive_dendrites,0.00016307379701174796
4209,0.1,175,hebbian,1.0748520976475887e+21
4209,0.1,175,bounded_hebbian,90.90245819091797
4209,0.1,176,predictive_dendrites,0.00015233995509333909
4209,0.1,176,hebbian,1.4336211584941535e+21
4209,0.1,176,bounded_hebbian,90.90245819091797
4209,0.1,177,predictive_dendrites,0.00014230153465177864
4209,0.1,177,hebbian,1.9120980788672956e+21
4209,0.1,177,bounded_hebbian,90.90245819091797
4209,0.1,178,predictive_dendrites,0.00013292039511725307
4209,0.1,178,hebbian,2.550426186626791e+21
4209,0.1,178,bounded_hebbian,90.90245819091797
4209,0.1,179,predictive_dendrites,0.00012414758384693414
4209,0.1,179,hebbian,3.4017264245398936e+21
4209,0.1,179,bounded_hebbian,90.90245819091797
4209,0.1,180,predictive_dendrites,0.00011594863462960348
4209,0.1,180,hebbian,4.537716927822618e+21
4209,0.1,180,bounded_hebbian,90.90245819091797
4209,0.1,181,predictive_dendrites,0.0001082850867533125
4209,0.1,181,hebbian,6.052595830705975e+21
4209,0.1,181,bounded_hebbian,90.90245819091797
4209,0.1,182,predictive_dendrites,0.0001011229760479182
4209,0.1,182,hebbian,8.073434167001062e+21
4209,0.1,182,bounded_hebbian,90.90245819091797
4209,0.1,183,predictive_dendrites,9.44298371905461e-05
4209,0.1,183,hebbian,1.0769141411057244e+22
4209,0.1,183,bounded_hebbian,90.90245819091797
4209,0.1,184,predictive_dendrites,8.817600610200316e-05
4209,0.1,184,hebbian,1.4365967149154548e+22
4209,0.1,184,bounded_hebbian,90.90245819091797
4209,0.1,185,predictive_dendrites,8.233021799242124e-05
4209,0.1,185,hebbian,1.916456381111688e+22
4209,0.1,185,bounded_hebbian,90.90245819091797
4209,0.1,186,predictive_dendrites,7.686835306230932e-05
4209,0.1,186,hebbian,2.5565081853335643e+22
4209,0.1,186,bounded_hebbian,90.90245819091797
4209,0.1,187,predictive_dendrites,7.176712824730203e-05
4209,0.1,187,hebbian,3.410497409994179e+22
4209,0.1,187,bounded_hebbian,90.90245819091797
4209,0.1,188,predictive_dendrites,6.70007721055299e-05
4209,0.1,188,hebbian,4.54952733637042e+22
4209,0.1,188,bounded_hebbian,90.90245819091797
4209,0.1,189,predictive_dendrites,6.254859908949584e-05
4209,0.1,189,hebbian,6.069613357437939e+22
4209,0.1,189,bounded_hebbian,90.90245819091797
4209,0.1,190,predictive_dendrites,5.8390545746078715e-05
4209,0.1,190,hebbian,8.097245148590932e+22
4209,0.1,190,bounded_hebbian,90.90245819091797
4209,0.1,191,predictive_dendrites,5.450434036902152e-05
4209,0.1,191,hebbian,1.0802497997237308e+23
4209,0.1,191,bounded_hebbian,90.90245819091797
4209,0.1,192,predictive_dendrites,5.087706813355908e-05
4209,0.1,192,hebbian,1.4410798231645208e+23
4209,0.1,192,bounded_hebbian,90.90245819091797
4209,0.1,193,predictive_dendrites,4.748883657157421e-05
4209,0.1,193,hebbian,1.9224915649003347e+23
4209,0.1,193,bounded_hebbian,90.90245819091797
4209,0.1,194,predictive_dendrites,4.432478817761876e-05
4209,0.1,194,hebbian,2.564736577104744e+23
4209,0.1,194,bounded_hebbian,90.90245819091797
4209,0.1,195,predictive_dendrites,4.1368624806636944e-05
4209,0.1,195,hebbian,3.4214869586969e+23
4209,0.1,195,bounded_hebbian,90.90245819091797
4209,0.1,196,predictive_dendrites,3.861010554828681e-05
4209,0.1,196,hebbian,4.564579807476973e+23
4209,0.1,196,bounded_hebbian,90.90245819091797
4209,0.1,197,predictive_dendrites,3.603306686272845e-05
4209,0.1,197,hebbian,6.089090074746428e+23
4209,0.1,197,bounded_hebbian,90.90245819091797
4209,0.1,198,predictive_dendrites,3.362813004059717e-05
4209,0.1,198,hebbian,8.123226955273188e+23
4209,0.1,198,bounded_hebbian,90.90245819091797
4209,0.1,199,predictive_dendrites,3.13817618007306e-05
4209,0.1,199,hebbian,1.0836934681716004e+24
4209,0.1,199,bounded_hebbian,90.90245819091797
4209,0.1,200,predictive_dendrites,2.9284981792443432e-05
4209,0.1,200,hebbian,1.445702750167618e+24
4209,0.1,200,bounded_hebbian,90.90245819091797
4209,0.1,201,predictive_dendrites,2.7327478164806962e-05
4209,0.1,201,hebbian,1.928672232971344e+24
4209,0.1,201,bounded_hebbian,90.90245819091797
4209,0.1,202,predictive_dendrites,2.5500527044641785e-05
4209,0.1,202,hebbian,2.5729386048037053e+24
4209,0.1,202,bounded_hebbian,90.90245819091797
4209,0.1,203,predictive_dendrites,2.3794214939698577e-05
4209,0.1,203,hebbian,3.4324678154523395e+24
4209,0.1,203,bounded_hebbian,90.90245819091797
4209,0.1,204,predictive_dendrites,2.220175701950211e-05
4209,0.1,204,hebbian,4.5790306697309036e+24
4209,0.1,204,bounded_hebbian,90.90245819091797
4209,0.1,205,predictive_dendrites,2.0715184291475452e-05
4209,0.1,205,hebbian,6.108683111026093e+24
4209,0.1,205,bounded_hebbian,90.90245819091797
4209,0.1,206,predictive_dendrites,1.9327799236634746e-05
4209,0.1,206,hebbian,8.14928615181144e+24
4209,0.1,206,bounded_hebbian,90.90245819091797
4209,0.1,207,predictive_dendrites,1.8032264051726088e-05
4209,0.1,207,hebbian,1.0871535585451512e+25
4209,0.1,207,bounded_hebbian,90.90245819091797
4209,0.1,208,predictive_dendrites,1.682455331319943e-05
4209,0.1,208,hebbian,1.450327060676521e+25
4209,0.1,208,bounded_hebbian,90.90245819091797
4209,0.1,209,predictive_dendrites,1.5696839909651317e-05
4209,0.1,209,hebbian,1.934828257345192e+25
4209,0.1,209,bounded_hebbian,90.90245819091797
4209,0.1,210,predictive_dendrites,1.4644267139374278e-05
4209,0.1,210,hebbian,2.5812563569986914e+25
4209,0.1,210,bounded_hebbian,90.90245819091797
4209,0.1,211,predictive_dendrites,1.3662083802046254e-05
4209,0.1,211,hebbian,3.4435113623145923e+25
4209,0.1,211,bounded_hebbian,90.90245819091797
4209,0.1,212,predictive_dendrites,1.2745545973302796e-05
4209,0.1,212,hebbian,4.5938489392453145e+25
4209,0.1,212,bounded_hebbian,90.90245819091797
4209,0.1,213,predictive_dendrites,1.1890380847034976e-05
4209,0.1,213,hebbian,6.128591759567644e+25
4209,0.1,213,bounded_hebbian,90.90245819091797
4209,0.1,214,predictive_dendrites,1.109210370486835e-05
4209,0.1,214,hebbian,8.17569381887446e+25
4209,0.1,214,bounded_hebbian,90.90245819091797
4209,0.1,215,predictive_dendrites,1.03472166301799e-05
4209,0.1,215,hebbian,1.090687447424212e+26
4209,0.1,215,bounded_hebbian,90.90245819091797
4209,0.1,216,predictive_dendrites,9.65215531323338e-06
4209,0.1,216,hebbian,1.4549923806033426e+26
4209,0.1,216,bounded_hebbian,90.90245819091797
4209,0.1,217,predictive_dendrites,9.003888408187777e-06
4209,0.1,217,hebbian,1.940985411582115e+26
4209,0.1,217,bounded_hebbian,90.90245819091797
4209,0.1,218,predictive_dendrites,8.398690624744631e-06
4209,0.1,218,hebbian,2.5893310963989364e+26
4209,0.1,218,bounded_hebbian,90.90245819091797
4209,0.1,219,predictive_dendrites,7.83497034717584e-06
4209,0.1,219,hebbian,3.454391897605309e+26
4209,0.1,219,bounded_hebbian,90.90245819091797
4209,0.1,220,predictive_dendrites,7.307953183044447e-06
4209,0.1,220,hebbian,4.608283700950433e+26
4209,0.1,220,bounded_hebbian,90.90245819091797
4209,0.1,221,predictive_dendrites,6.816580935264938e-06
4209,0.1,221,hebbian,6.147864456607254e+26
4209,0.1,221,bounded_hebbian,90.90245819091797
4209,0.1,222,predictive_dendrites,6.358407063089544e-06
4209,0.1,222,hebbian,8.201615737049159e+26
4209,0.1,222,bounded_hebbian,90.90245819091797
4209,0.1,223,predictive_dendrites,5.930606221227208e-06
4209,0.1,223,hebbian,1.0940974940869338e+27
4209,0.1,223,bounded_hebbian,90.90245819091797
4209,0.1,224,predictive_dendrites,5.531888291443465e-06
4209,0.1,224,hebbian,1.4595524341851077e+27
4209,0.1,224,bounded_hebbian,90.90245819091797
4209,0.1,225,predictive_dendrites,5.159353804629063e-06
4209,0.1,225,hebbian,1.9471279191042432e+27
4209,0.1,225,bounded_hebbian,90.90245819091797
4209,0.1,226,predictive_dendrites,4.812382940144744e-06
4209,0.1,226,hebbian,2.597550080114466e+27
4209,0.1,226,bounded_hebbian,90.90245819091797
4209,0.1,227,predictive_dendrites,4.488631020649336e-06
4209,0.1,227,hebbian,3.4651901788642006e+27
4209,0.1,227,bounded_hebbian,90.90245819091797
4209,0.1,228,predictive_dendrites,4.186189016763819e-06
4209,0.1,228,hebbian,4.6225790421638423e+27
4209,0.1,228,bounded_hebbian,90.90245819091797
4209,0.1,229,predictive_dendrites,3.904565801349236e-06
4209,0.1,229,hebbian,6.166539350011667e+27
4209,0.1,229,bounded_hebbian,90.90245819091797
4209,0.1,230,predictive_dendrites,3.6415915474208305e-06
4209,0.1,230,hebbian,8.225994068573258e+27
4209,0.1,230,bounded_hebbian,90.90245819091797
4209,0.1,231,predictive_dendrites,3.396350166440243e-06
4209,0.1,231,hebbian,1.0973728979646617e+28
4209,0.1,231,bounded_hebbian,90.90245819091797
4209,0.1,232,predictive_dendrites,3.1678985124017345e-06
4209,0.1,232,hebbian,1.4638979558226444e+28
4209,0.1,232,bounded_hebbian,90.90245819091797
4209,0.1,233,predictive_dendrites,2.954539922939148e-06
4209,0.1,233,hebbian,1.9529063247918446e+28
4209,0.1,233,bounded_hebbian,90.90245819091797
4209,0.1,234,predictive_dendrites,2.7555597625905648e-06
4209,0.1,234,hebbian,2.6050833171871016e+28
4209,0.1,234,bounded_hebbian,90.90245819091797
4209,0.1,235,predictive_dendrites,2.5697495402710047e-06
4209,0.1,235,hebbian,3.475332582448203e+28
4209,0.1,235,bounded_hebbian,90.90245819091797
4209,0.1,236,predictive_dendrites,2.3964512365637347e-06
4209,0.1,236,hebbian,4.636434996690811e+28
4209,0.1,236,bounded_hebbian,90.90245819091797
4209,0.1,237,predictive_dendrites,2.23515712605149e-06
4209,0.1,237,hebbian,6.18485977078196e+28
4209,0.1,237,bounded_hebbian,90.90245819091797
4209,0.1,238,predictive_dendrites,2.0846007373620523e-06
4209,0.1,238,hebbian,8.250671266866142e+28
4209,0.1,238,bounded_hebbian,90.90245819091797
4209,0.1,239,predictive_dendrites,1.9440831238171086e-06
4209,0.1,239,hebbian,1.1007586930618847e+29
4209,0.1,239,bounded_hebbian,90.90245819091797
4209,0.1,240,predictive_dendrites,1.813304493225587e-06
4209,0.1,240,hebbian,1.4685495340319358e+29
4209,0.1,240,bounded_hebbian,90.90245819091797
4209,0.1,241,predictive_dendrites,1.6909446003410267e-06
4209,0.1,241,hebbian,1.9589622875694766e+29
4209,0.1,241,bounded_hebbian,90.90245819091797
4209,0.1,242,predictive_dendrites,1.5771078096804558e-06
4209,0.1,242,hebbian,2.6131018482513494e+29
4209,0.1,242,bounded_hebbian,90.90245819091797
4209,0.1,243,predictive_dendrites,1.4707528634971823e-06
4209,0.1,243,hebbian,3.4861597409781374e+29
4209,0.1,243,bounded_hebbian,90.90245819091797
4209,0.1,244,predictive_dendrites,1.3715949762627133e-06
4209,0.1,244,hebbian,4.650536266350649e+29
4209,0.1,244,bounded_hebbian,90.90245819091797
4209,0.1,245,predictive_dendrites,1.2792700090358267e-06
4209,0.1,245,hebbian,6.204224684570934e+29
4209,0.1,245,bounded_hebbian,90.90245819091797
4209,0.1,246,predictive_dendrites,1.1931186918445746e-06
4209,0.1,246,hebbian,8.276794264881421e+29
4209,0.1,246,bounded_hebbian,90.90245819091797
4209,0.1,247,predictive_dendrites,1.1125619039376033e-06
4209,0.1,247,hebbian,1.1041640859800117e+30
4209,0.1,247,bounded_hebbian,90.90245819091797
4209,0.1,248,predictive_dendrites,1.0375434840170783e-06
4209,0.1,248,hebbian,1.4730706710342374e+30
4209,0.1,248,bounded_hebbian,90.90245819091797
4209,0.1,249,predictive_dendrites,9.674731700215489e-07
4209,0.1,249,hebbian,1.9648172664295977e+30
4209,0.1,249,bounded_hebbian,90.90245819091797
4209,0.1,250,predictive_dendrites,9.022189146890014e-07
4209,0.1,250,hebbian,2.6206740306803694e+30
4209,0.1,250,bounded_hebbian,90.90245819091797
4209,0.1,251,predictive_dendrites,8.414731951233989e-07
4209,0.1,251,hebbian,3.4966399189083766e+30
4209,0.1,251,bounded_hebbian,90.90245819091797
4209,0.1,252,predictive_dendrites,7.846881544537609e-07
4209,0.1,252,hebbian,4.6645746907573326e+30
4209,0.1,252,bounded_hebbian,90.90245819091797
4209,0.1,253,predictive_dendrites,7.316910455301695e-07
4209,0.1,253,hebbian,6.22314573368945e+30
4209,0.1,253,bounded_hebbian,90.90245819091797
4209,0.1,254,predictive_dendrites,6.824090519330639e-07
4209,0.1,254,hebbian,8.300463521272201e+30
4209,0.1,254,bounded_hebbian,90.90245819091797
4209,0.1,255,predictive_dendrites,6.363511033669056e-07
4209,0.1,255,hebbian,1.1073102852024133e+31
4209,0.1,255,bounded_hebbian,90.90245819091797
4209,0.1,256,predictive_dendrites,5.934838327448233e-07
4209,0.1,256,hebbian,1.4773598189496481e+31
4209,0.1,256,bounded_hebbian,90.90245819091797
4209,0.1,257,predictive_dendrites,5.534657816497202e-07
4209,0.1,257,hebbian,1.97116878134698e+31
4209,0.1,257,bounded_hebbian,90.90245819091797
4209,0.1,258,predictive_dendrites,5.161833200872934e-07
4209,0.1,258,hebbian,2.629640452145578e+31
4209,0.1,258,bounded_hebbian,90.90245819091797
4209,0.1,259,predictive_dendrites,4.814705789613072e-07
4209,0.1,259,hebbian,3.507828104244873e+31
4209,0.1,259,bounded_hebbian,90.90245819091797
4209,0.1,260,predictive_dendrites,4.489249363359704e-07
4209,0.1,260,hebbian,4.678044360900606e+31
4209,0.1,260,bounded_hebbian,90.90245819091797
4209,0.1,261,predictive_dendrites,4.1865115463224356e-07
4209,0.1,261,hebbian,6.242066027229329e+31
4209,0.1,261,bounded_hebbian,90.90245819091797
4209,0.1,262,predictive_dendrites,3.903698768681352e-07
4209,0.1,262,hebbian,8.3258208612312e+31
4209,0.1,262,bounded_hebbian,90.90245819091797
4209,0.1,263,predictive_dendrites,3.640795398496266e-07
4209,0.1,263,hebbian,1.1108043709632963e+32
4209,0.1,263,bounded_hebbian,90.90245819091797
4209,0.1,264,predictive_dendrites,3.395330452349299e-07
4209,0.1,264,hebbian,1.4824911287695188e+32
4209,0.1,264,bounded_hebbian,90.90245819091797
4209,0.1,265,predictive_dendrites,3.166708779644978e-07
4209,0.1,265,hebbian,1.9778320419654664e+32
4209,0.1,265,bounded_hebbian,90.90245819091797
4209,0.1,266,predictive_dendrites,2.953465809696354e-07
4209,0.1,266,hebbian,2.6386082638754795e+32
4209,0.1,266,bounded_hebbian,90.90245819091797
4209,0.1,267,predictive_dendrites,2.754923400516418e-07
4209,0.1,267,hebbian,3.518631403868179e+32
4209,0.1,267,bounded_hebbian,90.90245819091797
4209,0.1,268,predictive_dendrites,2.568610852904385e-07
4209,0.1,268,hebbian,4.6960129638567676e+32
4209,0.1,268,bounded_hebbian,90.90245819091797
4209,0.1,269,predictive_dendrites,2.39556129599805e-07
4209,0.1,269,hebbian,6.266065235744056e+32
4209,0.1,269,bounded_hebbian,90.90245819091797
4209,0.1,270,predictive_dendrites,2.2344924843764602e-07
4209,0.1,270,hebbian,8.356239175705884e+32
4209,0.1,270,bounded_hebbian,90.90245819091797
4209,0.1,271,predictive_dendrites,2.0835575753608282e-07
4209,0.1,271,hebbian,1.1147541734011412e+33
4209,0.1,271,bounded_hebbian,90.90245819091797
4209,0.1,272,predictive_dendrites,1.943295018236313e-07
4209,0.1,272,hebbian,1.486157539652433e+33
4209,0.1,272,bounded_hebbian,90.90245819091797
4209,0.1,273,predictive_dendrites,1.8124421785614686e-07
4209,0.1,273,hebbian,1.983171586839914e+33
4209,0.1,273,bounded_hebbian,90.90245819091797
4209,0.1,274,predictive_dendrites,1.6901589106055326e-07
4209,0.1,274,hebbian,2.645014874378165e+33
4209,0.1,274,bounded_hebbian,90.90245819091797
4209,0.1,275,predictive_dendrites,1.5758129734422255e-07
4209,0.1,275,hebbian,3.5278419098742196e+33
4209,0.1,275,bounded_hebbian,90.90245819091797
4209,0.1,276,predictive_dendrites,1.4706138529163582e-07
4209,0.1,276,hebbian,4.706285622416515e+33
4209,0.1,276,bounded_hebbian,90.90245819091797
4209,0.1,277,predictive_dendrites,1.3713152213767899e-07
4209,0.1,277,hebbian,6.277316640647363e+33
4209,0.1,277,bounded_hebbian,90.90245819091797
4209,0.1,278,predictive_dendrites,1.2782601288563455e-07
4209,0.1,278,hebbian,8.371845576296145e+33
4209,0.1,278,bounded_hebbian,90.90245819091797
4209,0.1,279,predictive_dendrites,1.1925098419851565e-07
4209,0.1,279,hebbian,1.11713640331574e+34
4209,0.1,279,bounded_hebbian,90.90245819091797
4209,0.1,280,predictive_dendrites,1.1120247478402234e-07
4209,0.1,280,hebbian,1.4893454828416007e+34
4209,0.1,280,bounded_hebbian,90.90245819091797
4209,0.1,281,predictive_dendrites,1.0368471947685975e-07
4209,0.1,281,hebbian,1.9885740190683574e+34
4209,0.1,281,bounded_hebbian,90.90245819091797
4209,0.1,282,predictive_dendrites,9.671750689221881e-08
4209,0.1,282,hebbian,2.6532939697728977e+34
4209,0.1,282,bounded_hebbian,90.90245819091797
4209,0.1,283,predictive_dendrites,9.021492530791875e-08
4209,0.1,283,hebbian,3.5422497988154464e+34
4209,0.1,283,bounded_hebbian,90.90245819091797
4209,0.1,284,predictive_dendrites,8.409740814840916e-08
4209,0.1,284,hebbian,4.728843799091387e+34
4209,0.1,284,bounded_hebbian,90.90245819091797
4209,0.1,285,predictive_dendrites,7.844855787197957e-08
4209,0.1,285,hebbian,6.312533063708938e+34
4209,0.1,285,bounded_hebbian,90.90245819091797
4209,0.1,286,predictive_dendrites,7.316496208886747e-08
4209,0.1,286,hebbian,8.42879106569128e+34
4209,0.1,286,bounded_hebbian,90.90245819091797
4209,0.1,287,predictive_dendrites,6.824323151022327e-08
4209,0.1,287,hebbian,1.1243401249571464e+35
4209,0.1,287,bounded_hebbian,90.90245819091797
4209,0.1,288,predictive_dendrites,6.365944926756129e-08
4209,0.1,288,hebbian,1.5012788039206984e+35
4209,0.1,288,bounded_hebbian,90.90245819091797
4209,0.1,289,predictive_dendrites,5.938699842999995e-08
4209,0.1,289,hebbian,2.003481763438647e+35
4209,0.1,289,bounded_hebbian,90.90245819091797
4209,0.1,290,predictive_dendrites,5.53785461931966e-08
4209,0.1,290,hebbian,2.672726409745576e+35
4209,0.1,290,bounded_hebbian,90.90245819091797
4209,0.1,291,predictive_dendrites,5.162163674299336e-08
4209,0.1,291,hebbian,3.565477267772558e+35
4209,0.1,291,bounded_hebbian,90.90245819091797
4209,0.1,292,predictive_dendrites,4.8170644362244275e-08
4209,0.1,292,hebbian,4.750478633429157e+35
4209,0.1,292,bounded_hebbian,90.90245819091797
4209,0.1,293,predictive_dendrites,4.4911114827073106e-08
4209,0.1,293,hebbian,6.3381222746729985e+35
4209,0.1,293,bounded_hebbian,90.90245819091797
4209,0.1,294,predictive_dendrites,4.1889194335453794e-08
4209,0.1,294,hebbian,8.461002859724705e+35
4209,0.1,294,bounded_hebbian,90.90245819091797
4209,0.1,295,predictive_dendrites,3.9073235313935584e-08
4209,0.1,295,hebbian,1.1296013107029873e+36
4209,0.1,295,bounded_hebbian,90.90245819091797
4209,0.1,296,predictive_dendrites,3.643431156774568e-08
4209,0.1,296,hebbian,1.508387115047397e+36
4209,0.1,296,bounded_hebbian,90.90245819091797
4209,0.1,297,predictive_dendrites,3.398150738576078e-08
4209,0.1,297,hebbian,2.0119453118992332e+36
4209,0.1,297,bounded_hebbian,90.90245819091797
4209,0.1,298,predictive_dendrites,3.171495421838699e-08
4209,0.1,298,hebbian,2.688949960583622e+36
4209,0.1,298,bounded_hebbian,90.90245819091797
4209,0.1,299,predictive_dendrites,2.957204436881966e-08
4209,0.1,299,hebbian,3.582222139919948e+36
4209,0.1,299,bounded_hebbian,90.90245819091797
4209,0.1,300,predictive_dendrites,2.7604604824205126e-08
4209,0.1,300,hebbian,4.777084242683072e+36
4209,0.1,300,bounded_hebbian,90.90245819091797
4209,0.1,301,predictive_dendrites,2.5731846875487463e-08
4209,0.1,301,hebbian,6.375051630415172e+36
4209,0.1,301,bounded_hebbian,90.90245819091797
4209,0.1,302,predictive_dendrites,2.401254484141191e-08
4209,0.1,302,hebbian,8.506070532320344e+36
4209,0.1,302,bounded_hebbian,90.90245819091797
4209,0.1,303,predictive_dendrites,2.239737106890516e-08
4209,0.1,303,hebbian,1.133846149657279e+37
4209,0.1,303,bounded_hebbian,90.90245819091797
4209,0.1,304,predictive_dendrites,2.090119544106983e-08
4209,0.1,304,hebbian,1.512942766083232e+37
4209,0.1,304,bounded_hebbian,90.90245819091797
4209,0.1,305,predictive_dendrites,1.9504618364862836e-08
4209,0.1,305,hebbian,2.018410076430277e+37
4209,0.1,305,bounded_hebbian,90.90245819091797
4209,0.1,306,predictive_dendrites,1.815803507554392e-08
4209,0.1,306,hebbian,2.692583173968936e+37
4209,0.1,306,bounded_hebbian,90.90245819091797
4209,0.1,307,predictive_dendrites,1.6942790281859743e-08
4209,0.1,307,hebbian,3.597880413664087e+37
4209,0.1,307,bounded_hebbian,90.90245819091797
4209,0.1,308,predictive_dendrites,1.5801290942363266e-08
4209,0.1,308,hebbian,4.80434354766026e+37
4209,0.1,308,bounded_hebbian,90.90245819091797
4209,0.1,309,predictive_dendrites,1.4745442200592151e-08
4209,0.1,309,hebbian,6.401849510573877e+37
4209,0.1,309,bounded_hebbian,90.90245819091797
4209,0.1,310,predictive_dendrites,1.376368974348452e-08
4209,0.1,310,hebbian,inf
4209,0.1,310,bounded_hebbian,90.90245819091797
4209,0.1,311,predictive_dendrites,1.2825309703146104e-08
4209,0.1,311,hebbian,inf
4209,0.1,311,bounded_hebbian,90.90245819091797
4209,0.1,312,predictive_dendrites,1.1982665526488745e-08
4209,0.1,312,hebbian,inf
4209,0.1,312,bounded_hebbian,90.90245819091797
4209,0.1,313,predictive_dendrites,1.115837200416081e-08
4209,0.1,313,hebbian,inf
4209,0.1,313,bounded_hebbian,90.90245819091797
4209,0.1,314,predictive_dendrites,1.0415245554895591e-08
4209,0.1,314,hebbian,inf
4209,0.1,314,bounded_hebbian,90.90245819091797
4209,0.1,315,predictive_dendrites,9.718759130805665e-09
4209,0.1,315,hebbian,inf
4209,0.1,315,bounded_hebbian,90.90245819091797
4209,0.1,316,predictive_dendrites,9.062003591964185e-09
4209,0.1,316,hebbian,inf
4209,0.1,316,bounded_hebbian,90.90245819091797
4209,0.1,317,predictive_dendrites,8.448525434801013e-09
4209,0.1,317,hebbian,inf
4209,0.1,317,bounded_hebbian,90.90245819091797
4209,0.1,318,predictive_dendrites,7.87693110737564e-09
4209,0.1,318,hebbian,inf
4209,0.1,318,bounded_hebbian,90.90245819091797
4209,0.1,319,predictive_dendrites,7.341511398806233e-09
4209,0.1,319,hebbian,inf
4209,0.1,319,bounded_hebbian,90.90245819091797
4209,0.1,320,predictive_dendrites,6.847911571128407e-09
4209,0.1,320,hebbian,inf
4209,0.1,320,bounded_hebbian,90.90245819091797
4209,0.1,321,predictive_dendrites,6.385269646358438e-09
4209,0.1,321,hebbian,inf
4209,0.1,321,bounded_hebbian,90.90245819091797
4209,0.1,322,predictive_dendrites,5.952130344155648e-09
4209,0.1,322,hebbian,inf
4209,0.1,322,bounded_hebbian,90.90245819091797
4209,0.1,323,predictive_dendrites,5.562275529058525e-09
4209,0.1,323,hebbian,inf
4209,0.1,323,bounded_hebbian,90.90245819091797
4209,0.1,324,predictive_dendrites,5.188688589896628e-09
4209,0.1,324,hebbian,inf
4209,0.1,324,bounded_hebbian,90.90245819091797
4209,0.1,325,predictive_dendrites,4.848449641770003e-09
4209,0.1,325,hebbian,inf
4209,0.1,325,bounded_hebbian,90.90245819091797
4209,0.1,326,predictive_dendrites,4.5179580077103765e-09
4209,0.1,326,hebbian,inf
4209,0.1,326,bounded_hebbian,90.90245819091797
4209,0.1,327,predictive_dendrites,4.2158303514838735e-09
4209,0.1,327,hebbian,inf
4209,0.1,327,bounded_hebbian,90.90245819091797
4209,0.1,328,predictive_dendrites,3.927804748116159e-09
4209,0.1,328,hebbian,inf
4209,0.1,328,bounded_hebbian,90.90245819091797
4209,0.1,329,predictive_dendrites,3.6677785253402817e-09
4209,0.1,329,hebbian,inf
4209,0.1,329,bounded_hebbian,90.90245819091797
4209,0.1,330,predictive_dendrites,3.4248321956198424e-09
4209,0.1,330,hebbian,inf
4209,0.1,330,bounded_hebbian,90.90245819091797
4209,0.1,331,predictive_dendrites,3.191938269253569e-09
4209,0.1,331,hebbian,inf
4209,0.1,331,bounded_hebbian,90.90245819091797
4209,0.1,332,predictive_dendrites,2.974362756091864e-09
4209,0.1,332,hebbian,inf
4209,0.1,332,bounded_hebbian,90.90245819091797
4209,0.1,333,predictive_dendrites,2.781239905047528e-09
4209,0.1,333,hebbian,inf
4209,0.1,333,bounded_hebbian,90.90245819091797
4209,0.1,334,predictive_dendrites,2.5879756115898545e-09
4209,0.1,334,hebbian,inf
4209,0.1,334,bounded_hebbian,90.90245819091797
4209,0.1,335,predictive_dendrites,2.4158615108405e-09
4209,0.1,335,hebbian,inf
4209,0.1,335,bounded_hebbian,90.90245819091797
4209,0.1,336,predictive_dendrites,2.2483297446029837e-09
4209,0.1,336,hebbian,inf
4209,0.1,336,bounded_hebbian,90.90245819091797
4209,0.1,337,predictive_dendrites,2.101377738483734e-09
4209,0.1,337,hebbian,inf
4209,0.1,337,bounded_hebbian,90.90245819091797
4209,0.1,338,predictive_dendrites,1.961955042872887e-09
4209,0.1,338,hebbian,inf
4209,0.1,338,bounded_hebbian,90.90245819091797
4209,0.1,339,predictive_dendrites,1.827350604166611e-09
4209,0.1,339,hebbian,inf
4209,0.1,339,bounded_hebbian,90.90245819091797
4209,0.1,340,predictive_dendrites,1.7064374358000123e-09
4209,0.1,340,hebbian,inf
4209,0.1,340,bounded_hebbian,90.90245819091797
4209,0.1,341,predictive_dendrites,1.5966479249840404e-09
4209,0.1,341,hebbian,inf
4209,0.1,341,bounded_hebbian,90.90245819091797
4209,0.1,342,predictive_dendrites,1.4832158834465758e-09
4209,0.1,342,hebbian,inf
4209,0.1,342,bounded_hebbian,90.90245819091797
4209,0.1,343,predictive_dendrites,1.3857649472370781e-09
4209,0.1,343,hebbian,inf
4209,0.1,343,bounded_hebbian,90.90245819091797
4209,0.1,344,predictive_dendrites,1.292202345126725e-09
4209,0.1,344,hebbian,inf
4209,0.1,344,bounded_hebbian,90.90245819091797
4209,0.1,345,predictive_dendrites,1.207387523294301e-09
4209,0.1,345,hebbian,inf
4209,0.1,345,bounded_hebbian,90.90245819091797
4209,0.1,346,predictive_dendrites,1.1249893239195785e-09
4209,0.1,346,hebbian,inf
4209,0.1,346,bounded_hebbian,90.90245819091797
4209,0.1,347,predictive_dendrites,1.0488218071813549e-09
4209,0.1,347,hebbian,inf
4209,0.1,347,bounded_hebbian,90.90245819091797
4209,0.1,348,predictive_dendrites,9.820565471940768e-10
4209,0.1,348,hebbian,inf
4209,0.1,348,bounded_hebbian,90.90245819091797
4209,0.1,349,predictive_dendrites,9.108778731281575e-10
4209,0.1,349,hebbian,inf
4209,0.1,349,bounded_hebbian,90.90245819091797
4209,0.1,350,predictive_dendrites,8.551179764282324e-10
4209,0.1,350,hebbian,inf
4209,0.1,350,bounded_hebbian,90.90245819091797
4209,0.1,351,predictive_dendrites,7.916727273737934e-10
4209,0.1,351,hebbian,inf
4209,0.1,351,bounded_hebbian,90.90245819091797
4209,0.1,352,predictive_dendrites,7.397675250153668e-10
4209,0.1,352,hebbian,inf
4209,0.1,352,bounded_hebbian,90.90245819091797
4209,0.1,353,predictive_dendrites,6.910171879148663e-10
4209,0.1,353,hebbian,inf
4209,0.1,353,bounded_hebbian,90.90245819091797
4209,0.1,354,predictive_dendrites,6.432580579307512e-10
4209,0.1,354,hebbian,inf
4209,0.1,354,bounded_hebbian,90.90245819091797
4209,0.1,355,predictive_dendrites,6.000570040853859e-10
4209,0.1,355,hebbian,inf
4209,0.1,355,bounded_hebbian,90.90245819091797
4209,0.1,356,predictive_dendrites,5.637313948980704e-10
4209,0.1,356,hebbian,inf
4209,0.1,356,bounded_hebbian,90.90245819091797
4209,0.1,357,predictive_dendrites,5.243708800506397e-10
4209,0.1,357,hebbian,inf
4209,0.1,357,bounded_hebbian,90.90245819091797
4209,0.1,358,predictive_dendrites,4.885843951640823e-10
4209,0.1,358,hebbian,inf
4209,0.1,358,bounded_hebbian,90.90245819091797
4209,0.1,359,predictive_dendrites,4.5406264859160217e-10
4209,0.1,359,hebbian,inf
4209,0.1,359,bounded_hebbian,90.90245819091797
4209,0.1,360,predictive_dendrites,4.246603624302736e-10
4209,0.1,360,hebbian,inf
4209,0.1,360,bounded_hebbian,90.90245819091797
4209,0.1,361,predictive_dendrites,3.9573061494380113e-10
4209,0.1,361,hebbian,inf
4209,0.1,361,bounded_hebbian,90.90245819091797
4209,0.1,362,predictive_dendrites,3.694325401149001e-10
4209,0.1,362,hebbian,inf
4209,0.1,362,bounded_hebbian,90.90245819091797
4209,0.1,363,predictive_dendrites,3.4550146077449995e-10
4209,0.1,363,hebbian,inf
4209,0.1,363,bounded_hebbian,90.90245819091797
4209,0.1,364,predictive_dendrites,3.19097664958079e-10
4209,0.1,364,hebbian,inf
4209,0.1,364,bounded_hebbian,90.90245819091797
4209,0.1,365,predictive_dendrites,2.985434399693787e-10
4209,0.1,365,hebbian,inf
4209,0.1,365,bounded_hebbian,90.90245819091797
4209,0.1,366,predictive_dendrites,2.786748887206869e-10
4209,0.1,366,hebbian,inf
4209,0.1,366,bounded_hebbian,90.90245819091797
4209,0.1,367,predictive_dendrites,2.6043259215846604e-10
4209,0.1,367,hebbian,inf
4209,0.1,367,bounded_hebbian,90.90245819091797
4209,0.1,368,predictive_dendrites,2.422817779734743e-10
4209,0.1,368,hebbian,inf
4209,0.1,368,bounded_hebbian,90.90245819091797
4209,0.1,369,predictive_dendrites,2.268665394433711e-10
4209,0.1,369,hebbian,inf
4209,0.1,369,bounded_hebbian,90.90245819091797
4209,0.1,370,predictive_dendrites,2.1351810597369791e-10
4209,0.1,370,hebbian,inf
4209,0.1,370,bounded_hebbian,90.90245819091797
4209,0.1,371,predictive_dendrites,1.9892799907328396e-10
4209,0.1,371,hebbian,inf
4209,0.1,371,bounded_hebbian,90.90245819091797
4209,0.1,372,predictive_dendrites,1.8514791089163651e-10
4209,0.1,372,hebbian,inf
4209,0.1,372,bounded_hebbian,90.90245819091797
4209,0.1,373,predictive_dendrites,1.7125946494278566e-10
4209,0.1,373,hebbian,inf
4209,0.1,373,bounded_hebbian,90.90245819091797
4209,0.1,374,predictive_dendrites,1.617550537957868e-10
4209,0.1,374,hebbian,inf
4209,0.1,374,bounded_hebbian,90.90245819091797
4209,0.1,375,predictive_dendrites,1.5123191587917972e-10
4209,0.1,375,hebbian,inf
4209,0.1,375,bounded_hebbian,90.90245819091797
4209,0.1,376,predictive_dendrites,1.3925305353268413e-10
4209,0.1,376,hebbian,inf
4209,0.1,376,bounded_hebbian,90.90245819091797
4209,0.1,377,predictive_dendrites,1.3203660387262062e-10
4209,0.1,377,hebbian,inf
4209,0.1,377,bounded_hebbian,90.90245819091797
4209,0.1,378,predictive_dendrites,1.2228440482431324e-10
4209,0.1,378,hebbian,inf
4209,0.1,378,bounded_hebbian,90.90245819091797
4209,0.1,379,predictive_dendrites,1.1377654374200574e-10
4209,0.1,379,hebbian,inf
4209,0.1,379,bounded_hebbian,90.90245819091797
4209,0.1,380,predictive_dendrites,1.0678036233002786e-10
4209,0.1,380,hebbian,inf
4209,0.1,380,bounded_hebbian,90.90245819091797
4209,0.1,381,predictive_dendrites,9.86100090472064e-11
4209,0.1,381,hebbian,inf
4209,0.1,381,bounded_hebbian,90.90245819091797
4209,0.1,382,predictive_dendrites,9.210410212290299e-11
4209,0.1,382,hebbian,inf
4209,0.1,382,bounded_hebbian,90.90245819091797
4209,0.1,383,predictive_dendrites,8.615330671091215e-11
4209,0.1,383,hebbian,inf
4209,0.1,383,bounded_hebbian,90.90245819091797
4209,0.1,384,predictive_dendrites,8.060396794462577e-11
4209,0.1,384,hebbian,inf
4209,0.1,384,bounded_hebbian,90.90245819091797
4209,0.1,385,predictive_dendrites,7.523937028963701e-11
4209,0.1,385,hebbian,inf
4209,0.1,385,bounded_hebbian,90.90245819091797
4209,0.1,386,predictive_dendrites,7.104361543497362e-11
4209,0.1,386,hebbian,inf
4209,0.1,386,bounded_hebbian,90.90245819091797
4209,0.1,387,predictive_dendrites,6.59250432022418e-11
4209,0.1,387,hebbian,inf
4209,0.1,387,bounded_hebbian,90.90245819091797
4209,0.1,388,predictive_dendrites,6.145928210798957e-11
4209,0.1,388,hebbian,inf
4209,0.1,388,bounded_hebbian,90.90245819091797
4209,0.1,389,predictive_dendrites,5.6346038945775945e-11
4209,0.1,389,hebbian,inf
4209,0.1,389,bounded_hebbian,90.90245819091797
4209,0.1,390,predictive_dendrites,5.2878590395266656e-11
4209,0.1,390,hebbian,inf
4209,0.1,390,bounded_hebbian,90.90245819091797
4209,0.1,391,predictive_dendrites,4.888711657713429e-11
4209,0.1,391,hebbian,inf
4209,0.1,391,bounded_hebbian,90.90245819091797
4209,0.1,392,predictive_dendrites,4.5847770024920464e-11
4209,0.1,392,hebbian,inf
4209,0.1,392,bounded_hebbian,90.90245819091797
4209,0.1,393,predictive_dendrites,4.381384144380718e-11
4209,0.1,393,hebbian,inf
4209,0.1,393,bounded_hebbian,90.90245819091797
4209,0.1,394,predictive_dendrites,4.106937359638074e-11
4209,0.1,394,hebbian,inf
4209,0.1,394,bounded_hebbian,90.90245819091797
4209,0.1,395,predictive_dendrites,3.8113515815618726e-11
4209,0.1,395,hebbian,inf
4209,0.1,395,bounded_hebbian,90.90245819091797
4209,0.1,396,predictive_dendrites,3.5971229467302024e-11
4209,0.1,396,hebbian,inf
4209,0.1,396,bounded_hebbian,90.90245819091797
4209,0.1,397,predictive_dendrites,3.3214323652552835e-11
4209,0.1,397,hebbian,inf
4209,0.1,397,bounded_hebbian,90.90245819091797
4209,0.1,398,predictive_dendrites,3.032952014536683e-11
4209,0.1,398,hebbian,inf
4209,0.1,398,bounded_hebbian,90.90245819091797
4209,0.1,399,predictive_dendrites,2.9050543220998648e-11
4209,0.1,399,hebbian,inf
4209,0.1,399,bounded_hebbian,90.90245819091797
4209,0.1,400,predictive_dendrites,2.7185368539628385e-11
4209,0.1,400,hebbian,inf
4209,0.1,400,bounded_hebbian,90.90245819091797
4209,0.1,401,predictive_dendrites,2.58673117647934e-11
4209,0.1,401,hebbian,inf
4209,0.1,401,bounded_hebbian,90.90245819091797
4209,0.1,402,predictive_dendrites,2.2919447589808684e-11
4209,0.1,402,hebbian,inf
4209,0.1,402,bounded_hebbian,90.90245819091797
4209,0.1,403,predictive_dendrites,2.1487705711975558e-11
4209,0.1,403,hebbian,inf
4209,0.1,403,bounded_hebbian,90.90245819091797
4209,0.1,404,predictive_dendrites,2.015099719032687e-11
4209,0.1,404,hebbian,inf
4209,0.1,404,bounded_hebbian,90.90245819091797
4209,0.1,405,predictive_dendrites,1.8556716926965144e-11
4209,0.1,405,hebbian,inf
4209,0.1,405,bounded_hebbian,90.90245819091797
4209,0.1,406,predictive_dendrites,1.7561957096901004e-11
4209,0.1,406,hebbian,inf
4209,0.1,406,bounded_hebbian,90.90245819091797
4209,0.1,407,predictive_dendrites,1.645972767805315e-11
4209,0.1,407,hebbian,inf
4209,0.1,407,bounded_hebbian,90.90245819091797
4209,0.1,408,predictive_dendrites,1.5521811266849816e-11
4209,0.1,408,hebbian,inf
4209,0.1,408,bounded_hebbian,90.90245819091797
4209,0.1,409,predictive_dendrites,1.4126483836862658e-11
4209,0.1,409,hebbian,inf
4209,0.1,409,bounded_hebbian,90.90245819091797
4209,0.1,410,predictive_dendrites,1.3907103767196727e-11
4209,0.1,410,hebbian,inf
4209,0.1,410,bounded_hebbian,90.90245819091797
4209,0.1,411,predictive_dendrites,1.2836848771458076e-11
4209,0.1,411,hebbian,inf
4209,0.1,411,bounded_hebbian,90.90245819091797
4209,0.1,412,predictive_dendrites,1.2012620065338098e-11
4209,0.1,412,hebbian,inf
4209,0.1,412,bounded_hebbian,90.90245819091797
4209,0.1,413,predictive_dendrites,1.1413099632040513e-11
4209,0.1,413,hebbian,inf
4209,0.1,413,bounded_hebbian,90.90245819091797
4209,0.1,414,predictive_dendrites,1.0829566410297531e-11
4209,0.1,414,hebbian,inf
4209,0.1,414,bounded_hebbian,90.90245819091797
4209,0.1,415,predictive_dendrites,1.0076391110391825e-11
4209,0.1,415,hebbian,inf
4209,0.1,415,bounded_hebbian,90.90245819091797
4209,0.1,416,predictive_dendrites,9.35163838727826e-12
4209,0.1,416,hebbian,inf
4209,0.1,416,bounded_hebbian,90.90245819091797
4209,0.1,417,predictive_dendrites,8.655306506233362e-12
4209,0.1,417,hebbian,inf
4209,0.1,417,bounded_hebbian,90.90245819091797
4209,0.1,418,predictive_dendrites,7.987396334618868e-12
4209,0.1,418,hebbian,inf
4209,0.1,418,bounded_hebbian,90.90245819091797
4209,0.1,419,predictive_dendrites,7.824859683813745e-12
4209,0.1,419,hebbian,inf
4209,0.1,419,bounded_hebbian,90.90245819091797
4209,0.1,420,predictive_dendrites,7.192477082668125e-12
4209,0.1,420,hebbian,inf
4209,0.1,420,bounded_hebbian,90.90245819091797
4209,0.1,421,predictive_dendrites,6.886943706291282e-12
4209,0.1,421,hebbian,inf
4209,0.1,421,bounded_hebbian,90.90245819091797
4209,0.1,422,predictive_dendrites,6.441966318021519e-12
4209,0.1,422,hebbian,inf
4209,0.1,422,bounded_hebbian,90.90245819091797
4209,0.1,423,predictive_dendrites,6.154196943719548e-12
4209,0.1,423,hebbian,inf
4209,0.1,423,bounded_hebbian,90.90245819091797
4209,0.1,424,predictive_dendrites,5.5999736098266695e-12
4209,0.1,424,hebbian,inf
4209,0.1,424,bounded_hebbian,90.90245819091797
4209,0.1,425,predictive_dendrites,5.074171985364195e-12
4209,0.1,425,hebbian,inf
4209,0.1,425,bounded_hebbian,90.90245819091797
4209,0.1,426,predictive_dendrites,4.821929747850229e-12
4209,0.1,426,hebbian,inf
4209,0.1,426,bounded_hebbian,90.90245819091797
4209,0.1,427,predictive_dendrites,4.456888417353477e-12
4209,0.1,427,hebbian,inf
4209,0.1,427,bounded_hebbian,90.90245819091797
4209,0.1,428,predictive_dendrites,4.107834298411328e-12
4209,0.1,428,hebbian,inf
4209,0.1,428,bounded_hebbian,90.90245819091797
4209,0.1,429,predictive_dendrites,3.8840137703277655e-12
4209,0.1,429,hebbian,inf
4209,0.1,429,bounded_hebbian,90.90245819091797
4209,0.1,430,predictive_dendrites,3.667298235920935e-12
4209,0.1,430,hebbian,inf
4209,0.1,430,bounded_hebbian,90.90245819091797
4209,0.1,431,predictive_dendrites,3.355547610606191e-12
4209,0.1,431,hebbian,inf
4209,0.1,431,bounded_hebbian,90.90245819091797
4209,0.1,432,predictive_dendrites,3.0597841968460493e-12
4209,0.1,432,hebbian,inf
4209,0.1,432,bounded_hebbian,90.90245819091797
4209,0.1,433,predictive_dendrites,2.8714905887100572e-12
4209,0.1,433,hebbian,inf
4209,0.1,433,bounded_hebbian,90.90245819091797
4209,0.1,434,predictive_dendrites,2.516219220830007e-12
4209,0.1,434,hebbian,inf
4209,0.1,434,bounded_hebbian,90.90245819091797
4209,0.1,435,predictive_dendrites,2.349241894766818e-12
4209,0.1,435,hebbian,inf
4209,0.1,435,bounded_hebbian,90.90245819091797
4209,0.1,436,predictive_dendrites,2.349241894766818e-12
4209,0.1,436,hebbian,inf
4209,0.1,436,bounded_hebbian,90.90245819091797
4209,0.1,437,predictive_dendrites,2.349241894766818e-12
4209,0.1,437,hebbian,inf
4209,0.1,437,bounded_hebbian,90.90245819091797
4209,0.1,438,predictive_dendrites,2.18936999606123e-12
4209,0.1,438,hebbian,inf
4209,0.1,438,bounded_hebbian,90.90245819091797
4209,0.1,439,predictive_dendrites,2.0366033078728085e-12
4209,0.1,439,hebbian,inf
4209,0.1,439,bounded_hebbian,90.90245819091797
4209,0.1,440,predictive_dendrites,2.0366033078728085e-12
4209,0.1,440,hebbian,inf
4209,0.1,440,bounded_hebbian,90.90245819091797
4209,0.1,441,predictive_dendrites,2.036603524713243e-12
4209,0.1,441,hebbian,inf
4209,0.1,441,bounded_hebbian,90.90245819091797
4209,0.1,442,predictive_dendrites,1.9628847158781326e-12
4209,0.1,442,hebbian,inf
4209,0.1,442,bounded_hebbian,90.90245819091797
4209,0.1,443,predictive_dendrites,1.752386430409203e-12
4209,0.1,443,hebbian,inf
4209,0.1,443,bounded_hebbian,90.90245819091797
4209,0.1,444,predictive_dendrites,1.7523865388294202e-12
4209,0.1,444,hebbian,inf
4209,0.1,444,bounded_hebbian,90.90245819091797
4209,0.1,445,predictive_dendrites,1.6209361327138017e-12
4209,0.1,445,hebbian,inf
4209,0.1,445,bounded_hebbian,90.90245819091797
4209,0.1,446,predictive_dendrites,1.620936241134019e-12
4209,0.1,446,hebbian,inf
4209,0.1,446,bounded_hebbian,90.90245819091797
4209,0.1,447,predictive_dendrites,1.620936241134019e-12
4209,0.1,447,hebbian,inf
4209,0.1,447,bounded_hebbian,90.90245819091797
4209,0.1,448,predictive_dendrites,1.6209363495542362e-12
4209,0.1,448,hebbian,inf
4209,0.1,448,bounded_hebbian,90.90245819091797
4209,0.1,449,predictive_dendrites,1.6209363495542362e-12
4209,0.1,449,hebbian,inf
4209,0.1,449,bounded_hebbian,90.90245819091797
4209,0.1,450,predictive_dendrites,1.4965913707962186e-12
4209,0.1,450,hebbian,inf
4209,0.1,450,bounded_hebbian,90.90245819091797
4209,0.1,451,predictive_dendrites,1.4965914792164359e-12
4209,0.1,451,hebbian,inf
4209,0.1,451,bounded_hebbian,90.90245819091797
4209,0.1,452,predictive_dendrites,1.4965914792164359e-12
4209,0.1,452,hebbian,inf
4209,0.1,452,bounded_hebbian,90.90245819091797
4209,0.1,453,predictive_dendrites,1.4370835250965275e-12
4209,0.1,453,hebbian,inf
4209,0.1,453,bounded_hebbian,90.90245819091797
4209,0.1,454,predictive_dendrites,1.4370836335167447e-12
4209,0.1,454,hebbian,inf
4209,0.1,454,bounded_hebbian,90.90245819091797
4209,0.1,455,predictive_dendrites,1.3793520362362366e-12
4209,0.1,455,hebbian,inf
4209,0.1,455,bounded_hebbian,90.90245819091797
4209,0.1,456,predictive_dendrites,1.2168153854311137e-12
4209,0.1,456,hebbian,inf
4209,0.1,456,bounded_hebbian,90.90245819091797
4209,0.1,457,predictive_dendrites,1.216815493851331e-12
4209,0.1,457,hebbian,inf
4209,0.1,457,bounded_hebbian,90.90245819091797
4209,0.1,458,predictive_dendrites,1.216815493851331e-12
4209,0.1,458,hebbian,inf
4209,0.1,458,bounded_hebbian,90.90245819091797
4209,0.1,459,predictive_dendrites,1.216815493851331e-12
4209,0.1,459,hebbian,inf
4209,0.1,459,bounded_hebbian,90.90245819091797
4209,0.1,460,predictive_dendrites,1.216815493851331e-12
4209,0.1,460,hebbian,inf
4209,0.1,460,bounded_hebbian,90.90245819091797
4209,0.1,461,predictive_dendrites,1.216815493851331e-12
4209,0.1,461,hebbian,inf
4209,0.1,461,bounded_hebbian,90.90245819091797
4209,0.1,462,predictive_dendrites,1.2168156022715482e-12
4209,0.1,462,hebbian,inf
4209,0.1,462,bounded_hebbian,90.90245819091797
4209,0.1,463,predictive_dendrites,1.2168156022715482e-12
4209,0.1,463,hebbian,inf
4209,0.1,463,bounded_hebbian,90.90245819091797
4209,0.1,464,predictive_dendrites,1.2168156022715482e-12
4209,0.1,464,hebbian,inf
4209,0.1,464,bounded_hebbian,90.90245819091797
4209,0.1,465,predictive_dendrites,1.166189432348641e-12
4209,0.1,465,hebbian,inf
4209,0.1,465,bounded_hebbian,90.90245819091797
4209,0.1,466,predictive_dendrites,1.166189432348641e-12
4209,0.1,466,hebbian,inf
4209,0.1,466,bounded_hebbian,90.90245819091797
4209,0.1,467,predictive_dendrites,1.1661895407688583e-12
4209,0.1,467,hebbian,inf
4209,0.1,467,bounded_hebbian,90.90245819091797
4209,0.1,468,predictive_dendrites,1.1661895407688583e-12
4209,0.1,468,hebbian,inf
4209,0.1,468,bounded_hebbian,90.90245819091797
4209,0.1,469,predictive_dendrites,1.1661895407688583e-12
4209,0.1,469,hebbian,inf
4209,0.1,469,bounded_hebbian,90.90245819091797
4209,0.1,470,predictive_dendrites,1.1661895407688583e-12
4209,0.1,470,hebbian,inf
4209,0.1,470,bounded_hebbian,90.90245819091797
4209,0.1,471,predictive_dendrites,1.1661895407688583e-12
4209,0.1,471,hebbian,inf
4209,0.1,471,bounded_hebbian,90.90245819091797
4209,0.1,472,predictive_dendrites,1.1661895407688583e-12
4209,0.1,472,hebbian,inf
4209,0.1,472,bounded_hebbian,90.90245819091797
4209,0.1,473,predictive_dendrites,1.1661895407688583e-12
4209,0.1,473,hebbian,inf
4209,0.1,473,bounded_hebbian,90.90245819091797
4209,0.1,474,predictive_dendrites,1.1262215118823526e-12
4209,0.1,474,hebbian,inf
4209,0.1,474,bounded_hebbian,90.90245819091797
4209,0.1,475,predictive_dendrites,1.1262216203025699e-12
4209,0.1,475,hebbian,inf
4209,0.1,475,bounded_hebbian,90.90245819091797
4209,0.1,476,predictive_dendrites,1.1262216203025699e-12
4209,0.1,476,hebbian,inf
4209,0.1,476,bounded_hebbian,90.90245819091797
4209,0.1,477,predictive_dendrites,1.1262216203025699e-12
4209,0.1,477,hebbian,inf
4209,0.1,477,bounded_hebbian,90.90245819091797
4209,0.1,478,predictive_dendrites,1.1262216203025699e-12
4209,0.1,478,hebbian,inf
4209,0.1,478,bounded_hebbian,90.90245819091797
4209,0.1,479,predictive_dendrites,1.1262216203025699e-12
4209,0.1,479,hebbian,inf
4209,0.1,479,bounded_hebbian,90.90245819091797
4209,0.1,480,predictive_dendrites,1.1262216203025699e-12
4209,0.1,480,hebbian,inf
4209,0.1,480,bounded_hebbian,90.90245819091797
4209,0.1,481,predictive_dendrites,1.1262216203025699e-12
4209,0.1,481,hebbian,inf
4209,0.1,481,bounded_hebbian,90.90245819091797
4209,0.1,482,predictive_dendrites,1.1262216203025699e-12
4209,0.1,482,hebbian,inf
4209,0.1,482,bounded_hebbian,90.90245819091797
4209,0.1,483,predictive_dendrites,1.1262216203025699e-12
4209,0.1,483,hebbian,inf
4209,0.1,483,bounded_hebbian,90.90245819091797
4209,0.1,484,predictive_dendrites,1.1262216203025699e-12
4209,0.1,484,hebbian,inf
4209,0.1,484,bounded_hebbian,90.90245819091797
4209,0.1,485,predictive_dendrites,1.1262216203025699e-12
4209,0.1,485,hebbian,inf
4209,0.1,485,bounded_hebbian,90.90245819091797
4209,0.1,486,predictive_dendrites,1.1262216203025699e-12
4209,0.1,486,hebbian,inf
4209,0.1,486,bounded_hebbian,90.90245819091797
4209,0.1,487,predictive_dendrites,1.1262217287227871e-12
4209,0.1,487,hebbian,inf
4209,0.1,487,bounded_hebbian,90.90245819091797
4209,0.1,488,predictive_dendrites,1.1262217287227871e-12
4209,0.1,488,hebbian,inf
4209,0.1,488,bounded_hebbian,90.90245819091797
4209,0.1,489,predictive_dendrites,1.1262217287227871e-12
4209,0.1,489,hebbian,inf
4209,0.1,489,bounded_hebbian,90.90245819091797
4209,0.1,490,predictive_dendrites,1.1262217287227871e-12
4209,0.1,490,hebbian,inf
4209,0.1,490,bounded_hebbian,90.90245819091797
4209,0.1,491,predictive_dendrites,1.1262217287227871e-12
4209,0.1,491,hebbian,inf
4209,0.1,491,bounded_hebbian,90.90245819091797
4209,0.1,492,predictive_dendrites,1.1262217287227871e-12
4209,0.1,492,hebbian,inf
4209,0.1,492,bounded_hebbian,90.90245819091797
4209,0.1,493,predictive_dendrites,1.1262217287227871e-12
4209,0.1,493,hebbian,inf
4209,0.1,493,bounded_hebbian,90.90245819091797
4209,0.1,494,predictive_dendrites,1.1262217287227871e-12
4209,0.1,494,hebbian,inf
4209,0.1,494,bounded_hebbian,90.90245819091797
4209,0.1,495,predictive_dendrites,1.1262217287227871e-12
4209,0.1,495,hebbian,inf
4209,0.1,495,bounded_hebbian,90.90245819091797
4209,0.1,496,predictive_dendrites,1.1262217287227871e-12
4209,0.1,496,hebbian,inf
4209,0.1,496,bounded_hebbian,90.90245819091797
4209,0.1,497,predictive_dendrites,1.1262217287227871e-12
4209,0.1,497,hebbian,inf
4209,0.1,497,bounded_hebbian,90.90245819091797
4209,0.1,498,predictive_dendrites,1.1262217287227871e-12
4209,0.1,498,hebbian,inf
4209,0.1,498,bounded_hebbian,90.90245819091797
4209,0.1,499,predictive_dendrites,1.1262217287227871e-12
4209,0.1,499,hebbian,inf
4209,0.1,499,bounded_hebbian,90.90245819091797
4209,0.1,500,predictive_dendrites,1.1262217287227871e-12
4209,0.1,500,hebbian,inf
4209,0.1,500,bounded_hebbian,90.90245819091797
59052,0.1,1,predictive_dendrites,0.5952235460281372
59052,0.1,1,hebbian,0.4284648001194
59052,0.1,1,bounded_hebbian,0.4684402048587799
59052,0.1,2,predictive_dendrites,0.3004552125930786
59052,0.1,2,hebbian,0.36853912472724915
59052,0.1,2,bounded_hebbian,0.39948952198028564
59052,0.1,3,predictive_dendrites,0.2686558663845062
59052,0.1,3,hebbian,0.3125017583370209
59052,0.1,3,bounded_hebbian,0.3274455666542053
59052,0.1,4,predictive_dendrites,0.2665247321128845
59052,0.1,4,hebbian,0.26568180322647095
59052,0.1,4,bounded_hebbian,0.2550649046897888
59052,0.1,5,predictive_dendrites,0.2670016288757324
59052,0.1,5,hebbian,0.2355632334947586
59052,0.1,5,bounded_hebbian,0.1867012232542038
59052,0.1,6,predictive_dendrites,0.2666165232658386
59052,0.1,6,hebbian,0.23248746991157532
59052,0.1,6,bounded_hebbian,0.12899024784564972
59052,0.1,7,predictive_dendrites,0.2653924822807312
59052,0.1,7,hebbian,0.27056899666786194
59052,0.1,7,bounded_hebbian,0.08387556672096252
59052,0.1,8,predictive_dendrites,0.26285332441329956
59052,0.1,8,hebbian,0.3688879609107971
59052,0.1,8,bounded_hebbian,0.06406593322753906
59052,0.1,9,predictive_dendrites,0.25889769196510315
59052,0.1,9,hebbian,0.5530408620834351
59052,0.1,9,bounded_hebbian,0.07891712337732315
59052,0.1,10,predictive_dendrites,0.2539701759815216
59052,0.1,10,hebbian,0.8571571707725525
59052,0.1,10,bounded_hebbian,0.14057302474975586
59052,0.1,11,predictive_dendrites,0.24837172031402588
59052,0.1,11,hebbian,1.3265182971954346
59052,0.1,11,bounded_hebbian,0.26209115982055664
59052,0.1,12,predictive_dendrites,0.24233980476856232
59052,0.1,12,hebbian,2.0209622383117676
59052,0.1,12,bounded_hebbian,0.4709092080593109
59052,0.1,13,predictive_dendrites,0.23602156341075897
59052,0.1,13,hebbian,3.0193023681640625
59052,0.1,13,bounded_hebbian,0.7865269184112549
59052,0.1,14,predictive_dendrites,0.22984468936920166
59052,0.1,14,hebbian,4.425069808959961
59052,0.1,14,bounded_hebbian,1.2214773893356323
59052,0.1,15,predictive_dendrites,0.22370588779449463
59052,0.1,15,hebbian,6.373971939086914
59052,0.1,15,bounded_hebbian,1.7827736139297485
59052,0.1,16,predictive_dendrites,0.21770212054252625
59052,0.1,16,hebbian,9.04358196258545
59052,0.1,16,bounded_hebbian,2.4728708267211914
59052,0.1,17,predictive_dendrites,0.21245644986629486
59052,0.1,17,hebbian,12.665936470031738
59052,0.1,17,bounded_hebbian,3.299731969833374
59052,0.1,18,predictive_dendrites,0.20755133032798767
59052,0.1,18,hebbian,17.543914794921875
59052,0.1,18,bounded_hebbian,4.324890613555908
59052,0.1,19,predictive_dendrites,0.2028767168521881
59052,0.1,19,hebbian,24.07253646850586
59052,0.1,19,bounded_hebbian,5.597321033477783
59052,0.1,20,predictive_dendrites,0.1984405517578125
59052,0.1,20,hebbian,32.76670837402344
59052,0.1,20,bounded_hebbian,7.134547233581543
59052,0.1,21,predictive_dendrites,0.19424308836460114
59052,0.1,21,hebbian,44.29729461669922
59052,0.1,21,bounded_hebbian,8.96876049041748
59052,0.1,22,predictive_dendrites,0.19027884304523468
59052,0.1,22,hebbian,59.538238525390625
59052,0.1,22,bounded_hebbian,11.163860321044922
59052,0.1,23,predictive_dendrites,0.18653790652751923
59052,0.1,23,hebbian,79.6278076171875
59052,0.1,23,bounded_hebbian,13.7915620803833
59052,0.1,24,predictive_dendrites,0.1830074042081833
59052,0.1,24,hebbian,106.04869079589844
59052,0.1,24,bounded_hebbian,16.666767120361328
59052,0.1,25,predictive_dendrites,0.17967192828655243
59052,0.1,25,hebbian,140.73251342773438
59052,0.1,25,bounded_hebbian,19.775978088378906
59052,0.1,26,predictive_dendrites,0.17651420831680298
59052,0.1,26,hebbian,186.19615173339844
59052,0.1,26,bounded_hebbian,22.98122787475586
59052,0.1,27,predictive_dendrites,0.173516184091568
59052,0.1,27,hebbian,245.7203369140625
59052,0.1,27,bounded_hebbian,26.50983428955078
59052,0.1,28,predictive_dendrites,0.17063508927822113
59052,0.1,28,hebbian,323.5828857421875
59052,0.1,28,bounded_hebbian,30.326696395874023
59052,0.1,29,predictive_dendrites,0.16786913573741913
59052,0.1,29,hebbian,425.3644104003906
59052,0.1,29,bounded_hebbian,33.938011169433594
59052,0.1,30,predictive_dendrites,0.16521209478378296
59052,0.1,30,hebbian,558.3482055664062
59052,0.1,30,bounded_hebbian,37.26579666137695
59052,0.1,31,predictive_dendrites,0.16264665126800537
59052,0.1,31,hebbian,732.0449829101562
59052,0.1,31,bounded_hebbian,40.752349853515625
59052,0.1,32,predictive_dendrites,0.16015839576721191
59052,0.1,32,hebbian,958.8809204101562
59052,0.1,32,bounded_hebbian,44.48895263671875
59052,0.1,33,predictive_dendrites,0.15772965550422668
59052,0.1,33,hebbian,1255.1007080078125
59052,0.1,33,bounded_hebbian,47.80223083496094
59052,0.1,34,predictive_dendrites,0.1553499847650528
59052,0.1,34,hebbian,1641.9530029296875
59052,0.1,34,bounded_hebbian,51.007259368896484
59052,0.1,35,predictive_dendrites,0.15300533175468445
59052,0.1,35,hebbian,2147.25
59052,0.1,35,bounded_hebbian,54.28196334838867
59052,0.1,36,predictive_dendrites,0.15068131685256958
59052,0.1,36,hebbian,2807.41552734375
59052,0.1,36,bounded_hebbian,57.76002502441406
59052,0.1,37,predictive_dendrites,0.14836812019348145
59052,0.1,37,hebbian,3670.18310546875
59052,0.1,37,bounded_hebbian,61.04804229736328
59052,0.1,38,predictive_dendrites,0.1460571140050888
59052,0.1,38,hebbian,4798.14599609375
59052,0.1,38,bounded_hebbian,64.57992553710938
59052,0.1,39,predictive_dendrites,0.14374102652072906
59052,0.1,39,hebbian,6273.431640625
59052,0.1,39,bounded_hebbian,67.91998291015625
59052,0.1,40,predictive_dendrites,0.1414138823747635
59052,0.1,40,hebbian,8203.8671875
59052,0.1,40,bounded_hebbian,71.21704864501953
59052,0.1,41,predictive_dendrites,0.13907086849212646
59052,0.1,41,hebbian,10731.10546875
59052,0.1,41,bounded_hebbian,74.2255859375
59052,0.1,42,predictive_dendrites,0.1367083340883255
59052,0.1,42,hebbian,14041.345703125
59052,0.1,42,bounded_hebbian,76.96143341064453
59052,0.1,43,predictive_dendrites,0.13432365655899048
59052,0.1,43,hebbian,18379.50390625
59052,0.1,43,bounded_hebbian,79.83753204345703
59052,0.1,44,predictive_dendrites,0.1319151669740677
59052,0.1,44,hebbian,24067.865234375
59052,0.1,44,bounded_hebbian,82.52659606933594
59052,0.1,45,predictive_dendrites,0.12948216497898102
59052,0.1,45,hebbian,31530.828125
59052,0.1,45,bounded_hebbian,84.6640853881836
59052,0.1,46,predictive_dendrites,0.12702453136444092
59052,0.1,46,hebbian,41327.515625
59052,0.1,46,bounded_hebbian,86.88320922851562
59052,0.1,47,predictive_dendrites,0.12453828752040863
59052,0.1,47,hebbian,54194.94921875
59052,0.1,47,bounded_hebbian,89.1223373413086
59052,0.1,48,predictive_dendrites,0.12200213968753815
59052,0.1,48,hebbian,71105.1328125
59052,0.1,48,bounded_hebbian,91.21438598632812
59052,0.1,49,predictive_dendrites,0.11944317817687988
59052,0.1,49,hebbian,93340.65625
59052,0.1,49,bounded_hebbian,93.42001342773438
59052,0.1,50,predictive_dendrites,0.11686388403177261
59052,0.1,50,hebbian,122594.6796875
59052,0.1,50,bounded_hebbian,95.82333374023438
59052,0.1,51,predictive_dendrites,0.1142670139670372
59052,0.1,51,hebbian,161103.484375
59052,0.1,51,bounded_hebbian,98.47026824951172
59052,0.1,52,predictive_dendrites,0.11165659129619598
59052,0.1,52,hebbian,211821.90625
59052,0.1,52,bounded_hebbian,101.37928009033203
59052,0.1,53,predictive_dendrites,0.10903581231832504
59052,0.1,53,hebbian,278655.9375
59052,0.1,53,bounded_hebbian,103.67559814453125
59052,0.1,54,predictive_dendrites,0.1064072996377945
59052,0.1,54,hebbian,366771.15625
59052,0.1,54,bounded_hebbian,105.91683197021484
59052,0.1,55,predictive_dendrites,0.10377474129199982
59052,0.1,55,hebbian,483001.375
59052,0.1,55,bounded_hebbian,108.31692504882812
59052,0.1,56,predictive_dendrites,0.10114186257123947
59052,0.1,56,hebbian,636391.0625
59052,0.1,56,bounded_hebbian,110.1749038696289
59052,0.1,57,predictive_dendrites,0.0985124409198761
59052,0.1,57,hebbian,838914.875
59052,0.1,57,bounded_hebbian,111.41464233398438
59052,0.1,58,predictive_dendrites,0.09589012712240219
59052,0.1,58,hebbian,1106432.0
59052,0.1,58,bounded_hebbian,112.71321105957031
59052,0.1,59,predictive_dendrites,0.09327863901853561
59052,0.1,59,hebbian,1459954.25
59052,0.1,59,bounded_hebbian,114.07470703125
59052,0.1,60,predictive_dendrites,0.09068150818347931
59052,0.1,60,hebbian,1927327.875
59052,0.1,60,bounded_hebbian,115.19131469726562
59052,0.1,61,predictive_dendrites,0.08810769021511078
59052,0.1,61,hebbian,2545469.0
59052,0.1,61,bounded_hebbian,116.33876037597656
59052,0.1,62,predictive_dendrites,0.08556035906076431
59052,0.1,62,hebbian,3363331.5
59052,0.1,62,bounded_hebbian,117.56217956542969
59052,0.1,63,predictive_dendrites,0.08305875957012177
59052,0.1,63,hebbian,4445850.0
59052,0.1,63,bounded_hebbian,118.56874084472656
59052,0.1,64,predictive_dendrites,0.08062231540679932
59052,0.1,64,hebbian,5879180.0
59052,0.1,64,bounded_hebbian,119.54976654052734
59052,0.1,65,predictive_dendrites,0.07822001725435257
59052,0.1,65,hebbian,7777665.0
59052,0.1,65,bounded_hebbian,120.58028411865234
59052,0.1,66,predictive_dendrites,0.07585097849369049
59052,0.1,66,hebbian,10293093.0
59052,0.1,66,bounded_hebbian,121.40272521972656
59052,0.1,67,predictive_dendrites,0.07350077480077744
59052,0.1,67,hebbian,13626996.0
59052,0.1,67,bounded_hebbian,122.13807678222656
59052,0.1,68,predictive_dendrites,0.07118372619152069
59052,0.1,68,hebbian,18047036.0
59052,0.1,68,bounded_hebbian,122.91431427001953
59052,0.1,69,predictive_dendrites,0.06890494376420975
59052,0.1,69,hebbian,23908750.0
59052,0.1,69,bounded_hebbian,123.73435974121094
59052,0.1,70,predictive_dendrites,0.06666619330644608
59052,0.1,70,hebbian,31684524.0
59052,0.1,70,bounded_hebbian,124.60152435302734
59052,0.1,71,predictive_dendrites,0.0644691064953804
59052,0.1,71,hebbian,42002076.0
59052,0.1,71,bounded_hebbian,125.51959228515625
59052,0.1,72,predictive_dendrites,0.06231512129306793
59052,0.1,72,hebbian,55695736.0
59052,0.1,72,bounded_hebbian,126.49295806884766
59052,0.1,73,predictive_dendrites,0.06020544096827507
59052,0.1,73,hebbian,73874600.0
59052,0.1,73,bounded_hebbian,127.52674865722656
59052,0.1,74,predictive_dendrites,0.05814112350344658
59052,0.1,74,hebbian,98013296.0
59052,0.1,74,bounded_hebbian,128.33203125
59052,0.1,75,predictive_dendrites,0.056123021990060806
59052,0.1,75,hebbian,130072768.0
59052,0.1,75,bounded_hebbian,129.1232147216797
59052,0.1,76,predictive_dendrites,0.054151859134435654
59052,0.1,76,hebbian,172661008.0
59052,0.1,76,bounded_hebbian,129.86660766601562
59052,0.1,77,predictive_dendrites,0.0522281751036644
59052,0.1,77,hebbian,229246944.0
59052,0.1,77,bounded_hebbian,130.11614990234375
59052,0.1,78,predictive_dendrites,0.05035236105322838
59052,0.1,78,hebbian,304445632.0
59052,0.1,78,bounded_hebbian,130.1807403564453
59052,0.1,79,predictive_dendrites,0.048524677753448486
59052,0.1,79,hebbian,404397408.0
59052,0.1,79,bounded_hebbian,130.25172424316406
59052,0.1,80,predictive_dendrites,0.04674527794122696
59052,0.1,80,hebbian,537273216.0
59052,0.1,80,bounded_hebbian,130.3297576904297
59052,0.1,81,predictive_dendrites,0.04501413553953171
59052,0.1,81,hebbian,713946944.0
59052,0.1,81,bounded_hebbian,130.41554260253906
59052,0.1,82,predictive_dendrites,0.04333111271262169
59052,0.1,82,hebbian,948892032.0
59052,0.1,82,bounded_hebbian,130.50985717773438
59052,0.1,83,predictive_dendrites,0.04169603809714317
59052,0.1,83,hebbian,1261374208.0
59052,0.1,83,bounded_hebbian,130.6136016845703
59052,0.1,84,predictive_dendrites,0.04010862112045288
59052,0.1,84,hebbian,1677041280.0
59052,0.1,84,bounded_hebbian,130.72772216796875
59052,0.1,85,predictive_dendrites,0.03857092931866646
59052,0.1,85,hebbian,2230041600.0
59052,0.1,85,bounded_hebbian,130.85328674316406
59052,0.1,86,predictive_dendrites,0.037090521305799484
59052,0.1,86,hebbian,2965840896.0
59052,0.1,86,bounded_hebbian,130.9915008544922
59052,0.1,87,predictive_dendrites,0.03565515950322151
59052,0.1,87,hebbian,3944987648.0
59052,0.1,87,bounded_hebbian,131.1436309814453
59052,0.1,88,predictive_dendrites,0.034264255315065384
59052,0.1,88,hebbian,5248112128.0
59052,0.1,88,bounded_hebbian,131.31114196777344
59052,0.1,89,predictive_dendrites,0.03291717916727066
59052,0.1,89,hebbian,6982609920.0
59052,0.1,89,bounded_hebbian,131.49562072753906
59052,0.1,90,predictive_dendrites,0.03161327540874481
59052,0.1,90,hebbian,9291514880.0
59052,0.1,90,bounded_hebbian,131.6988525390625
59052,0.1,91,predictive_dendrites,0.030351828783750534
59052,0.1,91,hebbian,12365359104.0
59052,0.1,91,bounded_hebbian,131.9227752685547
59052,0.1,92,predictive_dendrites,0.0291320588439703
59052,0.1,92,hebbian,16457970688.0
59052,0.1,92,bounded_hebbian,132.16957092285156
59052,0.1,93,predictive_dendrites,0.027953188866376877
59052,0.1,93,hebbian,21907490816.0
59052,0.1,93,bounded_hebbian,132.44163513183594
59052,0.1,94,predictive_dendrites,0.02681439183652401
59052,0.1,94,hebbian,29164439552.0
59052,0.1,94,bounded_hebbian,132.74168395996094
59052,0.1,95,predictive_dendrites,0.025714820250868797
59052,0.1,95,hebbian,38829068288.0
59052,0.1,95,bounded_hebbian,133.07261657714844
59052,0.1,96,predictive_dendrites,0.024653565138578415
59052,0.1,96,hebbian,51701194752.0
59052,0.1,96,bounded_hebbian,133.4377899169922
59052,0.1,97,predictive_dendrites,0.02362978272140026
59052,0.1,97,hebbian,68846690304.0
59052,0.1,97,bounded_hebbian,133.8408660888672
59052,0.1,98,predictive_dendrites,0.022642575204372406
59052,0.1,98,hebbian,91685699584.0
59052,0.1,98,bounded_hebbian,134.2859344482422
59052,0.1,99,predictive_dendrites,0.02169100195169449
59052,0.1,99,hebbian,122111049728.0
59052,0.1,99,bounded_hebbian,134.7775115966797
59052,0.1,100,predictive_dendrites,0.020774170756340027
59052,0.1,100,hebbian,162645393408.0
59052,0.1,100,bounded_hebbian,135.3207244873047
59052,0.1,101,predictive_dendrites,0.01989114098250866
59052,0.1,101,hebbian,216650694656.0
59052,0.1,101,bounded_hebbian,135.92120361328125
59052,0.1,102,predictive_dendrites,0.01904103346168995
59052,0.1,102,hebbian,288608124928.0
59052,0.1,102,bounded_hebbian,136.5853271484375
59052,0.1,103,predictive_dendrites,0.018222857266664505
59052,0.1,103,hebbian,384490635264.0
59052,0.1,103,bounded_hebbian,137.32017517089844
59052,0.1,104,predictive_dendrites,0.017435768619179726
59052,0.1,104,hebbian,512259948544.0
59052,0.1,104,bounded_hebbian,137.72984313964844
59052,0.1,105,predictive_dendrites,0.01667884737253189
59052,0.1,105,hebbian,682530045952.0
59052,0.1,105,bounded_hebbian,137.73001098632812
59052,0.1,106,predictive_dendrites,0.015951139852404594
59052,0.1,106,hebbian,909446610944.0
59052,0.1,106,bounded_hebbian,137.73001098632812
59052,0.1,107,predictive_dendrites,0.015251800417900085
59052,0.1,107,hebbian,1211870216192.0
59052,0.1,107,bounded_hebbian,137.73001098632812
59052,0.1,108,predictive_dendrites,0.014579934068024158
59052,0.1,108,hebbian,1614944665600.0
59052,0.1,108,bounded_hebbian,137.73001098632812
59052,0.1,109,predictive_dendrites,0.013934694230556488
59052,0.1,109,hebbian,2152192278528.0
59052,0.1,109,bounded_hebbian,137.73001098632812
59052,0.1,110,predictive_dendrites,0.013315175659954548
59052,0.1,110,hebbian,2868298383360.0
59052,0.1,110,bounded_hebbian,137.73001098632812
59052,0.1,111,predictive_dendrites,0.012720598839223385
59052,0.1,111,hebbian,3822853816320.0
59052,0.1,111,bounded_hebbian,137.73001098632812
59052,0.1,112,predictive_dendrites,0.012150077149271965
59052,0.1,112,hebbian,5095300268032.0
59052,0.1,112,bounded_hebbian,137.73001098632812
59052,0.1,113,predictive_dendrites,0.011602820828557014
59052,0.1,113,hebbian,6791550730240.0
59052,0.1,113,bounded_hebbian,137.73001098632812
59052,0.1,114,predictive_dendrites,0.01107802428305149
59052,0.1,114,hebbian,9052847341568.0
59052,0.1,114,bounded_hebbian,137.73001098632812
59052,0.1,115,predictive_dendrites,0.010574939660727978
59052,0.1,115,hebbian,12067505438720.0
59052,0.1,115,bounded_hebbian,137.73001098632812
59052,0.1,116,predictive_dendrites,0.010092787444591522
59052,0.1,116,hebbian,16086629089280.0
59052,0.1,116,bounded_hebbian,137.73001098632812
59052,0.1,117,predictive_dendrites,0.009630797430872917
59052,0.1,117,hebbian,21445023367168.0
59052,0.1,117,bounded_hebbian,137.73001098632812
59052,0.1,118,predictive_dendrites,0.009188282303512096
59052,0.1,118,hebbian,28589244284928.0
59052,0.1,118,bounded_hebbian,137.73001098632812
59052,0.1,119,predictive_dendrites,0.0087645398452878
59052,0.1,119,hebbian,38114647080960.0
59052,0.1,119,bounded_hebbian,137.73001098632812
59052,0.1,120,predictive_dendrites,0.008358841761946678
59052,0.1,120,hebbian,50815158976512.0
59052,0.1,120,bounded_hebbian,137.73001098632812
59052,0.1,121,predictive_dendrites,0.007970541715621948
59052,0.1,121,hebbian,67749678153728.0
59052,0.1,121,bounded_hebbian,137.73001098632812
59052,0.1,122,predictive_dendrites,0.007598972413688898
59052,0.1,122,hebbian,90330208665600.0
59052,0.1,122,bounded_hebbian,137.73001098632812
59052,0.1,123,predictive_dendrites,0.0072435117326676846
59052,0.1,123,hebbian,120439573577728.0
59052,0.1,123,bounded_hebbian,137.73001098632812
59052,0.1,124,predictive_dendrites,0.006903551053255796
59052,0.1,124,hebbian,160589062078464.0
59052,0.1,124,bounded_hebbian,137.73001098632812
59052,0.1,125,predictive_dendrites,0.006578455213457346
59052,0.1,125,hebbian,214127221932032.0
59052,0.1,125,bounded_hebbian,137.73001098632812
59052,0.1,126,predictive_dendrites,0.00626767985522747
59052,0.1,126,hebbian,285520366141440.0
59052,0.1,126,bounded_hebbian,137.73001098632812
59052,0.1,127,predictive_dendrites,0.005970651283860207
59052,0.1,127,hebbian,380726335766528.0
59052,0.1,127,bounded_hebbian,137.73001098632812
59052,0.1,128,predictive_dendrites,0.005686833523213863
59052,0.1,128,hebbian,507687280312320.0
59052,0.1,128,bounded_hebbian,137.73001098632812
59052,0.1,129,predictive_dendrites,0.0054156724363565445
59052,0.1,129,hebbian,676999588741120.0
59052,0.1,129,bounded_hebbian,137.73001098632812
59052,0.1,130,predictive_dendrites,0.00515668885782361
59052,0.1,130,hebbian,902792797487104.0
59052,0.1,130,bounded_hebbian,137.73001098632812
59052,0.1,131,predictive_dendrites,0.004909382667392492
59052,0.1,131,hebbian,1203912216412160.0
59052,0.1,131,bounded_hebbian,137.73001098632812
59052,0.1,132,predictive_dendrites,0.004673253744840622
59052,0.1,132,hebbian,1605496221990912.0
59052,0.1,132,bounded_hebbian,137.73001098632812
59052,0.1,133,predictive_dendrites,0.004447858780622482
59052,0.1,133,hebbian,2141078106931200.0
59052,0.1,133,bounded_hebbian,137.73001098632812
59052,0.1,134,predictive_dendrites,0.00423275213688612
59052,0.1,134,hebbian,2855353314181120.0
59052,0.1,134,bounded_hebbian,137.73001098632812
59052,0.1,135,predictive_dendrites,0.004027526825666428
59052,0.1,135,hebbian,3807978402611200.0
59052,0.1,135,bounded_hebbian,137.73001098632812
59052,0.1,136,predictive_dendrites,0.0038317188154906034
59052,0.1,136,hebbian,5078488516132864.0
59052,0.1,136,bounded_hebbian,137.73001098632812
59052,0.1,137,predictive_dendrites,0.0036449586041271687
59052,0.1,137,hebbian,6772995922067456.0
59052,0.1,137,bounded_hebbian,137.73001098632812
59052,0.1,138,predictive_dendrites,0.003466865513473749
59052,0.1,138,hebbian,9032990533353472.0
59052,0.1,138,bounded_hebbian,137.73001098632812
59052,0.1,139,predictive_dendrites,0.003297052811831236
59052,0.1,139,hebbian,1.2047284481032192e+16
59052,0.1,139,bounded_hebbian,137.73001098632812
59052,0.1,140,predictive_dendrites,0.0031351714860647917
59052,0.1,140,hebbian,1.6067576807292928e+16
59052,0.1,140,bounded_hebbian,137.73001098632812
59052,0.1,141,predictive_dendrites,0.0029808827675879
59052,0.1,141,hebbian,2.142975220829389e+16
59052,0.1,141,bounded_hebbian,137.73001098632812
59052,0.1,142,predictive_dendrites,0.0028338569682091475
59052,0.1,142,hebbian,2.858181764893901e+16
59052,0.1,142,bounded_hebbian,137.73001098632812
59052,0.1,143,predictive_dendrites,0.002693777671083808
59052,0.1,143,hebbian,3.812107745230848e+16
59052,0.1,143,bounded_hebbian,137.73001098632812
59052,0.1,144,predictive_dendrites,0.0025603091344237328
59052,0.1,144,hebbian,5.084455299448832e+16
59052,0.1,144,bounded_hebbian,137.73001098632812
59052,0.1,145,predictive_dendrites,0.002433200366795063
59052,0.1,145,hebbian,6.781508547248128e+16
59052,0.1,145,bounded_hebbian,137.73001098632812
59052,0.1,146,predictive_dendrites,0.0023121314588934183
59052,0.1,146,hebbian,9.045064545415987e+16
59052,0.1,146,bounded_hebbian,137.73001098632812
59052,0.1,147,predictive_dendrites,0.002196861896663904
59052,0.1,147,hebbian,1.2064288256557056e+17
59052,0.1,147,bounded_hebbian,137.73001098632812
59052,0.1,148,predictive_dendrites,0.0020871160086244345
59052,0.1,148,hebbian,1.6091462623664538e+17
59052,0.1,148,bounded_hebbian,137.73001098632812
59052,0.1,149,predictive_dendrites,0.001982649089768529
59052,0.1,149,hebbian,2.1463279581999923e+17
59052,0.1,149,bounded_hebbian,137.73001098632812
59052,0.1,150,predictive_dendrites,0.001883220742456615
59052,0.1,150,hebbian,2.862835190160425e+17
59052,0.1,150,bounded_hebbian,137.73001098632812
59052,0.1,151,predictive_dendrites,0.0017886095447465777
59052,0.1,151,hebbian,3.818563338774774e+17
59052,0.1,151,bounded_hebbian,137.73001098632812
59052,0.1,152,predictive_dendrites,0.0016985710244625807
59052,0.1,152,hebbian,5.0933666693932646e+17
59052,0.1,152,bounded_hebbian,137.73001098632812
59052,0.1,153,predictive_dendrites,0.0016129184514284134
59052,0.1,153,hebbian,6.793761401748849e+17
59052,0.1,153,bounded_hebbian,137.73001098632812
59052,0.1,154,predictive_dendrites,0.0015314449556171894
59052,0.1,154,hebbian,9.061917138092032e+17
59052,0.1,154,bounded_hebbian,137.73001098632812
59052,0.1,155,predictive_dendrites,0.0014539476251229644
59052,0.1,155,hebbian,1.208741785803686e+18
59052,0.1,155,bounded_hebbian,137.73001098632812
59052,0.1,156,predictive_dendrites,0.0013802610337734222
59052,0.1,156,hebbian,1.612305709028868e+18
59052,0.1,156,bounded_hebbian,137.73001098632812
59052,0.1,157,predictive_dendrites,0.0013101849472150207
59052,0.1,157,hebbian,2.150610659069395e+18
59052,0.1,157,bounded_hebbian,137.73001098632812
59052,0.1,158,predictive_dendrites,0.0012435643002390862
59052,0.1,158,hebbian,2.868683561228042e+18
59052,0.1,158,bounded_hebbian,137.73001098632812
59052,0.1,159,predictive_dendrites,0.0011802262160927057
59052,0.1,159,hebbian,3.826556101113938e+18
59052,0.1,159,bounded_hebbian,137.73001098632812
59052,0.1,160,predictive_dendrites,0.0011200254084542394
59052,0.1,160,hebbian,5.104237540857086e+18
59052,0.1,160,bounded_hebbian,137.73001098632812
59052,0.1,161,predictive_dendrites,0.0010628097224980593
59052,0.1,161,hebbian,6.808530041933136e+18
59052,0.1,161,bounded_hebbian,137.73001098632812
59052,0.1,162,predictive_dendrites,0.001008436200208962
59052,0.1,162,hebbian,9.081977040546038e+18
59052,0.1,162,bounded_hebbian,137.73001098632812
59052,0.1,163,predictive_dendrites,0.0009567732340656221
59052,0.1,163,hebbian,1.2113996902370902e+19
59052,0.1,163,bounded_hebbian,137.73001098632812
59052,0.1,164,predictive_dendrites,0.0009076898568309844
59052,0.1,164,hebbian,1.6159812664493605e+19
59052,0.1,164,bounded_hebbian,137.73001098632812
59052,0.1,165,predictive_dendrites,0.0008610609220340848
59052,0.1,165,hebbian,2.155604860785079e+19
59052,0.1,165,bounded_hebbian,137.73001098632812
59052,0.1,166,predictive_dendrites,0.0008167652995325625
59052,0.1,166,hebbian,2.8754406099365396e+19
59052,0.1,166,bounded_hebbian,137.73001098632812
59052,0.1,167,predictive_dendrites,0.0007746964693069458
59052,0.1,167,hebbian,3.8356955716175e+19
59052,0.1,167,bounded_hebbian,137.73001098632812
59052,0.1,168,predictive_dendrites,0.0007347357459366322
59052,0.1,168,hebbian,5.116717217734669e+19
59052,0.1,168,bounded_hebbian,137.73001098632812
59052,0.1,169,predictive_dendrites,0.0006967983208596706
59052,0.1,169,hebbian,6.824861308042818e+19
59052,0.1,169,bounded_hebbian,137.73001098632812
59052,0.1,170,predictive_dendrites,0.0006607769755646586
59052,0.1,170,hebbian,9.104880747361914e+19
59052,0.1,170,bounded_hebbian,137.73001098632812
59052,0.1,171,predictive_dendrites,0.0006265723495744169
59052,0.1,171,hebbian,1.2142486568060532e+20
59052,0.1,171,bounded_hebbian,137.73001098632812
59052,0.1,172,predictive_dendrites,0.000594095850829035
59052,0.1,172,hebbian,1.6194738431447584e+20
59052,0.1,172,bounded_hebbian,137.73001098632812
59052,0.1,173,predictive_dendrites,0.0005632778047583997
59052,0.1,173,hebbian,2.1601714404384886e+20
59052,0.1,173,bounded_hebbian,137.73001098632812
59052,0.1,174,predictive_dendrites,0.0005340211791917682
59052,0.1,174,hebbian,2.8812883405386337e+20
59052,0.1,174,bounded_hebbian,137.73001098632812
59052,0.1,175,predictive_dendrites,0.0005062529817223549
59052,0.1,175,hebbian,3.8430028379347694e+20
59052,0.1,175,bounded_hebbian,137.73001098632812
59052,0.1,176,predictive_dendrites,0.00047989972517825663
59052,0.1,176,hebbian,5.126676154254413e+20
59052,0.1,176,bounded_hebbian,137.73001098632812
59052,0.1,177,predictive_dendrites,0.0004548942088149488
59052,0.1,177,hebbian,6.837275585968781e+20
59052,0.1,177,bounded_hebbian,137.73001098632812
59052,0.1,178,predictive_dendrites,0.00043117033783346415
59052,0.1,178,hebbian,9.117907585205944e+20
59052,0.1,178,bounded_hebbian,137.73001098632812
59052,0.1,179,predictive_dendrites,0.0004086613771505654
59052,0.1,179,hebbian,1.2162034125583784e+21
59052,0.1,179,bounded_hebbian,137.73001098632812
59052,0.1,180,predictive_dendrites,0.0003873072564601898
59052,0.1,180,hebbian,1.621783661988018e+21
59052,0.1,180,bounded_hebbian,137.73001098632812
59052,0.1,181,predictive_dendrites,0.00036704589729197323
59052,0.1,181,hebbian,2.1627470420285074e+21
59052,0.1,181,bounded_hebbian,137.73001098632812
59052,0.1,182,predictive_dendrites,0.00034782863804139197
59052,0.1,182,hebbian,2.884520095483737e+21
59052,0.1,182,bounded_hebbian,137.73001098632812
59052,0.1,183,predictive_dendrites,0.00032959936652332544
59052,0.1,183,hebbian,3.847035600294847e+21
59052,0.1,183,bounded_hebbian,137.73001098632812
59052,0.1,184,predictive_dendrites,0.00031231544562615454
59052,0.1,184,hebbian,5.131356379429669e+21
59052,0.1,184,bounded_hebbian,137.73001098632812
59052,0.1,185,predictive_dendrites,0.0002959204721264541
59052,0.1,185,hebbian,6.845547994796819e+21
59052,0.1,185,bounded_hebbian,137.73001098632812
59052,0.1,186,predictive_dendrites,0.00028037375886924565
59052,0.1,186,hebbian,9.132455619377234e+21
59052,0.1,186,bounded_hebbian,137.73001098632812
59052,0.1,187,predictive_dendrites,0.00026563010760582983
59052,0.1,187,hebbian,1.2184100356383016e+22
59052,0.1,187,bounded_hebbian,137.73001098632812
59052,0.1,188,predictive_dendrites,0.0002516536333132535
59052,0.1,188,hebbian,1.625434673910932e+22
59052,0.1,188,bounded_hebbian,137.73001098632812
59052,0.1,189,predictive_dendrites,0.000238399239606224
59052,0.1,189,hebbian,2.168224939140264e+22
59052,0.1,189,bounded_hebbian,137.73001098632812
59052,0.1,190,predictive_dendrites,0.0002258365711895749
59052,0.1,190,hebbian,2.8924994607135215e+22
59052,0.1,190,bounded_hebbian,137.73001098632812
59052,0.1,191,predictive_dendrites,0.00021392511553131044
59052,0.1,191,hebbian,3.858604897377599e+22
59052,0.1,191,bounded_hebbian,137.73001098632812
59052,0.1,192,predictive_dendrites,0.00020263640908524394
59052,0.1,192,hebbian,5.147424322180202e+22
59052,0.1,192,bounded_hebbian,137.73001098632812
59052,0.1,193,predictive_dendrites,0.00019193385378457606
59052,0.1,193,hebbian,6.866710409445833e+22
59052,0.1,193,bounded_hebbian,137.73001098632812
59052,0.1,194,predictive_dendrites,0.0001817894954001531
59052,0.1,194,hebbian,9.160377486706968e+22
59052,0.1,194,bounded_hebbian,137.73001098632812
59052,0.1,195,predictive_dendrites,0.0001721717999316752
59052,0.1,195,hebbian,1.2218140588986515e+23
59052,0.1,195,bounded_hebbian,137.73001098632812
59052,0.1,196,predictive_dendrites,0.00016306126781273633
59052,0.1,196,hebbian,1.630070319079377e+23
59052,0.1,196,bounded_hebbian,137.73001098632812
59052,0.1,197,predictive_dendrites,0.0001544255792396143
59052,0.1,197,hebbian,2.1744041930809904e+23
59052,0.1,197,bounded_hebbian,137.73001098632812
59052,0.1,198,predictive_dendrites,0.00014624242612626404
59052,0.1,198,hebbian,2.901010993793274e+23
59052,0.1,198,bounded_hebbian,137.73001098632812
59052,0.1,199,predictive_dendrites,0.00013848803064320236
59052,0.1,199,hebbian,3.8700764663484374e+23
59052,0.1,199,bounded_hebbian,137.73001098632812
59052,0.1,200,predictive_dendrites,0.0001311402884311974
59052,0.1,200,hebbian,5.163491184066824e+23
59052,0.1,200,bounded_hebbian,137.73001098632812
59052,0.1,201,predictive_dendrites,0.00012417850666679442
59052,0.1,201,hebbian,6.888280129645147e+23
59052,0.1,201,bounded_hebbian,137.73001098632812
59052,0.1,202,predictive_dendrites,0.00011758325126720592
59052,0.1,202,hebbian,9.189492717865963e+23
59052,0.1,202,bounded_hebbian,137.73001098632812
59052,0.1,203,predictive_dendrites,0.00011133337102364749
59052,0.1,203,hebbian,1.2259961195270262e+24
59052,0.1,203,bounded_hebbian,137.73001098632812
59052,0.1,204,predictive_dendrites,0.00010541406663833186
59052,0.1,204,hebbian,1.6356092422178845e+24
59052,0.1,204,bounded_hebbian,137.73001098632812
59052,0.1,205,predictive_dendrites,9.980589675251395e-05
59052,0.1,205,hebbian,2.1819463173337522e+24
59052,0.1,205,bounded_hebbian,137.73001098632812
59052,0.1,206,predictive_dendrites,9.449235221836716e-05
59052,0.1,206,hebbian,2.9108645094899906e+24
59052,0.1,206,bounded_hebbian,137.73001098632812
59052,0.1,207,predictive_dendrites,8.946286834543571e-05
59052,0.1,207,hebbian,3.8833088346871863e+24
59052,0.1,207,bounded_hebbian,137.73001098632812
59052,0.1,208,predictive_dendrites,8.469646127196029e-05
59052,0.1,208,hebbian,5.180599746561655e+24
59052,0.1,208,bounded_hebbian,137.73001098632812
59052,0.1,209,predictive_dendrites,8.018152584554628e-05
59052,0.1,209,hebbian,6.911885476876031e+24
59052,0.1,209,bounded_hebbian,137.73001098632812
59052,0.1,210,predictive_dendrites,7.590434688609093e-05
59052,0.1,210,hebbian,9.221387282484595e+24
59052,0.1,210,bounded_hebbian,137.73001098632812
59052,0.1,211,predictive_dendrites,7.185493450378999e-05
59052,0.1,211,hebbian,1.2302019483527944e+25
59052,0.1,211,bounded_hebbian,137.73001098632812
59052,0.1,212,predictive_dendrites,6.801902054576203e-05
59052,0.1,212,hebbian,1.6411766136945181e+25
59052,0.1,212,bounded_hebbian,137.73001098632812
59052,0.1,213,predictive_dendrites,6.438622222049162e-05
59052,0.1,213,hebbian,2.189425146195911e+25
59052,0.1,213,bounded_hebbian,137.73001098632812
59052,0.1,214,predictive_dendrites,6.0947324527660385e-05
59052,0.1,214,hebbian,2.9208401628086013e+25
59052,0.1,214,bounded_hebbian,137.73001098632812
59052,0.1,215,predictive_dendrites,5.768952178186737e-05
59052,0.1,215,hebbian,3.896588761038e+25
59052,0.1,215,bounded_hebbian,137.73001098632812
59052,0.1,216,predictive_dendrites,5.46037990716286e-05
59052,0.1,216,hebbian,5.198678016922492e+25
59052,0.1,216,bounded_hebbian,137.73001098632812
59052,0.1,217,predictive_dendrites,5.168317147763446e-05
59052,0.1,217,hebbian,6.935310766590934e+25
59052,0.1,217,bounded_hebbian,137.73001098632812
59052,0.1,218,predictive_dendrites,4.891757635050453e-05
59052,0.1,218,hebbian,9.25179293544914e+25
59052,0.1,218,bounded_hebbian,137.73001098632812
59052,0.1,219,predictive_dendrites,4.6299614041345194e-05
59052,0.1,219,hebbian,1.2342819761485874e+26
59052,0.1,219,bounded_hebbian,137.73001098632812
59052,0.1,220,predictive_dendrites,4.3819251004606485e-05
59052,0.1,220,hebbian,1.6469705054237694e+26
59052,0.1,220,bounded_hebbian,137.73001098632812
59052,0.1,221,predictive_dendrites,4.147332947468385e-05
59052,0.1,221,hebbian,2.19716549224296e+26
59052,0.1,221,bounded_hebbian,137.73001098632812
59052,0.1,222,predictive_dendrites,3.925032797269523e-05
59052,0.1,222,hebbian,2.9313014497233825e+26
59052,0.1,222,bounded_hebbian,137.73001098632812
59052,0.1,223,predictive_dendrites,3.714569174917415e-05
59052,0.1,223,hebbian,3.910654772329085e+26
59052,0.1,223,bounded_hebbian,137.73001098632812
59052,0.1,224,predictive_dendrites,3.5153523640474305e-05
59052,0.1,224,hebbian,5.2178083973315734e+26
59052,0.1,224,bounded_hebbian,137.73001098632812
59052,0.1,225,predictive_dendrites,3.3267588150920346e-05
59052,0.1,225,hebbian,6.961061130045748e+26
59052,0.1,225,bounded_hebbian,137.73001098632812
59052,0.1,226,predictive_dendrites,3.148319956380874e-05
59052,0.1,226,hebbian,9.289050562324574e+26
59052,0.1,226,bounded_hebbian,137.73001098632812
59052,0.1,227,predictive_dendrites,2.9792023269692436e-05
59052,0.1,227,hebbian,1.2391356834492618e+27
59052,0.1,227,bounded_hebbian,137.73001098632812
59052,0.1,228,predictive_dendrites,2.8192156605655327e-05
59052,0.1,228,hebbian,1.653478479839486e+27
59052,0.1,228,bounded_hebbian,137.73001098632812
59052,0.1,229,predictive_dendrites,2.6679317670641467e-05
59052,0.1,229,hebbian,2.206210226010205e+27
59052,0.1,229,bounded_hebbian,137.73001098632812
59052,0.1,230,predictive_dendrites,2.5246592485927977e-05
59052,0.1,230,hebbian,2.943793990638468e+27
59052,0.1,230,bounded_hebbian,137.73001098632812
59052,0.1,231,predictive_dendrites,2.3888969735708088e-05
59052,0.1,231,hebbian,3.92781592591481e+27
59052,0.1,231,bounded_hebbian,137.73001098632812
59052,0.1,232,predictive_dendrites,2.2605456251767464e-05
59052,0.1,232,hebbian,5.238828093268684e+27
59052,0.1,232,bounded_hebbian,137.73001098632812
59052,0.1,233,predictive_dendrites,2.138997479050886e-05
59052,0.1,233,hebbian,6.987424773954035e+27
59052,0.1,233,bounded_hebbian,137.73001098632812
59052,0.1,234,predictive_dendrites,2.02394621737767e-05
59052,0.1,234,hebbian,9.320254927025709e+27
59052,0.1,234,bounded_hebbian,137.73001098632812
59052,0.1,235,predictive_dendrites,1.9150005755363964e-05
59052,0.1,235,hebbian,1.2425314781575124e+28
59052,0.1,235,bounded_hebbian,137.73001098632812
59052,0.1,236,predictive_dendrites,1.8119866581400856e-05
59052,0.1,236,hebbian,1.6576786116189312e+28
59052,0.1,236,bounded_hebbian,137.73001098632812
59052,0.1,237,predictive_dendrites,1.7144651792477816e-05
59052,0.1,237,hebbian,2.2108398570212673e+28
59052,0.1,237,bounded_hebbian,137.73001098632812
59052,0.1,238,predictive_dendrites,1.622140007384587e-05
59052,0.1,238,hebbian,2.950285237546659e+28
59052,0.1,238,bounded_hebbian,137.73001098632812
59052,0.1,239,predictive_dendrites,1.5348219676525332e-05
59052,0.1,239,hebbian,3.936888418342537e+28
59052,0.1,239,bounded_hebbian,137.73001098632812
59052,0.1,240,predictive_dendrites,1.4522175661113579e-05
59052,0.1,240,hebbian,5.251416033365421e+28
59052,0.1,240,bounded_hebbian,137.73001098632812
59052,0.1,241,predictive_dendrites,1.3739513633481693e-05
59052,0.1,241,hebbian,7.006643152711046e+28
59052,0.1,241,bounded_hebbian,137.73001098632812
59052,0.1,242,predictive_dendrites,1.2999189493712038e-05
59052,0.1,242,hebbian,9.349010597131523e+28
59052,0.1,242,bounded_hebbian,137.73001098632812
59052,0.1,243,predictive_dendrites,1.2299024092499167e-05
59052,0.1,243,hebbian,1.2470023550133368e+29
59052,0.1,243,bounded_hebbian,137.73001098632812
59052,0.1,244,predictive_dendrites,1.1635725968517363e-05
59052,0.1,244,hebbian,1.663007424405531e+29
59052,0.1,244,bounded_hebbian,137.73001098632812
59052,0.1,245,predictive_dendrites,1.1008832188963424e-05
59052,0.1,245,hebbian,2.2184036241932148e+29
59052,0.1,245,bounded_hebbian,137.73001098632812
59052,0.1,246,predictive_dendrites,1.0415274118713569e-05
59052,0.1,246,hebbian,2.9596018999333827e+29
59052,0.1,246,bounded_hebbian,137.73001098632812
59052,0.1,247,predictive_dendrites,9.853682058746926e-06
59052,0.1,247,hebbian,3.9500359116438295e+29
59052,0.1,247,bounded_hebbian,137.73001098632812
59052,0.1,248,predictive_dendrites,9.321673132944852e-06
59052,0.1,248,hebbian,5.268749573988124e+29
59052,0.1,248,bounded_hebbian,137.73001098632812
59052,0.1,249,predictive_dendrites,8.819130925985519e-06
59052,0.1,249,hebbian,7.029682256518352e+29
59052,0.1,249,bounded_hebbian,137.73001098632812
59052,0.1,250,predictive_dendrites,8.343084118678235e-06
59052,0.1,250,hebbian,9.381525790418014e+29
59052,0.1,250,bounded_hebbian,137.73001098632812
59052,0.1,251,predictive_dendrites,7.892633220762946e-06
59052,0.1,251,hebbian,1.2515907007354226e+30
59052,0.1,251,bounded_hebbian,137.73001098632812
59052,0.1,252,predictive_dendrites,7.467067916877568e-06
59052,0.1,252,hebbian,1.669683415012898e+30
59052,0.1,252,bounded_hebbian,137.73001098632812
59052,0.1,253,predictive_dendrites,7.063439170451602e-06
59052,0.1,253,hebbian,2.2268667471723588e+30
59052,0.1,253,bounded_hebbian,137.73001098632812
59052,0.1,254,predictive_dendrites,6.68212214804953e-06
59052,0.1,254,hebbian,2.969367224914911e+30
59052,0.1,254,bounded_hebbian,137.73001098632812
59052,0.1,255,predictive_dendrites,6.321567525446881e-06
59052,0.1,255,hebbian,3.962274321062971e+30
59052,0.1,255,bounded_hebbian,137.73001098632812
59052,0.1,256,predictive_dendrites,5.979762590868631e-06
59052,0.1,256,hebbian,5.287354942351993e+30
59052,0.1,256,bounded_hebbian,137.73001098632812
59052,0.1,257,predictive_dendrites,5.6566691455373075e-06
59052,0.1,257,hebbian,7.048645618040554e+30
59052,0.1,257,bounded_hebbian,137.73001098632812
59052,0.1,258,predictive_dendrites,5.350830178940669e-06
59052,0.1,258,hebbian,9.405285716245265e+30
59052,0.1,258,bounded_hebbian,137.73001098632812
59052,0.1,259,predictive_dendrites,5.062337550043594e-06
59052,0.1,259,hebbian,1.254595652087375e+31
59052,0.1,259,bounded_hebbian,137.73001098632812
59052,0.1,260,predictive_dendrites,4.788363185070921e-06
59052,0.1,260,hebbian,1.6730288149872265e+31
59052,0.1,260,bounded_hebbian,137.73001098632812
59052,0.1,261,predictive_dendrites,4.52936455985764e-06
59052,0.1,261,hebbian,2.230254399104083e+31
59052,0.1,261,bounded_hebbian,137.73001098632812
59052,0.1,262,predictive_dendrites,4.284722308511846e-06
59052,0.1,262,hebbian,2.9719124973355277e+31
59052,0.1,262,bounded_hebbian,137.73001098632812
59052,0.1,263,predictive_dendrites,4.052998065162683e-06
59052,0.1,263,hebbian,3.9635648493754094e+31
59052,0.1,263,bounded_hebbian,137.73001098632812
59052,0.1,264,predictive_dendrites,3.83389351554797e-06
59052,0.1,264,hebbian,5.289021446594332e+31
59052,0.1,264,bounded_hebbian,137.73001098632812
59052,0.1,265,predictive_dendrites,3.626439593062969e-06
59052,0.1,265,hebbian,7.051001814462983e+31
59052,0.1,265,bounded_hebbian,137.73001098632812
59052,0.1,266,predictive_dendrites,3.4302765925531276e-06
59052,0.1,266,hebbian,9.391729789244762e+31
59052,0.1,266,bounded_hebbian,137.73001098632812
59052,0.1,267,predictive_dendrites,3.2448285764985485e-06
59052,0.1,267,hebbian,1.2536195170235853e+32
59052,0.1,267,bounded_hebbian,137.73001098632812
59052,0.1,268,predictive_dendrites,3.0694418455823325e-06
59052,0.1,268,hebbian,1.675478727339192e+32
59052,0.1,268,bounded_hebbian,137.73001098632812
59052,0.1,269,predictive_dendrites,2.9031918984401273e-06
59052,0.1,269,hebbian,2.239577635024951e+32
59052,0.1,269,bounded_hebbian,137.73001098632812
59052,0.1,270,predictive_dendrites,2.746015070442809e-06
59052,0.1,270,hebbian,2.9929796255243945e+32
59052,0.1,270,bounded_hebbian,137.73001098632812
59052,0.1,271,predictive_dendrites,2.597438424345455e-06
59052,0.1,271,hebbian,3.998126587847208e+32
59052,0.1,271,bounded_hebbian,137.73001098632812
59052,0.1,272,predictive_dendrites,2.4569192191847833e-06
59052,0.1,272,hebbian,5.341130211410476e+32
59052,0.1,272,bounded_hebbian,137.73001098632812
59052,0.1,273,predictive_dendrites,2.3241200324264355e-06
59052,0.1,273,hebbian,7.118897989914508e+32
59052,0.1,273,bounded_hebbian,137.73001098632812
59052,0.1,274,predictive_dendrites,2.1982798443787033e-06
59052,0.1,274,hebbian,9.503450589512039e+32
59052,0.1,274,bounded_hebbian,137.73001098632812
59052,0.1,275,predictive_dendrites,2.079381374642253e-06
59052,0.1,275,hebbian,1.2682439603633094e+33
59052,0.1,275,bounded_hebbian,137.73001098632812
59052,0.1,276,predictive_dendrites,1.9665433228510665e-06
59052,0.1,276,hebbian,1.688847783422202e+33
59052,0.1,276,bounded_hebbian,137.73001098632812
59052,0.1,277,predictive_dendrites,1.860025008681987e-06
59052,0.1,277,hebbian,2.2553002085507736e+33
59052,0.1,277,bounded_hebbian,137.73001098632812
59052,0.1,278,predictive_dendrites,1.759159658831777e-06
59052,0.1,278,hebbian,3.0098101166997513e+33
59052,0.1,278,bounded_hebbian,137.73001098632812
59052,0.1,279,predictive_dendrites,1.6642583204884431e-06
59052,0.1,279,hebbian,4.0185365826461586e+33
59052,0.1,279,bounded_hebbian,137.73001098632812
59052,0.1,280,predictive_dendrites,1.5740797607577406e-06
59052,0.1,280,hebbian,5.353735381117995e+33
59052,0.1,280,bounded_hebbian,137.73001098632812
59052,0.1,281,predictive_dendrites,1.4887403949614963e-06
59052,0.1,281,hebbian,7.132308594360086e+33
59052,0.1,281,bounded_hebbian,137.73001098632812
59052,0.1,282,predictive_dendrites,1.4081139170230017e-06
59052,0.1,282,hebbian,9.490172135165654e+33
59052,0.1,282,bounded_hebbian,137.73001098632812
59052,0.1,283,predictive_dendrites,1.331862449660548e-06
59052,0.1,283,hebbian,1.2661244677477984e+34
59052,0.1,283,bounded_hebbian,137.73001098632812
59052,0.1,284,predictive_dendrites,1.2597405429914943e-06
59052,0.1,284,hebbian,1.6856778213121048e+34
59052,0.1,284,bounded_hebbian,137.73001098632812
59052,0.1,285,predictive_dendrites,1.19151320632227e-06
59052,0.1,285,hebbian,2.2495078871069573e+34
59052,0.1,285,bounded_hebbian,137.73001098632812
59052,0.1,286,predictive_dendrites,1.1270814184172195e-06
59052,0.1,286,hebbian,3.000757494471471e+34
59052,0.1,286,bounded_hebbian,137.73001098632812
59052,0.1,287,predictive_dendrites,1.0658574183253222e-06
59052,0.1,287,hebbian,4.008794984889014e+34
59052,0.1,287,bounded_hebbian,137.73001098632812
59052,0.1,288,predictive_dendrites,1.0081960226671072e-06
59052,0.1,288,hebbian,5.341657790506719e+34
59052,0.1,288,bounded_hebbian,137.73001098632812
59052,0.1,289,predictive_dendrites,9.535360732115805e-07
59052,0.1,289,hebbian,7.103956548816349e+34
59052,0.1,289,bounded_hebbian,137.73001098632812
59052,0.1,290,predictive_dendrites,9.018139053296181e-07
59052,0.1,290,hebbian,9.489602682747582e+34
59052,0.1,290,bounded_hebbian,137.73001098632812
59052,0.1,291,predictive_dendrites,8.529639785592735e-07
59052,0.1,291,hebbian,1.2661108008897647e+35
59052,0.1,291,bounded_hebbian,137.73001098632812
59052,0.1,292,predictive_dendrites,8.067050316640234e-07
59052,0.1,292,hebbian,1.6852864094304836e+35
59052,0.1,292,bounded_hebbian,137.73001098632812
59052,0.1,293,predictive_dendrites,7.630376899214752e-07
59052,0.1,293,hebbian,2.244771132375839e+35
59052,0.1,293,bounded_hebbian,137.73001098632812
59052,0.1,294,predictive_dendrites,7.216476660687476e-07
59052,0.1,294,hebbian,2.9917215720543208e+35
59052,0.1,294,bounded_hebbian,137.73001098632812
59052,0.1,295,predictive_dendrites,6.824949423389626e-07
59052,0.1,295,hebbian,3.978399397446026e+35
59052,0.1,295,bounded_hebbian,137.73001098632812
59052,0.1,296,predictive_dendrites,6.455356356127595e-07
59052,0.1,296,hebbian,5.311061854847773e+35
59052,0.1,296,bounded_hebbian,137.73001098632812
59052,0.1,297,predictive_dendrites,6.104893373048981e-07
59052,0.1,297,hebbian,7.072419976797952e+35
59052,0.1,297,bounded_hebbian,137.73001098632812
59052,0.1,298,predictive_dendrites,5.773719067292404e-07
59052,0.1,298,hebbian,9.438859817642884e+35
59052,0.1,298,bounded_hebbian,137.73001098632812
59052,0.1,299,predictive_dendrites,5.46102739917842e-07
59052,0.1,299,hebbian,1.2634060306496902e+36
59052,0.1,299,bounded_hebbian,137.73001098632812
59052,0.1,300,predictive_dendrites,5.163033165445086e-07
59052,0.1,300,hebbian,1.6799400137958585e+36
59052,0.1,300,bounded_hebbian,137.73001098632812
59052,0.1,301,predictive_dendrites,4.883397650701227e-07
59052,0.1,301,hebbian,2.2302490063277868e+36
59052,0.1,301,bounded_hebbian,137.73001098632812
59052,0.1,302,predictive_dendrites,4.619635376457154e-07
59052,0.1,302,hebbian,2.955688366058346e+36
59052,0.1,302,bounded_hebbian,137.73001098632812
59052,0.1,303,predictive_dendrites,4.368719714875624e-07
59052,0.1,303,hebbian,3.9424440727338026e+36
59052,0.1,303,bounded_hebbian,137.73001098632812
59052,0.1,304,predictive_dendrites,4.1313151655231195e-07
59052,0.1,304,hebbian,5.2457337188494985e+36
59052,0.1,304,bounded_hebbian,137.73001098632812
59052,0.1,305,predictive_dendrites,3.9079912994566257e-07
59052,0.1,305,hebbian,6.9717347679426e+36
59052,0.1,305,bounded_hebbian,137.73001098632812
59052,0.1,306,predictive_dendrites,3.695946872994682e-07
59052,0.1,306,hebbian,9.248354750139385e+36
59052,0.1,306,bounded_hebbian,137.73001098632812
59052,0.1,307,predictive_dendrites,3.4947490235026635e-07
59052,0.1,307,hebbian,1.2255498955536895e+37
59052,0.1,307,bounded_hebbian,137.73001098632812
59052,0.1,308,predictive_dendrites,3.3056875281545217e-07
59052,0.1,308,hebbian,1.6297527124123427e+37
59052,0.1,308,bounded_hebbian,137.73001098632812
59052,0.1,309,predictive_dendrites,3.1272179512598086e-07
59052,0.1,309,hebbian,2.151058049358639e+37
59052,0.1,309,bounded_hebbian,137.73001098632812
59052,0.1,310,predictive_dendrites,2.9579112492683635e-07
59052,0.1,310,hebbian,2.864554429106738e+37
59052,0.1,310,bounded_hebbian,137.73001098632812
59052,0.1,311,predictive_dendrites,2.797411013943929e-07
59052,0.1,311,hebbian,3.804911588512641e+37
59052,0.1,311,bounded_hebbian,137.73001098632812
59052,0.1,312,predictive_dendrites,2.64537419525368e-07
59052,0.1,312,hebbian,5.046973393724663e+37
59052,0.1,312,bounded_hebbian,137.73001098632812
59052,0.1,313,predictive_dendrites,2.5023544480973214e-07
59052,0.1,313,hebbian,6.6172030651430495e+37
59052,0.1,313,bounded_hebbian,137.73001098632812
59052,0.1,314,predictive_dendrites,2.366208633475253e-07
59052,0.1,314,hebbian,inf
59052,0.1,314,bounded_hebbian,137.73001098632812
59052,0.1,315,predictive_dendrites,2.238378300489785e-07
59052,0.1,315,hebbian,inf
59052,0.1,315,bounded_hebbian,137.73001098632812
59052,0.1,316,predictive_dendrites,2.1168388286696427e-07
59052,0.1,316,hebbian,inf
59052,0.1,316,bounded_hebbian,137.73001098632812
59052,0.1,317,predictive_dendrites,2.0018909197005996e-07
59052,0.1,317,hebbian,inf
59052,0.1,317,bounded_hebbian,137.73001098632812
59052,0.1,318,predictive_dendrites,1.893524483875808e-07
59052,0.1,318,hebbian,inf
59052,0.1,318,bounded_hebbian,137.73001098632812
59052,0.1,319,predictive_dendrites,1.7904397964230157e-07
59052,0.1,319,hebbian,inf
59052,0.1,319,bounded_hebbian,137.73001098632812
59052,0.1,320,predictive_dendrites,1.693427407190029e-07
59052,0.1,320,hebbian,inf
59052,0.1,320,bounded_hebbian,137.73001098632812
59052,0.1,321,predictive_dendrites,1.6005498082449776e-07
59052,0.1,321,hebbian,inf
59052,0.1,321,bounded_hebbian,137.73001098632812
59052,0.1,322,predictive_dendrites,1.513764971150522e-07
59052,0.1,322,hebbian,inf
59052,0.1,322,bounded_hebbian,137.73001098632812
59052,0.1,323,predictive_dendrites,1.432331657724717e-07
59052,0.1,323,hebbian,inf
59052,0.1,323,bounded_hebbian,137.73001098632812
59052,0.1,324,predictive_dendrites,1.354245995344172e-07
59052,0.1,324,hebbian,inf
59052,0.1,324,bounded_hebbian,137.73001098632812
59052,0.1,325,predictive_dendrites,1.2804810012312373e-07
59052,0.1,325,hebbian,inf
59052,0.1,325,bounded_hebbian,137.73001098632812
59052,0.1,326,predictive_dendrites,1.211269022860506e-07
59052,0.1,326,hebbian,inf
59052,0.1,326,bounded_hebbian,137.73001098632812
59052,0.1,327,predictive_dendrites,1.1457950677140616e-07
59052,0.1,327,hebbian,inf
59052,0.1,327,bounded_hebbian,137.73001098632812
59052,0.1,328,predictive_dendrites,1.0837094777116363e-07
59052,0.1,328,hebbian,inf
59052,0.1,328,bounded_hebbian,137.73001098632812
59052,0.1,329,predictive_dendrites,1.024498459401002e-07
59052,0.1,329,hebbian,inf
59052,0.1,329,bounded_hebbian,137.73001098632812
59052,0.1,330,predictive_dendrites,9.689902213949608e-08
59052,0.1,330,hebbian,inf
59052,0.1,330,bounded_hebbian,137.73001098632812
59052,0.1,331,predictive_dendrites,9.162908298776529e-08
59052,0.1,331,hebbian,inf
59052,0.1,331,bounded_hebbian,137.73001098632812
59052,0.1,332,predictive_dendrites,8.671687368178027e-08
59052,0.1,332,hebbian,inf
59052,0.1,332,bounded_hebbian,137.73001098632812
59052,0.1,333,predictive_dendrites,8.197425671596648e-08
59052,0.1,333,hebbian,inf
59052,0.1,333,bounded_hebbian,137.73001098632812
59052,0.1,334,predictive_dendrites,7.751431496672012e-08
59052,0.1,334,hebbian,inf
59052,0.1,334,bounded_hebbian,137.73001098632812
59052,0.1,335,predictive_dendrites,7.332427287565224e-08
59052,0.1,335,hebbian,inf
59052,0.1,335,bounded_hebbian,137.73001098632812
59052,0.1,336,predictive_dendrites,6.932903318102035e-08
59052,0.1,336,hebbian,inf
59052,0.1,336,bounded_hebbian,137.73001098632812
59052,0.1,337,predictive_dendrites,6.555254117301956e-08
59052,0.1,337,hebbian,inf
59052,0.1,337,bounded_hebbian,137.73001098632812
59052,0.1,338,predictive_dendrites,6.20450180122134e-08
59052,0.1,338,hebbian,inf
59052,0.1,338,bounded_hebbian,137.73001098632812
59052,0.1,339,predictive_dendrites,5.8619509246682355e-08
59052,0.1,339,hebbian,inf
59052,0.1,339,bounded_hebbian,137.73001098632812
59052,0.1,340,predictive_dendrites,5.5459572934069e-08
59052,0.1,340,hebbian,inf
59052,0.1,340,bounded_hebbian,137.73001098632812
59052,0.1,341,predictive_dendrites,5.244176648488974e-08
59052,0.1,341,hebbian,inf
59052,0.1,341,bounded_hebbian,137.73001098632812
59052,0.1,342,predictive_dendrites,4.960125821185102e-08
59052,0.1,342,hebbian,inf
59052,0.1,342,bounded_hebbian,137.73001098632812
59052,0.1,343,predictive_dendrites,4.690435773113677e-08
59052,0.1,343,hebbian,inf
59052,0.1,343,bounded_hebbian,137.73001098632812
59052,0.1,344,predictive_dendrites,4.434557610011325e-08
59052,0.1,344,hebbian,inf
59052,0.1,344,bounded_hebbian,137.73001098632812
59052,0.1,345,predictive_dendrites,4.1919555826552823e-08
59052,0.1,345,hebbian,inf
59052,0.1,345,bounded_hebbian,137.73001098632812
59052,0.1,346,predictive_dendrites,3.965667616512292e-08
59052,0.1,346,hebbian,inf
59052,0.1,346,bounded_hebbian,137.73001098632812
59052,0.1,347,predictive_dendrites,3.751427968268217e-08
59052,0.1,347,hebbian,inf
59052,0.1,347,bounded_hebbian,137.73001098632812
59052,0.1,348,predictive_dendrites,3.5465038905613255e-08
59052,0.1,348,hebbian,inf
59052,0.1,348,bounded_hebbian,137.73001098632812
59052,0.1,349,predictive_dendrites,3.356064937065639e-08
59052,0.1,349,hebbian,inf
59052,0.1,349,bounded_hebbian,137.73001098632812
59052,0.1,350,predictive_dendrites,3.173004259338086e-08
59052,0.1,350,hebbian,inf
59052,0.1,350,bounded_hebbian,137.73001098632812
59052,0.1,351,predictive_dendrites,3.000237214223489e-08
59052,0.1,351,hebbian,inf
59052,0.1,351,bounded_hebbian,137.73001098632812
59052,0.1,352,predictive_dendrites,2.8373239757684132e-08
59052,0.1,352,hebbian,inf
59052,0.1,352,bounded_hebbian,137.73001098632812
59052,0.1,353,predictive_dendrites,2.6848148593217047e-08
59052,0.1,353,hebbian,inf
59052,0.1,353,bounded_hebbian,137.73001098632812
59052,0.1,354,predictive_dendrites,2.5374678358502933e-08
59052,0.1,354,hebbian,inf
59052,0.1,354,bounded_hebbian,137.73001098632812
59052,0.1,355,predictive_dendrites,2.397969822709456e-08
59052,0.1,355,hebbian,inf
59052,0.1,355,bounded_hebbian,137.73001098632812
59052,0.1,356,predictive_dendrites,2.2686954537221027e-08
59052,0.1,356,hebbian,inf
59052,0.1,356,bounded_hebbian,137.73001098632812
59052,0.1,357,predictive_dendrites,2.1464945376692413e-08
59052,0.1,357,hebbian,inf
59052,0.1,357,bounded_hebbian,137.73001098632812
59052,0.1,358,predictive_dendrites,2.031072909858267e-08
59052,0.1,358,hebbian,inf
59052,0.1,358,bounded_hebbian,137.73001098632812
59052,0.1,359,predictive_dendrites,1.9213185709077152e-08
59052,0.1,359,hebbian,inf
59052,0.1,359,bounded_hebbian,137.73001098632812
59052,0.1,360,predictive_dendrites,1.8178258898160493e-08
59052,0.1,360,hebbian,inf
59052,0.1,360,bounded_hebbian,137.73001098632812
59052,0.1,361,predictive_dendrites,1.7179793587729364e-08
59052,0.1,361,hebbian,inf
59052,0.1,361,bounded_hebbian,137.73001098632812
59052,0.1,362,predictive_dendrites,1.6247494016852215e-08
59052,0.1,362,hebbian,inf
59052,0.1,362,bounded_hebbian,137.73001098632812
59052,0.1,363,predictive_dendrites,1.5378137874222375e-08
59052,0.1,363,hebbian,inf
59052,0.1,363,bounded_hebbian,137.73001098632812
59052,0.1,364,predictive_dendrites,1.4539871528995718e-08
59052,0.1,364,hebbian,inf
59052,0.1,364,bounded_hebbian,137.73001098632812
59052,0.1,365,predictive_dendrites,1.3753042260589154e-08
59052,0.1,365,hebbian,inf
59052,0.1,365,bounded_hebbian,137.73001098632812
59052,0.1,366,predictive_dendrites,1.3001688614622253e-08
59052,0.1,366,hebbian,inf
59052,0.1,366,bounded_hebbian,137.73001098632812
59052,0.1,367,predictive_dendrites,1.2304475660585013e-08
59052,0.1,367,hebbian,inf
59052,0.1,367,bounded_hebbian,137.73001098632812
59052,0.1,368,predictive_dendrites,1.1626475782122725e-08
59052,0.1,368,hebbian,inf
59052,0.1,368,bounded_hebbian,137.73001098632812
59052,0.1,369,predictive_dendrites,1.0992671661824716e-08
59052,0.1,369,hebbian,inf
59052,0.1,369,bounded_hebbian,137.73001098632812
59052,0.1,370,predictive_dendrites,1.0394853866557696e-08
59052,0.1,370,hebbian,inf
59052,0.1,370,bounded_hebbian,137.73001098632812
59052,0.1,371,predictive_dendrites,9.83147163680087e-09
59052,0.1,371,hebbian,inf
59052,0.1,371,bounded_hebbian,137.73001098632812
59052,0.1,372,predictive_dendrites,9.301022174668105e-09
59052,0.1,372,hebbian,inf
59052,0.1,372,bounded_hebbian,137.73001098632812
59052,0.1,373,predictive_dendrites,8.790870253960748e-09
59052,0.1,373,hebbian,inf
59052,0.1,373,bounded_hebbian,137.73001098632812
59052,0.1,374,predictive_dendrites,8.327710077082884e-09
59052,0.1,374,hebbian,inf
59052,0.1,374,bounded_hebbian,137.73001098632812
59052,0.1,375,predictive_dendrites,7.861221895666404e-09
59052,0.1,375,hebbian,inf
59052,0.1,375,bounded_hebbian,137.73001098632812
59052,0.1,376,predictive_dendrites,7.428713644230811e-09
59052,0.1,376,hebbian,inf
59052,0.1,376,bounded_hebbian,137.73001098632812
59052,0.1,377,predictive_dendrites,7.028416071364063e-09
59052,0.1,377,hebbian,inf
59052,0.1,377,bounded_hebbian,137.73001098632812
59052,0.1,378,predictive_dendrites,6.644062189309352e-09
59052,0.1,378,hebbian,inf
59052,0.1,378,bounded_hebbian,137.73001098632812
59052,0.1,379,predictive_dendrites,6.284682996238189e-09
59052,0.1,379,hebbian,inf
59052,0.1,379,bounded_hebbian,137.73001098632812
59052,0.1,380,predictive_dendrites,5.94448312796203e-09
59052,0.1,380,hebbian,inf
59052,0.1,380,bounded_hebbian,137.73001098632812
59052,0.1,381,predictive_dendrites,5.6137494652830355e-09
59052,0.1,381,hebbian,inf
59052,0.1,381,bounded_hebbian,137.73001098632812
59052,0.1,382,predictive_dendrites,5.314184647886577e-09
59052,0.1,382,hebbian,inf
59052,0.1,382,bounded_hebbian,137.73001098632812
59052,0.1,383,predictive_dendrites,5.014388904100997e-09
59052,0.1,383,hebbian,inf
59052,0.1,383,bounded_hebbian,137.73001098632812
59052,0.1,384,predictive_dendrites,4.747906956481529e-09
59052,0.1,384,hebbian,inf
59052,0.1,384,bounded_hebbian,137.73001098632812
59052,0.1,385,predictive_dendrites,4.492695104829636e-09
59052,0.1,385,hebbian,inf
59052,0.1,385,bounded_hebbian,137.73001098632812
59052,0.1,386,predictive_dendrites,4.236770934085143e-09
59052,0.1,386,hebbian,inf
59052,0.1,386,bounded_hebbian,137.73001098632812
59052,0.1,387,predictive_dendrites,4.014744092728506e-09
59052,0.1,387,hebbian,inf
59052,0.1,387,bounded_hebbian,137.73001098632812
59052,0.1,388,predictive_dendrites,3.798692915779611e-09
59052,0.1,388,hebbian,inf
59052,0.1,388,bounded_hebbian,137.73001098632812
59052,0.1,389,predictive_dendrites,3.585048036214289e-09
59052,0.1,389,hebbian,inf
59052,0.1,389,bounded_hebbian,137.73001098632812
59052,0.1,390,predictive_dendrites,3.398401782206406e-09
59052,0.1,390,hebbian,inf
59052,0.1,390,bounded_hebbian,137.73001098632812
59052,0.1,391,predictive_dendrites,3.20998805314332e-09
59052,0.1,391,hebbian,inf
59052,0.1,391,bounded_hebbian,137.73001098632812
59052,0.1,392,predictive_dendrites,3.0335096656841642e-09
59052,0.1,392,hebbian,inf
59052,0.1,392,bounded_hebbian,137.73001098632812
59052,0.1,393,predictive_dendrites,2.8684017383540095e-09
59052,0.1,393,hebbian,inf
59052,0.1,393,bounded_hebbian,137.73001098632812
59052,0.1,394,predictive_dendrites,2.7172266658936906e-09
59052,0.1,394,hebbian,inf
59052,0.1,394,bounded_hebbian,137.73001098632812
59052,0.1,395,predictive_dendrites,2.564104706337389e-09
59052,0.1,395,hebbian,inf
59052,0.1,395,bounded_hebbian,137.73001098632812
59052,0.1,396,predictive_dendrites,2.4330308878717233e-09
59052,0.1,396,hebbian,inf
59052,0.1,396,bounded_hebbian,137.73001098632812
59052,0.1,397,predictive_dendrites,2.2968189572480924e-09
59052,0.1,397,hebbian,inf
59052,0.1,397,bounded_hebbian,137.73001098632812
59052,0.1,398,predictive_dendrites,2.178417668474708e-09
59052,0.1,398,hebbian,inf
59052,0.1,398,bounded_hebbian,137.73001098632812
59052,0.1,399,predictive_dendrites,2.052335412727757e-09
59052,0.1,399,hebbian,inf
59052,0.1,399,bounded_hebbian,137.73001098632812
59052,0.1,400,predictive_dendrites,1.940499538832796e-09
59052,0.1,400,hebbian,inf
59052,0.1,400,bounded_hebbian,137.73001098632812
59052,0.1,401,predictive_dendrites,1.8317971584025372e-09
59052,0.1,401,hebbian,inf
59052,0.1,401,bounded_hebbian,137.73001098632812
59052,0.1,402,predictive_dendrites,1.731184307018907e-09
59052,0.1,402,hebbian,inf
59052,0.1,402,bounded_hebbian,137.73001098632812
59052,0.1,403,predictive_dendrites,1.6382346590404495e-09
59052,0.1,403,hebbian,inf
59052,0.1,403,bounded_hebbian,137.73001098632812
59052,0.1,404,predictive_dendrites,1.5525432051077814e-09
59052,0.1,404,hebbian,inf
59052,0.1,404,bounded_hebbian,137.73001098632812
59052,0.1,405,predictive_dendrites,1.469153909638976e-09
59052,0.1,405,hebbian,inf
59052,0.1,405,bounded_hebbian,137.73001098632812
59052,0.1,406,predictive_dendrites,1.3814134280920598e-09
59052,0.1,406,hebbian,inf
59052,0.1,406,bounded_hebbian,137.73001098632812
59052,0.1,407,predictive_dendrites,1.3135983412126961e-09
59052,0.1,407,hebbian,inf
59052,0.1,407,bounded_hebbian,137.73001098632812
59052,0.1,408,predictive_dendrites,1.2411833782977055e-09
59052,0.1,408,hebbian,inf
59052,0.1,408,bounded_hebbian,137.73001098632812
59052,0.1,409,predictive_dendrites,1.1749039519060034e-09
59052,0.1,409,hebbian,inf
59052,0.1,409,bounded_hebbian,137.73001098632812
59052,0.1,410,predictive_dendrites,1.110443514917847e-09
59052,0.1,410,hebbian,inf
59052,0.1,410,bounded_hebbian,137.73001098632812
59052,0.1,411,predictive_dendrites,1.0516638671020928e-09
59052,0.1,411,hebbian,inf
59052,0.1,411,bounded_hebbian,137.73001098632812
59052,0.1,412,predictive_dendrites,9.944829404417987e-10
59052,0.1,412,hebbian,inf
59052,0.1,412,bounded_hebbian,137.73001098632812
59052,0.1,413,predictive_dendrites,9.38900734936965e-10
59052,0.1,413,hebbian,inf
59052,0.1,413,bounded_hebbian,137.73001098632812
59052,0.1,414,predictive_dendrites,8.88466411552713e-10
59052,0.1,414,hebbian,inf
59052,0.1,414,bounded_hebbian,137.73001098632812
59052,0.1,415,predictive_dendrites,8.428815423400238e-10
59052,0.1,415,hebbian,inf
59052,0.1,415,bounded_hebbian,137.73001098632812
59052,0.1,416,predictive_dendrites,7.934535251052921e-10
59052,0.1,416,hebbian,inf
59052,0.1,416,bounded_hebbian,137.73001098632812
59052,0.1,417,predictive_dendrites,7.487772624159561e-10
59052,0.1,417,hebbian,inf
59052,0.1,417,bounded_hebbian,137.73001098632812
59052,0.1,418,predictive_dendrites,7.117411104928806e-10
59052,0.1,418,hebbian,inf
59052,0.1,418,bounded_hebbian,137.73001098632812
59052,0.1,419,predictive_dendrites,6.756446513378478e-10
59052,0.1,419,hebbian,inf
59052,0.1,419,bounded_hebbian,137.73001098632812
59052,0.1,420,predictive_dendrites,6.359714976866826e-10
59052,0.1,420,hebbian,inf
59052,0.1,420,bounded_hebbian,137.73001098632812
59052,0.1,421,predictive_dendrites,6.004159391892472e-10
59052,0.1,421,hebbian,inf
59052,0.1,421,bounded_hebbian,137.73001098632812
59052,0.1,422,predictive_dendrites,5.687221804606679e-10
59052,0.1,422,hebbian,inf
59052,0.1,422,bounded_hebbian,137.73001098632812
59052,0.1,423,predictive_dendrites,5.378881784423584e-10
59052,0.1,423,hebbian,inf
59052,0.1,423,bounded_hebbian,137.73001098632812
59052,0.1,424,predictive_dendrites,5.092577470833248e-10
59052,0.1,424,hebbian,inf
59052,0.1,424,bounded_hebbian,137.73001098632812
59052,0.1,425,predictive_dendrites,4.814106890904668e-10
59052,0.1,425,hebbian,inf
59052,0.1,425,bounded_hebbian,137.73001098632812
59052,0.1,426,predictive_dendrites,4.543470044637843e-10
59052,0.1,426,hebbian,inf
59052,0.1,426,bounded_hebbian,137.73001098632812
59052,0.1,427,predictive_dendrites,4.280666932032773e-10
59052,0.1,427,hebbian,inf
59052,0.1,427,bounded_hebbian,137.73001098632812
59052,0.1,428,predictive_dendrites,4.061642133734722e-10
59052,0.1,428,hebbian,inf
59052,0.1,428,bounded_hebbian,137.73001098632812
59052,0.1,429,predictive_dendrites,3.871785114739623e-10
59052,0.1,429,hebbian,inf
59052,0.1,429,bounded_hebbian,137.73001098632812
59052,0.1,430,predictive_dendrites,3.6181568852100554e-10
59052,0.1,430,hebbian,inf
59052,0.1,430,bounded_hebbian,137.73001098632812
59052,0.1,431,predictive_dendrites,3.4280600580416376e-10
59052,0.1,431,hebbian,inf
59052,0.1,431,bounded_hebbian,137.73001098632812
59052,0.1,432,predictive_dendrites,3.2430971796948427e-10
59052,0.1,432,hebbian,inf
59052,0.1,432,bounded_hebbian,137.73001098632812
59052,0.1,433,predictive_dendrites,3.0632676950581583e-10
59052,0.1,433,hebbian,inf
59052,0.1,433,bounded_hebbian,137.73001098632812
59052,0.1,434,predictive_dendrites,2.9088578767932916e-10
59052,0.1,434,hebbian,inf
59052,0.1,434,bounded_hebbian,137.73001098632812
59052,0.1,435,predictive_dendrites,2.778269003744782e-10
59052,0.1,435,hebbian,inf
59052,0.1,435,bounded_hebbian,137.73001098632812
59052,0.1,436,predictive_dendrites,2.621665384783256e-10
59052,0.1,436,hebbian,inf
59052,0.1,436,bounded_hebbian,137.73001098632812
59052,0.1,437,predictive_dendrites,2.4696092393305946e-10
59052,0.1,437,hebbian,inf
59052,0.1,437,bounded_hebbian,137.73001098632812
59052,0.1,438,predictive_dendrites,2.3402904614222564e-10
59052,0.1,438,hebbian,inf
59052,0.1,438,bounded_hebbian,137.73001098632812
59052,0.1,439,predictive_dendrites,2.2144532041412646e-10
59052,0.1,439,hebbian,inf
59052,0.1,439,bounded_hebbian,137.73001098632812
59052,0.1,440,predictive_dendrites,2.0663316890878747e-10
59052,0.1,440,hebbian,inf
59052,0.1,440,bounded_hebbian,137.73001098632812
59052,0.1,441,predictive_dendrites,1.989992753914649e-10
59052,0.1,441,hebbian,inf
59052,0.1,441,bounded_hebbian,137.73001098632812
59052,0.1,442,predictive_dendrites,1.8822655933892207e-10
59052,0.1,442,hebbian,inf
59052,0.1,442,bounded_hebbian,137.73001098632812
59052,0.1,443,predictive_dendrites,1.7537994667637946e-10
59052,0.1,443,hebbian,inf
59052,0.1,443,bounded_hebbian,137.73001098632812
59052,0.1,444,predictive_dendrites,1.6604341512849174e-10
59052,0.1,444,hebbian,inf
59052,0.1,444,bounded_hebbian,137.73001098632812
59052,0.1,445,predictive_dendrites,1.5845837142425268e-10
59052,0.1,445,hebbian,inf
59052,0.1,445,bounded_hebbian,137.73001098632812
59052,0.1,446,predictive_dendrites,1.4886337995623222e-10
59052,0.1,446,hebbian,inf
59052,0.1,446,bounded_hebbian,137.73001098632812
59052,0.1,447,predictive_dendrites,1.395685927940704e-10
59052,0.1,447,hebbian,inf
59052,0.1,447,bounded_hebbian,137.73001098632812
59052,0.1,448,predictive_dendrites,1.3262303755201543e-10
59052,0.1,448,hebbian,inf
59052,0.1,448,bounded_hebbian,137.73001098632812
59052,0.1,449,predictive_dendrites,1.2518809600070568e-10
59052,0.1,449,hebbian,inf
59052,0.1,449,bounded_hebbian,137.73001098632812
59052,0.1,450,predictive_dendrites,1.1991586890136574e-10
59052,0.1,450,hebbian,inf
59052,0.1,450,bounded_hebbian,137.73001098632812
59052,0.1,451,predictive_dendrites,1.1412051165171633e-10
59052,0.1,451,hebbian,inf
59052,0.1,451,bounded_hebbian,137.73001098632812
59052,0.1,452,predictive_dendrites,1.0661718036208967e-10
59052,0.1,452,hebbian,inf
59052,0.1,452,bounded_hebbian,137.73001098632812
59052,0.1,453,predictive_dendrites,1.0235836483962757e-10
59052,0.1,453,hebbian,inf
59052,0.1,453,bounded_hebbian,137.73001098632812
59052,0.1,454,predictive_dendrites,9.584179977428775e-11
59052,0.1,454,hebbian,inf
59052,0.1,454,bounded_hebbian,137.73001098632812
59052,0.1,455,predictive_dendrites,9.010416718302494e-11
59052,0.1,455,hebbian,inf
59052,0.1,455,bounded_hebbian,137.73001098632812
59052,0.1,456,predictive_dendrites,8.454417027570216e-11
59052,0.1,456,hebbian,inf
59052,0.1,456,bounded_hebbian,137.73001098632812
59052,0.1,457,predictive_dendrites,8.075786567252052e-11
59052,0.1,457,hebbian,inf
59052,0.1,457,bounded_hebbian,137.73001098632812
59052,0.1,458,predictive_dendrites,7.601765744658096e-11
59052,0.1,458,hebbian,inf
59052,0.1,458,bounded_hebbian,137.73001098632812
59052,0.1,459,predictive_dendrites,7.293745468706092e-11
59052,0.1,459,hebbian,inf
59052,0.1,459,bounded_hebbian,137.73001098632812
59052,0.1,460,predictive_dendrites,6.745650565909145e-11
59052,0.1,460,hebbian,inf
59052,0.1,460,bounded_hebbian,137.73001098632812
59052,0.1,461,predictive_dendrites,6.455749129719024e-11
59052,0.1,461,hebbian,inf
59052,0.1,461,bounded_hebbian,137.73001098632812
59052,0.1,462,predictive_dendrites,6.172242578150744e-11
59052,0.1,462,hebbian,inf
59052,0.1,462,bounded_hebbian,137.73001098632812
59052,0.1,463,predictive_dendrites,5.849567358273688e-11
59052,0.1,463,hebbian,inf
59052,0.1,463,bounded_hebbian,137.73001098632812
59052,0.1,464,predictive_dendrites,5.5799163900527304e-11
59052,0.1,464,hebbian,inf
59052,0.1,464,bounded_hebbian,137.73001098632812
59052,0.1,465,predictive_dendrites,5.316660306453613e-11
59052,0.1,465,hebbian,inf
59052,0.1,465,bounded_hebbian,137.73001098632812
59052,0.1,466,predictive_dendrites,5.017610632540581e-11
59052,0.1,466,hebbian,inf
59052,0.1,466,bounded_hebbian,137.73001098632812
59052,0.1,467,predictive_dendrites,4.768210132288786e-11
59052,0.1,467,hebbian,inf
59052,0.1,467,bounded_hebbian,137.73001098632812
59052,0.1,468,predictive_dendrites,4.485325305614296e-11
59052,0.1,468,hebbian,inf
59052,0.1,468,bounded_hebbian,137.73001098632812
59052,0.1,469,predictive_dendrites,4.249780388709823e-11
59052,0.1,469,hebbian,inf
59052,0.1,469,bounded_hebbian,137.73001098632812
59052,0.1,470,predictive_dendrites,4.0206303564271906e-11
59052,0.1,470,hebbian,inf
59052,0.1,470,bounded_hebbian,137.73001098632812
59052,0.1,471,predictive_dendrites,3.761371075716724e-11
59052,0.1,471,hebbian,inf
59052,0.1,471,bounded_hebbian,137.73001098632812
59052,0.1,472,predictive_dendrites,3.510815943519319e-11
59052,0.1,472,hebbian,inf
59052,0.1,472,bounded_hebbian,137.73001098632812
59052,0.1,473,predictive_dendrites,3.337177062467944e-11
59052,0.1,473,hebbian,inf
59052,0.1,473,bounded_hebbian,137.73001098632812
59052,0.1,474,predictive_dendrites,3.101543327721501e-11
59052,0.1,474,hebbian,inf
59052,0.1,474,bounded_hebbian,137.73001098632812
59052,0.1,475,predictive_dendrites,2.9708034643416426e-11
59052,0.1,475,hebbian,inf
59052,0.1,475,bounded_hebbian,137.73001098632812
59052,0.1,476,predictive_dendrites,2.7800227397900557e-11
59052,0.1,476,hebbian,inf
59052,0.1,476,bounded_hebbian,137.73001098632812
59052,0.1,477,predictive_dendrites,2.625923783972084e-11
59052,0.1,477,hebbian,inf
59052,0.1,477,bounded_hebbian,137.73001098632812
59052,0.1,478,predictive_dendrites,2.505842061628627e-11
59052,0.1,478,hebbian,inf
59052,0.1,478,bounded_hebbian,137.73001098632812
59052,0.1,479,predictive_dendrites,2.3310485486316423e-11
59052,0.1,479,hebbian,inf
59052,0.1,479,bounded_hebbian,137.73001098632812
59052,0.1,480,predictive_dendrites,2.2742051297708343e-11
59052,0.1,480,hebbian,inf
59052,0.1,480,bounded_hebbian,137.73001098632812
59052,0.1,481,predictive_dendrites,2.1352052070877647e-11
59052,0.1,481,hebbian,inf
59052,0.1,481,bounded_hebbian,137.73001098632812
59052,0.1,482,predictive_dendrites,2.080848687802117e-11
59052,0.1,482,hebbian,inf
59052,0.1,482,bounded_hebbian,137.73001098632812
59052,0.1,483,predictive_dendrites,1.974267277438102e-11
59052,0.1,483,hebbian,inf
59052,0.1,483,bounded_hebbian,137.73001098632812
59052,0.1,484,predictive_dendrites,1.8705280380171274e-11
59052,0.1,484,hebbian,inf
59052,0.1,484,bounded_hebbian,137.73001098632812
59052,0.1,485,predictive_dendrites,1.8197242324102803e-11
59052,0.1,485,hebbian,inf
59052,0.1,485,bounded_hebbian,137.73001098632812
59052,0.1,486,predictive_dendrites,1.7696309695391932e-11
59052,0.1,486,hebbian,inf
59052,0.1,486,bounded_hebbian,137.73001098632812
59052,0.1,487,predictive_dendrites,1.6236144373404926e-11
59052,0.1,487,hebbian,inf
59052,0.1,487,bounded_hebbian,137.73001098632812
59052,0.1,488,predictive_dendrites,1.5999000735344993e-11
59052,0.1,488,hebbian,inf
59052,0.1,488,bounded_hebbian,137.73001098632812
59052,0.1,489,predictive_dendrites,1.5530042529743326e-11
59052,0.1,489,hebbian,inf
59052,0.1,489,bounded_hebbian,137.73001098632812
59052,0.1,490,predictive_dendrites,1.4165800477083934e-11
59052,0.1,490,hebbian,inf
59052,0.1,490,bounded_hebbian,137.73001098632812
59052,0.1,491,predictive_dendrites,1.3507660268086141e-11
59052,0.1,491,hebbian,inf
59052,0.1,491,bounded_hebbian,137.73001098632812
59052,0.1,492,predictive_dendrites,1.2655008985174021e-11
59052,0.1,492,hebbian,inf
59052,0.1,492,bounded_hebbian,137.73001098632812
59052,0.1,493,predictive_dendrites,1.2034172269803634e-11
59052,0.1,493,hebbian,inf
59052,0.1,493,bounded_hebbian,137.73001098632812
59052,0.1,494,predictive_dendrites,1.1830779411692305e-11
59052,0.1,494,hebbian,inf
59052,0.1,494,bounded_hebbian,137.73001098632812
59052,0.1,495,predictive_dendrites,1.1034971547640993e-11
59052,0.1,495,hebbian,inf
59052,0.1,495,bounded_hebbian,137.73001098632812
59052,0.1,496,predictive_dendrites,1.0647725756651738e-11
59052,0.1,496,hebbian,inf
59052,0.1,496,bounded_hebbian,137.73001098632812
59052,0.1,497,predictive_dendrites,9.710697523868106e-12
59052,0.1,497,hebbian,inf
59052,0.1,497,bounded_hebbian,137.73001098632812
59052,0.1,498,predictive_dendrites,8.993049360750405e-12
59052,0.1,498,hebbian,inf
59052,0.1,498,bounded_hebbian,137.73001098632812
59052,0.1,499,predictive_dendrites,8.644883420227956e-12
59052,0.1,499,hebbian,inf
59052,0.1,499,bounded_hebbian,137.73001098632812
59052,0.1,500,predictive_dendrites,7.96986782125586e-12
59052,0.1,500,hebbian,inf
59052,0.1,500,bounded_hebbian,137.73001098632812
24024,0.1,1,predictive_dendrites,0.49994662404060364
24024,0.1,1,hebbian,0.48437565565109253
24024,0.1,1,bounded_hebbian,0.35978931188583374
24024,0.1,2,predictive_dendrites,0.28977903723716736
24024,0.1,2,hebbian,0.41820991039276123
24024,0.1,2,bounded_hebbian,0.24804994463920593
24024,0.1,3,predictive_dendrites,0.28325414657592773
24024,0.1,3,hebbian,0.3530259132385254
24024,0.1,3,bounded_hebbian,0.1521727740764618
24024,0.1,4,predictive_dendrites,0.29930543899536133
24024,0.1,4,hebbian,0.294707715511322
24024,0.1,4,bounded_hebbian,0.08753961324691772
24024,0.1,5,predictive_dendrites,0.3146403431892395
24024,0.1,5,hebbian,0.2521405518054962
24024,0.1,5,bounded_hebbian,0.07625336199998856
24024,0.1,6,predictive_dendrites,0.32389846444129944
24024,0.1,6,hebbian,0.2383982539176941
24024,0.1,6,bounded_hebbian,0.15691040456295013
24024,0.1,7,predictive_dendrites,0.32827499508857727
24024,0.1,7,hebbian,0.27236172556877136
24024,0.1,7,bounded_hebbian,0.36653637886047363
24024,0.1,8,predictive_dendrites,0.3284928500652313
24024,0.1,8,hebbian,0.380917489528656
24024,0.1,8,bounded_hebbian,0.7245367169380188
24024,0.1,9,predictive_dendrites,0.32661205530166626
24024,0.1,9,hebbian,0.6019370555877686
24024,0.1,9,bounded_hebbian,1.2647793292999268
24024,0.1,10,predictive_dendrites,0.3228709101676941
24024,0.1,10,hebbian,0.9883083701133728
24024,0.1,10,bounded_hebbian,2.021284580230713
24024,0.1,11,predictive_dendrites,0.31717175245285034
24024,0.1,11,hebbian,1.6133782863616943
24024,0.1,11,bounded_hebbian,3.0276753902435303
24024,0.1,12,predictive_dendrites,0.31082889437675476
24024,0.1,12,hebbian,2.578295946121216
24024,0.1,12,bounded_hebbian,4.222221374511719
24024,0.1,13,predictive_dendrites,0.3041711151599884
24024,0.1,13,hebbian,4.021894454956055
24024,0.1,13,bounded_hebbian,5.67819881439209
24024,0.1,14,predictive_dendrites,0.29743191599845886
24024,0.1,14,hebbian,6.13399600982666
24024,0.1,14,bounded_hebbian,7.511806488037109
24024,0.1,15,predictive_dendrites,0.2907070219516754
24024,0.1,15,hebbian,9.1732816696167
24024,0.1,15,bounded_hebbian,9.73367691040039
24024,0.1,16,predictive_dendrites,0.2839656174182892
24024,0.1,16,hebbian,13.491292953491211
24024,0.1,16,bounded_hebbian,12.341156005859375
24024,0.1,17,predictive_dendrites,0.27732038497924805
24024,0.1,17,hebbian,19.564651489257812
24024,0.1,17,bounded_hebbian,15.161941528320312
24024,0.1,18,predictive_dendrites,0.2708660960197449
24024,0.1,18,hebbian,28.03821563720703
24024,0.1,18,bounded_hebbian,18.34961700439453
24024,0.1,19,predictive_dendrites,0.2646576166152954
24024,0.1,19,hebbian,39.78301239013672
24024,0.1,19,bounded_hebbian,21.940671920776367
24024,0.1,20,predictive_dendrites,0.2587210536003113
24024,0.1,20,hebbian,55.973724365234375
24024,0.1,20,bounded_hebbian,26.012962341308594
24024,0.1,21,predictive_dendrites,0.25307074189186096
24024,0.1,21,hebbian,78.1925048828125
24024,0.1,21,bounded_hebbian,30.654796600341797
24024,0.1,22,predictive_dendrites,0.24771177768707275
24024,0.1,22,hebbian,108.56793975830078
24024,0.1,22,bounded_hebbian,35.62176513671875
24024,0.1,23,predictive_dendrites,0.24264249205589294
24024,0.1,23,hebbian,149.96090698242188
24024,0.1,23,bounded_hebbian,41.0627326965332
24024,0.1,24,predictive_dendrites,0.2378740757703781
24024,0.1,24,hebbian,206.21319580078125
24024,0.1,24,bounded_hebbian,46.552879333496094
24024,0.1,25,predictive_dendrites,0.23338168859481812
24024,0.1,25,hebbian,282.47991943359375
24024,0.1,25,bounded_hebbian,52.239234924316406
24024,0.1,26,predictive_dendrites,0.22914516925811768
24024,0.1,26,hebbian,385.6739501953125
24024,0.1,26,bounded_hebbian,57.88200378417969
24024,0.1,27,predictive_dendrites,0.22514763474464417
24024,0.1,27,hebbian,525.0598754882812
24024,0.1,27,bounded_hebbian,63.04975509643555
24024,0.1,28,predictive_dendrites,0.2213520109653473
24024,0.1,28,hebbian,713.0472412109375
24024,0.1,28,bounded_hebbian,67.64728546142578
24024,0.1,29,predictive_dendrites,0.21774528920650482
24024,0.1,29,hebbian,966.2515869140625
24024,0.1,29,bounded_hebbian,72.34971618652344
24024,0.1,30,predictive_dendrites,0.21436414122581482
24024,0.1,30,hebbian,1306.90966796875
24024,0.1,30,bounded_hebbian,77.52469635009766
24024,0.1,31,predictive_dendrites,0.21126043796539307
24024,0.1,31,hebbian,1764.7720947265625
24024,0.1,31,bounded_hebbian,83.00557708740234
24024,0.1,32,predictive_dendrites,0.20835918188095093
24024,0.1,32,hebbian,2379.628173828125
24024,0.1,32,bounded_hebbian,88.1846923828125
24024,0.1,33,predictive_dendrites,0.20557135343551636
24024,0.1,33,hebbian,3204.6806640625
24024,0.1,33,bounded_hebbian,93.42729187011719
24024,0.1,34,predictive_dendrites,0.20287637412548065
24024,0.1,34,hebbian,4311.046875
24024,0.1,34,bounded_hebbian,98.27333068847656
24024,0.1,35,predictive_dendrites,0.20025482773780823
24024,0.1,35,hebbian,5793.77294921875
24024,0.1,35,bounded_hebbian,103.07316589355469
24024,0.1,36,predictive_dendrites,0.19768860936164856
24024,0.1,36,hebbian,7779.857421875
24024,0.1,36,bounded_hebbian,107.88956451416016
24024,0.1,37,predictive_dendrites,0.19516101479530334
24024,0.1,37,hebbian,10438.9677734375
24024,0.1,37,bounded_hebbian,112.3392105102539
24024,0.1,38,predictive_dendrites,0.19265680015087128
24024,0.1,38,hebbian,13997.73046875
24024,0.1,38,bounded_hebbian,116.31195831298828
24024,0.1,39,predictive_dendrites,0.1901622712612152
24024,0.1,39,hebbian,18758.828125
24024,0.1,39,bounded_hebbian,120.16959381103516
24024,0.1,40,predictive_dendrites,0.18766529858112335
24024,0.1,40,hebbian,25126.44921875
24024,0.1,40,bounded_hebbian,123.94633483886719
24024,0.1,41,predictive_dendrites,0.1851641833782196
24024,0.1,41,hebbian,33640.296875
24024,0.1,41,bounded_hebbian,127.00698852539062
24024,0.1,42,predictive_dendrites,0.18266820907592773
24024,0.1,42,hebbian,45020.921875
24024,0.1,42,bounded_hebbian,129.4732208251953
24024,0.1,43,predictive_dendrites,0.18017224967479706
24024,0.1,43,hebbian,60230.28125
24024,0.1,43,bounded_hebbian,131.72450256347656
24024,0.1,44,predictive_dendrites,0.17764422297477722
24024,0.1,44,hebbian,80552.421875
24024,0.1,44,bounded_hebbian,133.579345703125
24024,0.1,45,predictive_dendrites,0.1750790923833847
24024,0.1,45,hebbian,107701.3203125
24024,0.1,45,bounded_hebbian,134.99844360351562
24024,0.1,46,predictive_dendrites,0.17247281968593597
24024,0.1,46,hebbian,143964.625
24024,0.1,46,bounded_hebbian,136.45741271972656
24024,0.1,47,predictive_dendrites,0.16982252895832062
24024,0.1,47,hebbian,192395.4375
24024,0.1,47,bounded_hebbian,138.02310180664062
24024,0.1,48,predictive_dendrites,0.16712647676467896
24024,0.1,48,hebbian,257068.3125
24024,0.1,48,bounded_hebbian,139.2927703857422
24024,0.1,49,predictive_dendrites,0.16440652310848236
24024,0.1,49,hebbian,343420.8125
24024,0.1,49,bounded_hebbian,140.65025329589844
24024,0.1,50,predictive_dendrites,0.16170886158943176
24024,0.1,50,hebbian,458708.6875
24024,0.1,50,bounded_hebbian,142.14451599121094
24024,0.1,51,predictive_dendrites,0.15895436704158783
24024,0.1,51,hebbian,612614.375
24024,0.1,51,bounded_hebbian,143.5825653076172
24024,0.1,52,predictive_dendrites,0.15614531934261322
24024,0.1,52,hebbian,818057.125
24024,0.1,52,bounded_hebbian,144.942138671875
24024,0.1,53,predictive_dendrites,0.1532757729291916
24024,0.1,53,hebbian,1092275.0
24024,0.1,53,bounded_hebbian,146.38275146484375
24024,0.1,54,predictive_dendrites,0.15035437047481537
24024,0.1,54,hebbian,1458268.75
24024,0.1,54,bounded_hebbian,147.9122772216797
24024,0.1,55,predictive_dendrites,0.14738872647285461
24024,0.1,55,hebbian,1946726.0
24024,0.1,55,bounded_hebbian,149.0821990966797
24024,0.1,56,predictive_dendrites,0.14438295364379883
24024,0.1,56,hebbian,2598589.5
24024,0.1,56,bounded_hebbian,150.33303833007812
24024,0.1,57,predictive_dendrites,0.14133498072624207
24024,0.1,57,hebbian,3468485.0
24024,0.1,57,bounded_hebbian,151.69393920898438
24024,0.1,58,predictive_dendrites,0.13828814029693604
24024,0.1,58,hebbian,4629291.5
24024,0.1,58,bounded_hebbian,153.17640686035156
24024,0.1,59,predictive_dendrites,0.13527853786945343
24024,0.1,59,hebbian,6178237.0
24024,0.1,59,bounded_hebbian,154.8018341064453
24024,0.1,60,predictive_dendrites,0.1322588473558426
24024,0.1,60,hebbian,8245037.0
24024,0.1,60,bounded_hebbian,156.1342010498047
24024,0.1,61,predictive_dendrites,0.12922291457653046
24024,0.1,61,hebbian,11002740.0
24024,0.1,61,bounded_hebbian,156.97496032714844
24024,0.1,62,predictive_dendrites,0.12618350982666016
24024,0.1,62,hebbian,14682207.0
24024,0.1,62,bounded_hebbian,157.6312713623047
24024,0.1,63,predictive_dendrites,0.12314657121896744
24024,0.1,63,hebbian,19591420.0
24024,0.1,63,bounded_hebbian,157.9755401611328
24024,0.1,64,predictive_dendrites,0.12010733783245087
24024,0.1,64,hebbian,26141240.0
24024,0.1,64,bounded_hebbian,158.34335327148438
24024,0.1,65,predictive_dendrites,0.11707016825675964
24024,0.1,65,hebbian,34879776.0
24024,0.1,65,bounded_hebbian,158.73658752441406
24024,0.1,66,predictive_dendrites,0.11403941363096237
24024,0.1,66,hebbian,46538216.0
24024,0.1,66,bounded_hebbian,159.15736389160156
24024,0.1,67,predictive_dendrites,0.11101925373077393
24024,0.1,67,hebbian,62091972.0
24024,0.1,67,bounded_hebbian,159.60789489746094
24024,0.1,68,predictive_dendrites,0.10800909250974655
24024,0.1,68,hebbian,82842256.0
24024,0.1,68,bounded_hebbian,160.0906219482422
24024,0.1,69,predictive_dendrites,0.10498270392417908
24024,0.1,69,hebbian,110524896.0
24024,0.1,69,bounded_hebbian,160.60833740234375
24024,0.1,70,predictive_dendrites,0.10197871178388596
24024,0.1,70,hebbian,147455488.0
24024,0.1,70,bounded_hebbian,161.16400146484375
24024,0.1,71,predictive_dendrites,0.09899687767028809
24024,0.1,71,hebbian,196722944.0
24024,0.1,71,bounded_hebbian,161.7609405517578
24024,0.1,72,predictive_dendrites,0.09604526311159134
24024,0.1,72,hebbian,262447904.0
24024,0.1,72,bounded_hebbian,162.40280151367188
24024,0.1,73,predictive_dendrites,0.09312823414802551
24024,0.1,73,hebbian,350127360.0
24024,0.1,73,bounded_hebbian,163.09365844726562
24024,0.1,74,predictive_dendrites,0.09026698023080826
24024,0.1,74,hebbian,467093792.0
24024,0.1,74,bounded_hebbian,163.83804321289062
24024,0.1,75,predictive_dendrites,0.08744830638170242
24024,0.1,75,hebbian,623128960.0
24024,0.1,75,bounded_hebbian,164.4236602783203
24024,0.1,76,predictive_dendrites,0.08467487245798111
24024,0.1,76,hebbian,831281152.0
24024,0.1,76,bounded_hebbian,164.80117797851562
24024,0.1,77,predictive_dendrites,0.08194928616285324
24024,0.1,77,hebbian,1108956928.0
24024,0.1,77,bounded_hebbian,165.2340087890625
24024,0.1,78,predictive_dendrites,0.07927463948726654
24024,0.1,78,hebbian,1479375232.0
24024,0.1,78,bounded_hebbian,165.71656799316406
24024,0.1,79,predictive_dendrites,0.07664600014686584
24024,0.1,79,hebbian,1973510400.0
24024,0.1,79,bounded_hebbian,166.25259399414062
24024,0.1,80,predictive_dendrites,0.0740702897310257
24024,0.1,80,hebbian,2632680704.0
24024,0.1,80,bounded_hebbian,166.8479461669922
24024,0.1,81,predictive_dendrites,0.0715445950627327
24024,0.1,81,hebbian,3512002816.0
24024,0.1,81,bounded_hebbian,167.50926208496094
24024,0.1,82,predictive_dendrites,0.06907033175230026
24024,0.1,82,hebbian,4685000704.0
24024,0.1,82,bounded_hebbian,168.24388122558594
24024,0.1,83,predictive_dendrites,0.06664878129959106
24024,0.1,83,hebbian,6249754112.0
24024,0.1,83,bounded_hebbian,169.0599822998047
24024,0.1,84,predictive_dendrites,0.06428102403879166
24024,0.1,84,hebbian,8337095680.0
24024,0.1,84,bounded_hebbian,169.96678161621094
24024,0.1,85,predictive_dendrites,0.0619678795337677
24024,0.1,85,hebbian,11121553408.0
24024,0.1,85,bounded_hebbian,170.50782775878906
24024,0.1,86,predictive_dendrites,0.059710029512643814
24024,0.1,86,hebbian,14835941376.0
24024,0.1,86,bounded_hebbian,171.0379180908203
24024,0.1,87,predictive_dendrites,0.05750809609889984
24024,0.1,87,hebbian,19790825472.0
24024,0.1,87,bounded_hebbian,171.48614501953125
24024,0.1,88,predictive_dendrites,0.055362436920404434
24024,0.1,88,hebbian,26400489472.0
24024,0.1,88,bounded_hebbian,171.48614501953125
24024,0.1,89,predictive_dendrites,0.053273290395736694
24024,0.1,89,hebbian,35217571840.0
24024,0.1,89,bounded_hebbian,171.48614501953125
24024,0.1,90,predictive_dendrites,0.05124080926179886
24024,0.1,90,hebbian,46979272704.0
24024,0.1,90,bounded_hebbian,171.48614501953125
24024,0.1,91,predictive_dendrites,0.049264922738075256
24024,0.1,91,hebbian,62669004800.0
24024,0.1,91,bounded_hebbian,171.48614501953125
24024,0.1,92,predictive_dendrites,0.04732450470328331
24024,0.1,92,hebbian,83598589952.0
24024,0.1,92,bounded_hebbian,171.48614501953125
24024,0.1,93,predictive_dendrites,0.04543684050440788
24024,0.1,93,hebbian,111517974528.0
24024,0.1,93,bounded_hebbian,171.48614501953125
24024,0.1,94,predictive_dendrites,0.043605986982584
24024,0.1,94,hebbian,148761509888.0
24024,0.1,94,bounded_hebbian,171.48614501953125
24024,0.1,95,predictive_dendrites,0.04183150827884674
24024,0.1,95,hebbian,198443270144.0
24024,0.1,95,bounded_hebbian,171.48614501953125
24024,0.1,96,predictive_dendrites,0.040112823247909546
24024,0.1,96,hebbian,264717172736.0
24024,0.1,96,bounded_hebbian,171.48614501953125
24024,0.1,97,predictive_dendrites,0.038449227809906006
24024,0.1,97,hebbian,353124515840.0
24024,0.1,97,bounded_hebbian,171.48614501953125
24024,0.1,98,predictive_dendrites,0.036840081214904785
24024,0.1,98,hebbian,471057072128.0
24024,0.1,98,bounded_hebbian,171.48614501953125
24024,0.1,99,predictive_dendrites,0.03528459370136261
24024,0.1,99,hebbian,628375617536.0
24024,0.1,99,bounded_hebbian,171.48614501953125
24024,0.1,100,predictive_dendrites,0.03378191962838173
24024,0.1,100,hebbian,838234079232.0
24024,0.1,100,bounded_hebbian,171.48614501953125
24024,0.1,101,predictive_dendrites,0.032331131398677826
24024,0.1,101,hebbian,1118179164160.0
24024,0.1,101,bounded_hebbian,171.48614501953125
24024,0.1,102,predictive_dendrites,0.03093128651380539
24024,0.1,102,hebbian,1491618234368.0
24024,0.1,102,bounded_hebbian,171.48614501953125
24024,0.1,103,predictive_dendrites,0.0295813400298357
24024,0.1,103,hebbian,1989776637952.0
24024,0.1,103,bounded_hebbian,171.48614501953125
24024,0.1,104,predictive_dendrites,0.028280241414904594
24024,0.1,104,hebbian,2654304993280.0
24024,0.1,104,bounded_hebbian,171.48614501953125
24024,0.1,105,predictive_dendrites,0.02702697552740574
24024,0.1,105,hebbian,3540772192256.0
24024,0.1,105,bounded_hebbian,171.48614501953125
24024,0.1,106,predictive_dendrites,0.025820454582571983
24024,0.1,106,hebbian,4723297484800.0
24024,0.1,106,bounded_hebbian,171.48614501953125
24024,0.1,107,predictive_dendrites,0.0246595349162817
24024,0.1,107,hebbian,6300758966272.0
24024,0.1,107,bounded_hebbian,171.48614501953125
24024,0.1,108,predictive_dendrites,0.0235430970788002
24024,0.1,108,hebbian,8405055438848.0
24024,0.1,108,bounded_hebbian,171.48614501953125
24024,0.1,109,predictive_dendrites,0.022469986230134964
24024,0.1,109,hebbian,11212142149632.0
24024,0.1,109,bounded_hebbian,171.48614501953125
24024,0.1,110,predictive_dendrites,0.021439017727971077
24024,0.1,110,hebbian,14956745457664.0
24024,0.1,110,bounded_hebbian,171.48614501953125
24024,0.1,111,predictive_dendrites,0.020449019968509674
24024,0.1,111,hebbian,19951976972288.0
24024,0.1,111,bounded_hebbian,171.48614501953125
24024,0.1,112,predictive_dendrites,0.019498800858855247
24024,0.1,112,hebbian,26615526457344.0
24024,0.1,112,bounded_hebbian,171.48614501953125
24024,0.1,113,predictive_dendrites,0.01858721300959587
24024,0.1,113,hebbian,35504607199232.0
24024,0.1,113,bounded_hebbian,171.48614501953125
24024,0.1,114,predictive_dendrites,0.017713045701384544
24024,0.1,114,hebbian,47362500198400.0
24024,0.1,114,bounded_hebbian,171.48614501953125
24024,0.1,115,predictive_dendrites,0.016875166445970535
24024,0.1,115,hebbian,63180776669184.0
24024,0.1,115,bounded_hebbian,171.48614501953125
24024,0.1,116,predictive_dendrites,0.016072405502200127
24024,0.1,116,hebbian,84282164903936.0
24024,0.1,116,bounded_hebbian,171.48614501953125
24024,0.1,117,predictive_dendrites,0.015303612686693668
24024,0.1,117,hebbian,112431036628992.0
24024,0.1,117,bounded_hebbian,171.48614501953125
24024,0.1,118,predictive_dendrites,0.014567671343684196
24024,0.1,118,hebbian,149981365272576.0
24024,0.1,118,bounded_hebbian,171.48614501953125
24024,0.1,119,predictive_dendrites,0.013863424770534039
24024,0.1,119,hebbian,200073401073664.0
24024,0.1,119,bounded_hebbian,171.48614501953125
24024,0.1,120,predictive_dendrites,0.013189801014959812
24024,0.1,120,hebbian,266895643115520.0
24024,0.1,120,bounded_hebbian,171.48614501953125
24024,0.1,121,predictive_dendrites,0.012545737437903881
24024,0.1,121,hebbian,356035944513536.0
24024,0.1,121,bounded_hebbian,171.48614501953125
24024,0.1,122,predictive_dendrites,0.011930135078728199
24024,0.1,122,hebbian,474948019683328.0
24024,0.1,122,bounded_hebbian,171.48614501953125
24024,0.1,123,predictive_dendrites,0.011341951787471771
24024,0.1,123,hebbian,633576664072192.0
24024,0.1,123,bounded_hebbian,171.48614501953125
24024,0.1,124,predictive_dendrites,0.010780193842947483
24024,0.1,124,hebbian,845186548629504.0
24024,0.1,124,bounded_hebbian,171.48614501953125
24024,0.1,125,predictive_dendrites,0.010243846103549004
24024,0.1,125,hebbian,1127472401743872.0
24024,0.1,125,bounded_hebbian,171.48614501953125
24024,0.1,126,predictive_dendrites,0.009731931611895561
24024,0.1,126,hebbian,1504041041395712.0
24024,0.1,126,bounded_hebbian,171.48614501953125
24024,0.1,127,predictive_dendrites,0.00924351904541254
24024,0.1,127,hebbian,2006383637561344.0
24024,0.1,127,bounded_hebbian,171.48614501953125
24024,0.1,128,predictive_dendrites,0.008777666836977005
24024,0.1,128,hebbian,2676508191621120.0
24024,0.1,128,bounded_hebbian,171.48614501953125
24024,0.1,129,predictive_dendrites,0.008338346146047115
24024,0.1,129,hebbian,3570453826240512.0
24024,0.1,129,bounded_hebbian,171.48614501953125
24024,0.1,130,predictive_dendrites,0.007921094074845314
24024,0.1,130,hebbian,4762973776117760.0
24024,0.1,130,bounded_hebbian,171.48614501953125
24024,0.1,131,predictive_dendrites,0.007523277308791876
24024,0.1,131,hebbian,6353793155334144.0
24024,0.1,131,bounded_hebbian,171.48614501953125
24024,0.1,132,predictive_dendrites,0.007144153118133545
24024,0.1,132,hebbian,8475938643771392.0
24024,0.1,132,bounded_hebbian,171.48614501953125
24024,0.1,133,predictive_dendrites,0.00678288983181119
24024,0.1,133,hebbian,1.1306901912420352e+16
24024,0.1,133,bounded_hebbian,171.48614501953125
24024,0.1,134,predictive_dendrites,0.006438752636313438
24024,0.1,134,hebbian,1.5083432296054784e+16
24024,0.1,134,bounded_hebbian,171.48614501953125
24024,0.1,135,predictive_dendrites,0.0061110216192901134
24024,0.1,135,hebbian,2.012132263382221e+16
24024,0.1,135,bounded_hebbian,171.48614501953125
24024,0.1,136,predictive_dendrites,0.0057990229688584805
24024,0.1,136,hebbian,2.6841934987264e+16
24024,0.1,136,bounded_hebbian,171.48614501953125
24024,0.1,137,predictive_dendrites,0.005502043291926384
24024,0.1,137,hebbian,3.580721536119603e+16
24024,0.1,137,bounded_hebbian,171.48614501953125
24024,0.1,138,predictive_dendrites,0.005219427403062582
24024,0.1,138,hebbian,4.77669082791936e+16
24024,0.1,138,bounded_hebbian,171.48614501953125
24024,0.1,139,predictive_dendrites,0.004950568545609713
24024,0.1,139,hebbian,6.372124290501837e+16
24024,0.1,139,bounded_hebbian,171.48614501953125
24024,0.1,140,predictive_dendrites,0.004694839473813772
24024,0.1,140,hebbian,8.500455820335514e+16
24024,0.1,140,bounded_hebbian,171.48614501953125
24024,0.1,141,predictive_dendrites,0.0044516525231301785
24024,0.1,141,hebbian,1.1339661131225498e+17
24024,0.1,141,bounded_hebbian,171.48614501953125
24024,0.1,142,predictive_dendrites,0.0042204721830785275
24024,0.1,142,hebbian,1.5127166874288128e+17
24024,0.1,142,bounded_hebbian,171.48614501953125
24024,0.1,143,predictive_dendrites,0.0040007224306464195
24024,0.1,143,hebbian,2.0179713143708058e+17
24024,0.1,143,bounded_hebbian,171.48614501953125
24024,0.1,144,predictive_dendrites,0.0037918919697403908
24024,0.1,144,hebbian,2.6919892938653696e+17
24024,0.1,144,bounded_hebbian,171.48614501953125
24024,0.1,145,predictive_dendrites,0.0035934890620410442
24024,0.1,145,hebbian,3.5911290149719245e+17
24024,0.1,145,bounded_hebbian,171.48614501953125
24024,0.1,146,predictive_dendrites,0.003405004972591996
24024,0.1,146,hebbian,4.790602398789796e+17
24024,0.1,146,bounded_hebbian,171.48614501953125
24024,0.1,147,predictive_dendrites,0.0032259977888315916
24024,0.1,147,hebbian,6.390720296302674e+17
24024,0.1,147,bounded_hebbian,171.48614501953125
24024,0.1,148,predictive_dendrites,0.0030560269951820374
24024,0.1,148,hebbian,8.525272313170493e+17
24024,0.1,148,bounded_hebbian,171.48614501953125
24024,0.1,149,predictive_dendrites,0.002894644858315587
24024,0.1,149,hebbian,1.1372836317613261e+18
24024,0.1,149,bounded_hebbian,171.48614501953125
24024,0.1,150,predictive_dendrites,0.002741471864283085
24024,0.1,150,hebbian,1.5171499870314824e+18
24024,0.1,150,bounded_hebbian,171.48614501953125
24024,0.1,151,predictive_dendrites,0.0025961175560951233
24024,0.1,151,hebbian,2.0238952425030943e+18
24024,0.1,151,bounded_hebbian,171.48614501953125
24024,0.1,152,predictive_dendrites,0.002458183327689767
24024,0.1,152,hebbian,2.6998928583237304e+18
24024,0.1,152,bounded_hebbian,171.48614501953125
24024,0.1,153,predictive_dendrites,0.0023273229598999023
24024,0.1,153,hebbian,3.601676011541889e+18
24024,0.1,153,bounded_hebbian,171.48614501953125
24024,0.1,154,predictive_dendrites,0.0022032081615179777
24024,0.1,154,hebbian,4.80467779689277e+18
24024,0.1,154,bounded_hebbian,171.48614501953125
24024,0.1,155,predictive_dendrites,0.0020854792091995478
24024,0.1,155,hebbian,6.409512874166714e+18
24024,0.1,155,bounded_hebbian,171.48614501953125
24024,0.1,156,predictive_dendrites,0.0019738581031560898
24024,0.1,156,hebbian,8.550396153865175e+18
24024,0.1,156,bounded_hebbian,171.48614501953125
24024,0.1,157,predictive_dendrites,0.0018680247012525797
24024,0.1,157,hebbian,1.1406305039245902e+19
24024,0.1,157,bounded_hebbian,171.48614501953125
24024,0.1,158,predictive_dendrites,0.0017676942516118288
24024,0.1,158,hebbian,1.5216172203117642e+19
24024,0.1,158,bounded_hebbian,171.48614501953125
24024,0.1,159,predictive_dendrites,0.001672599813900888
24024,0.1,159,hebbian,2.029856134841919e+19
24024,0.1,159,bounded_hebbian,171.48614501953125
24024,0.1,160,predictive_dendrites,0.0015824878355488181
24024,0.1,160,hebbian,2.7078552466541773e+19
24024,0.1,160,bounded_hebbian,171.48614501953125
24024,0.1,161,predictive_dendrites,0.0014970904449000955
24024,0.1,161,hebbian,3.6124131274161914e+19
24024,0.1,161,bounded_hebbian,171.48614501953125
24024,0.1,162,predictive_dendrites,0.0014161767903715372
24024,0.1,162,hebbian,4.819147589816628e+19
24024,0.1,162,bounded_hebbian,171.48614501953125
24024,0.1,163,predictive_dendrites,0.0013395382557064295
24024,0.1,163,hebbian,6.428718263671403e+19
24024,0.1,163,bounded_hebbian,171.48614501953125
24024,0.1,164,predictive_dendrites,0.0012669394491240382
24024,0.1,164,hebbian,8.576169586029547e+19
24024,0.1,164,bounded_hebbian,171.48614501953125
24024,0.1,165,predictive_dendrites,0.0011981797870248556
24024,0.1,165,hebbian,1.1440851254785973e+20
24024,0.1,165,bounded_hebbian,171.48614501953125
24024,0.1,166,predictive_dendrites,0.0011330698616802692
24024,0.1,166,hebbian,1.5262743117623722e+20
24024,0.1,166,bounded_hebbian,171.48614501953125
24024,0.1,167,predictive_dendrites,0.0010714101372286677
24024,0.1,167,hebbian,2.0361206683118705e+20
24024,0.1,167,bounded_hebbian,171.48614501953125
24024,0.1,168,predictive_dendrites,0.0010130368173122406
24024,0.1,168,hebbian,2.7160977135815675e+20
24024,0.1,168,bounded_hebbian,171.48614501953125
24024,0.1,169,predictive_dendrites,0.0009577833116054535
24024,0.1,169,hebbian,3.623205713652115e+20
24024,0.1,169,bounded_hebbian,171.48614501953125
24024,0.1,170,predictive_dendrites,0.000905478373169899
24024,0.1,170,hebbian,4.833377821147026e+20
24024,0.1,170,bounded_hebbian,171.48614501953125
24024,0.1,171,predictive_dendrites,0.0008559739217162132
24024,0.1,171,hebbian,6.447816252880291e+20
24024,0.1,171,bounded_hebbian,171.48614501953125
24024,0.1,172,predictive_dendrites,0.0008091279305517673
24024,0.1,172,hebbian,8.601139231213549e+20
24024,0.1,172,bounded_hebbian,171.48614501953125
24024,0.1,173,predictive_dendrites,0.0007647909224033356
24024,0.1,173,hebbian,1.1474166984873167e+21
24024,0.1,173,bounded_hebbian,171.48614501953125
24024,0.1,174,predictive_dendrites,0.0007228436297737062
24024,0.1,174,hebbian,1.5306261611929236e+21
24024,0.1,174,bounded_hebbian,171.48614501953125
24024,0.1,175,predictive_dendrites,0.0006831551436334848
24024,0.1,175,hebbian,2.0418062517351932e+21
24024,0.1,175,bounded_hebbian,171.48614501953125
24024,0.1,176,predictive_dendrites,0.0006456103292293847
24024,0.1,176,hebbian,2.7237708621841883e+21
24024,0.1,176,bounded_hebbian,171.48614501953125
24024,0.1,177,predictive_dendrites,0.0006100931204855442
24024,0.1,177,hebbian,3.6334968610131217e+21
24024,0.1,177,bounded_hebbian,171.48614501953125
24024,0.1,178,predictive_dendrites,0.0005765001988038421
24024,0.1,178,hebbian,4.847066652951907e+21
24024,0.1,178,bounded_hebbian,171.48614501953125
24024,0.1,179,predictive_dendrites,0.0005447307485155761
24024,0.1,179,hebbian,6.465687380626627e+21
24024,0.1,179,bounded_hebbian,171.48614501953125
24024,0.1,180,predictive_dendrites,0.0005146868643350899
24024,0.1,180,hebbian,8.625235459544818e+21
24024,0.1,180,bounded_hebbian,171.48614501953125
24024,0.1,181,predictive_dendrites,0.00048627439537085593
24024,0.1,181,hebbian,1.150436418332464e+22
24024,0.1,181,bounded_hebbian,171.48614501953125
24024,0.1,182,predictive_dendrites,0.00045940998825244606
24024,0.1,182,hebbian,1.5347074076177397e+22
24024,0.1,182,bounded_hebbian,171.48614501953125
24024,0.1,183,predictive_dendrites,0.000434006389696151
24024,0.1,183,hebbian,2.0471884473548684e+22
24024,0.1,183,bounded_hebbian,171.48614501953125
24024,0.1,184,predictive_dendrites,0.00040999302291311324
24024,0.1,184,hebbian,2.7308317182699705e+22
24024,0.1,184,bounded_hebbian,171.48614501953125
24024,0.1,185,predictive_dendrites,0.0003872876113746315
24024,0.1,185,hebbian,3.642849824129254e+22
24024,0.1,185,bounded_hebbian,171.48614501953125
24024,0.1,186,predictive_dendrites,0.00036582909524440765
24024,0.1,186,hebbian,4.859569546237413e+22
24024,0.1,186,bounded_hebbian,171.48614501953125
24024,0.1,187,predictive_dendrites,0.00034554238663986325
24024,0.1,187,hebbian,6.482909145601692e+22
24024,0.1,187,bounded_hebbian,171.48614501953125
24024,0.1,188,predictive_dendrites,0.00032637358526699245
24024,0.1,188,hebbian,8.648384862349428e+22
24024,0.1,188,bounded_hebbian,171.48614501953125
24024,0.1,189,predictive_dendrites,0.00030824626446701586
24024,0.1,189,hebbian,1.1536960336707622e+23
24024,0.1,189,bounded_hebbian,171.48614501953125
24024,0.1,190,predictive_dendrites,0.0002911220653913915
24024,0.1,190,hebbian,1.5391251686362125e+23
24024,0.1,190,bounded_hebbian,171.48614501953125
24024,0.1,191,predictive_dendrites,0.0002749388222582638
24024,0.1,191,hebbian,2.0533537401367497e+23
24024,0.1,191,bounded_hebbian,171.48614501953125
24024,0.1,192,predictive_dendrites,0.0002596467675175518
24024,0.1,192,hebbian,2.739217195596153e+23
24024,0.1,192,bounded_hebbian,171.48614501953125
24024,0.1,193,predictive_dendrites,0.0002451971813570708
24024,0.1,193,hebbian,3.6541940763386264e+23
24024,0.1,193,bounded_hebbian,171.48614501953125
24024,0.1,194,predictive_dendrites,0.00023153985966928303
24024,0.1,194,hebbian,4.874735868342546e+23
24024,0.1,194,bounded_hebbian,171.48614501953125
24024,0.1,195,predictive_dendrites,0.0002186421916121617
24024,0.1,195,hebbian,6.503112833962031e+23
24024,0.1,195,bounded_hebbian,171.48614501953125
24024,0.1,196,predictive_dendrites,0.00020645250333473086
24024,0.1,196,hebbian,8.675265947805277e+23
24024,0.1,196,bounded_hebbian,171.48614501953125
24024,0.1,197,predictive_dendrites,0.00019493863510433584
24024,0.1,197,hebbian,1.1572639834539487e+24
24024,0.1,197,bounded_hebbian,171.48614501953125
24024,0.1,198,predictive_dendrites,0.0001840603945311159
24024,0.1,198,hebbian,1.5438760338975242e+24
24024,0.1,198,bounded_hebbian,171.48614501953125
24024,0.1,199,predictive_dendrites,0.00017378672782797366
24024,0.1,199,hebbian,2.0595319942783587e+24
24024,0.1,199,bounded_hebbian,171.48614501953125
24024,0.1,200,predictive_dendrites,0.0001640815899008885
24024,0.1,200,hebbian,2.7475087908845033e+24
24024,0.1,200,bounded_hebbian,171.48614501953125
24024,0.1,201,predictive_dendrites,0.00015491439262405038
24024,0.1,201,hebbian,3.665379576661134e+24
24024,0.1,201,bounded_hebbian,171.48614501953125
24024,0.1,202,predictive_dendrites,0.0001462567161070183
24024,0.1,202,hebbian,4.88993843541748e+24
24024,0.1,202,bounded_hebbian,171.48614501953125
24024,0.1,203,predictive_dendrites,0.00013807973300572485
24024,0.1,203,hebbian,6.523375717635873e+24
24024,0.1,203,bounded_hebbian,171.48614501953125
24024,0.1,204,predictive_dendrites,0.00013035608571954072
24024,0.1,204,hebbian,8.702938657989227e+24
24024,0.1,204,bounded_hebbian,171.48614501953125
24024,0.1,205,predictive_dendrites,0.00012306206917855889
24024,0.1,205,hebbian,1.1609537934372924e+25
24024,0.1,205,bounded_hebbian,171.48614501953125
24024,0.1,206,predictive_dendrites,0.00011617167183430865
24024,0.1,206,hebbian,1.548720840644183e+25
24024,0.1,206,bounded_hebbian,171.48614501953125
24024,0.1,207,predictive_dendrites,0.00010966944682877511
24024,0.1,207,hebbian,2.0659781513488413e+25
24024,0.1,207,bounded_hebbian,171.48614501953125
24024,0.1,208,predictive_dendrites,0.00010352353274356574
24024,0.1,208,hebbian,2.7560895244746902e+25
24024,0.1,208,bounded_hebbian,171.48614501953125
24024,0.1,209,predictive_dendrites,9.772452904144302e-05
24024,0.1,209,hebbian,3.676722479592058e+25
24024,0.1,209,bounded_hebbian,171.48614501953125
24024,0.1,210,predictive_dendrites,9.224902896676213e-05
24024,0.1,210,hebbian,4.9049431323391855e+25
24024,0.1,210,bounded_hebbian,171.48614501953125
24024,0.1,211,predictive_dendrites,8.707700180821121e-05
24024,0.1,211,hebbian,6.5435983067031284e+25
24024,0.1,211,bounded_hebbian,171.48614501953125
24024,0.1,212,predictive_dendrites,8.219202572945505e-05
24024,0.1,212,hebbian,8.729204976875782e+25
24024,0.1,212,bounded_hebbian,171.48614501953125
24024,0.1,213,predictive_dendrites,7.758210995234549e-05
24024,0.1,213,hebbian,1.1645658273359354e+26
24024,0.1,213,bounded_hebbian,171.48614501953125
24024,0.1,214,predictive_dendrites,7.32297557988204e-05
24024,0.1,214,hebbian,1.5536120870690475e+26
24024,0.1,214,bounded_hebbian,171.48614501953125
24024,0.1,215,predictive_dendrites,6.911996752023697e-05
24024,0.1,215,hebbian,2.0725027647277123e+26
24024,0.1,215,bounded_hebbian,171.48614501953125
24024,0.1,216,predictive_dendrites,6.523963384097442e-05
24024,0.1,216,hebbian,2.7647360207075e+26
24024,0.1,216,bounded_hebbian,171.48614501953125
24024,0.1,217,predictive_dendrites,6.157730240374804e-05
24024,0.1,217,hebbian,3.688185194125741e+26
24024,0.1,217,bounded_hebbian,171.48614501953125
24024,0.1,218,predictive_dendrites,5.8117297157878056e-05
24024,0.1,218,hebbian,4.919855111313491e+26
24024,0.1,218,bounded_hebbian,171.48614501953125
24024,0.1,219,predictive_dendrites,5.485447763931006e-05
24024,0.1,219,hebbian,6.56354707691304e+26
24024,0.1,219,bounded_hebbian,171.48614501953125
24024,0.1,220,predictive_dendrites,5.1771814469248056e-05
24024,0.1,220,hebbian,8.755069710143852e+26
24024,0.1,220,bounded_hebbian,171.48614501953125
24024,0.1,221,predictive_dendrites,4.886228998657316e-05
24024,0.1,221,hebbian,1.1681045031450832e+27
24024,0.1,221,bounded_hebbian,171.48614501953125
24024,0.1,222,predictive_dendrites,4.611629992723465e-05
24024,0.1,222,hebbian,1.558210786579647e+27
24024,0.1,222,bounded_hebbian,171.48614501953125
24024,0.1,223,predictive_dendrites,4.352452015154995e-05
24024,0.1,223,hebbian,2.078812289070684e+27
24024,0.1,223,bounded_hebbian,171.48614501953125
24024,0.1,224,predictive_dendrites,4.1077990317717195e-05
24024,0.1,224,hebbian,2.773289997295408e+27
24024,0.1,224,bounded_hebbian,171.48614501953125
24024,0.1,225,predictive_dendrites,3.876653136103414e-05
24024,0.1,225,hebbian,3.699426344816354e+27
24024,0.1,225,bounded_hebbian,171.48614501953125
24024,0.1,226,predictive_dendrites,3.6588120565284044e-05
24024,0.1,226,hebbian,4.9346643050298174e+27
24024,0.1,226,bounded_hebbian,171.48614501953125
24024,0.1,227,predictive_dendrites,3.452940654824488e-05
24024,0.1,227,hebbian,6.583567402043213e+27
24024,0.1,227,bounded_hebbian,171.48614501953125
24024,0.1,228,predictive_dendrites,3.258680590079166e-05
24024,0.1,228,hebbian,8.784002468992774e+27
24024,0.1,228,bounded_hebbian,171.48614501953125
24024,0.1,229,predictive_dendrites,3.0754981708014384e-05
24024,0.1,229,hebbian,1.1717362390887341e+28
24024,0.1,229,bounded_hebbian,171.48614501953125
24024,0.1,230,predictive_dendrites,2.902423875639215e-05
24024,0.1,230,hebbian,1.5630093307368435e+28
24024,0.1,230,bounded_hebbian,171.48614501953125
24024,0.1,231,predictive_dendrites,2.7391301046009175e-05
24024,0.1,231,hebbian,2.085182643396913e+28
24024,0.1,231,bounded_hebbian,171.48614501953125
24024,0.1,232,predictive_dendrites,2.5849636585917324e-05
24024,0.1,232,hebbian,2.7814549689442896e+28
24024,0.1,232,bounded_hebbian,171.48614501953125
24024,0.1,233,predictive_dendrites,2.439420495647937e-05
24024,0.1,233,hebbian,3.710616228315838e+28
24024,0.1,233,bounded_hebbian,171.48614501953125
24024,0.1,234,predictive_dendrites,2.3022133973427117e-05
24024,0.1,234,hebbian,4.94988301646458e+28
24024,0.1,234,bounded_hebbian,171.48614501953125
24024,0.1,235,predictive_dendrites,2.1725492842961103e-05
24024,0.1,235,hebbian,6.602607865642981e+28
24024,0.1,235,bounded_hebbian,171.48614501953125
24024,0.1,236,predictive_dendrites,2.050306648015976e-05
24024,0.1,236,hebbian,8.806385187470793e+28
24024,0.1,236,bounded_hebbian,171.48614501953125
24024,0.1,237,predictive_dendrites,1.9349046851857565e-05
24024,0.1,237,hebbian,1.1748961633970815e+29
24024,0.1,237,bounded_hebbian,171.48614501953125
24024,0.1,238,predictive_dendrites,1.8259377611684613e-05
24024,0.1,238,hebbian,1.5672204538242776e+29
24024,0.1,238,bounded_hebbian,171.48614501953125
24024,0.1,239,predictive_dendrites,1.7231724996236153e-05
24024,0.1,239,hebbian,2.090665499778184e+29
24024,0.1,239,bounded_hebbian,171.48614501953125
24024,0.1,240,predictive_dendrites,1.626038647373207e-05
24024,0.1,240,hebbian,2.78883735001963e+29
24024,0.1,240,bounded_hebbian,171.48614501953125
24024,0.1,241,predictive_dendrites,1.5345718566095456e-05
24024,0.1,241,hebbian,3.7197234537490465e+29
24024,0.1,241,bounded_hebbian,171.48614501953125
24024,0.1,242,predictive_dendrites,1.448157308914233e-05
24024,0.1,242,hebbian,4.963569095663244e+29
24024,0.1,242,bounded_hebbian,171.48614501953125
24024,0.1,243,predictive_dendrites,1.3666306585946586e-05
24024,0.1,243,hebbian,6.621697748807993e+29
24024,0.1,243,bounded_hebbian,171.48614501953125
24024,0.1,244,predictive_dendrites,1.2896882253699005e-05
24024,0.1,244,hebbian,8.831233335430356e+29
24024,0.1,244,bounded_hebbian,171.48614501953125
24024,0.1,245,predictive_dendrites,1.2170186892035417e-05
24024,0.1,245,hebbian,1.1780101107453517e+30
24024,0.1,245,bounded_hebbian,171.48614501953125
24024,0.1,246,predictive_dendrites,1.1485226423246786e-05
24024,0.1,246,hebbian,1.571076473841666e+30
24024,0.1,246,bounded_hebbian,171.48614501953125
24024,0.1,247,predictive_dendrites,1.0838270100066438e-05
24024,0.1,247,hebbian,2.096086058700813e+30
24024,0.1,247,bounded_hebbian,171.48614501953125
24024,0.1,248,predictive_dendrites,1.0228303835901897e-05
24024,0.1,248,hebbian,2.796060455118236e+30
24024,0.1,248,bounded_hebbian,171.48614501953125
24024,0.1,249,predictive_dendrites,9.651557775214314e-06
24024,0.1,249,hebbian,3.7294974678849033e+30
24024,0.1,249,bounded_hebbian,171.48614501953125
24024,0.1,250,predictive_dendrites,9.107731784752104e-06
24024,0.1,250,hebbian,4.975034397020742e+30
24024,0.1,250,bounded_hebbian,171.48614501953125
24024,0.1,251,predictive_dendrites,8.595055987825617e-06
24024,0.1,251,hebbian,6.638702499386692e+30
24024,0.1,251,bounded_hebbian,171.48614501953125
24024,0.1,252,predictive_dendrites,8.110851922538131e-06
24024,0.1,252,hebbian,8.8563517916474e+30
24024,0.1,252,bounded_hebbian,171.48614501953125
24024,0.1,253,predictive_dendrites,7.654036380699836e-06
24024,0.1,253,hebbian,1.1816768734256794e+31
24024,0.1,253,bounded_hebbian,171.48614501953125
24024,0.1,254,predictive_dendrites,7.223122793220682e-06
24024,0.1,254,hebbian,1.576361897525021e+31
24024,0.1,254,bounded_hebbian,171.48614501953125
24024,0.1,255,predictive_dendrites,6.816564109612955e-06
24024,0.1,255,hebbian,2.1030260787071837e+31
24024,0.1,255,bounded_hebbian,171.48614501953125
24024,0.1,256,predictive_dendrites,6.43270641376148e-06
24024,0.1,256,hebbian,2.8053292893772216e+31
24024,0.1,256,bounded_hebbian,171.48614501953125
24024,0.1,257,predictive_dendrites,6.070236395316897e-06
24024,0.1,257,hebbian,3.743307269307525e+31
24024,0.1,257,bounded_hebbian,171.48614501953125
24024,0.1,258,predictive_dendrites,5.728641099267406e-06
24024,0.1,258,hebbian,4.993534347053141e+31
24024,0.1,258,bounded_hebbian,171.48614501953125
24024,0.1,259,predictive_dendrites,5.405922820500564e-06
24024,0.1,259,hebbian,6.660692860045482e+31
24024,0.1,259,bounded_hebbian,171.48614501953125
24024,0.1,260,predictive_dendrites,5.101232545712264e-06
24024,0.1,260,hebbian,8.886853352754022e+31
24024,0.1,260,bounded_hebbian,171.48614501953125
24024,0.1,261,predictive_dendrites,4.8143865569727495e-06
24024,0.1,261,hebbian,1.1856674408421617e+32
24024,0.1,261,bounded_hebbian,171.48614501953125
24024,0.1,262,predictive_dendrites,4.543313480098732e-06
24024,0.1,262,hebbian,1.5816577663274577e+32
24024,0.1,262,bounded_hebbian,171.48614501953125
24024,0.1,263,predictive_dendrites,4.286989224056015e-06
24024,0.1,263,hebbian,2.111181008715976e+32
24024,0.1,263,bounded_hebbian,171.48614501953125
24024,0.1,264,predictive_dendrites,4.045775767735904e-06
24024,0.1,264,hebbian,2.815396159748251e+32
24024,0.1,264,bounded_hebbian,171.48614501953125
24024,0.1,265,predictive_dendrites,3.818048753601033e-06
24024,0.1,265,hebbian,3.755667520315396e+32
24024,0.1,265,bounded_hebbian,171.48614501953125
24024,0.1,266,predictive_dendrites,3.603395498430473e-06
24024,0.1,266,hebbian,5.0045238696097e+32
24024,0.1,266,bounded_hebbian,171.48614501953125
24024,0.1,267,predictive_dendrites,3.400469495318248e-06
24024,0.1,267,hebbian,6.674292598517688e+32
24024,0.1,267,bounded_hebbian,171.48614501953125
24024,0.1,268,predictive_dendrites,3.2090417789731873e-06
24024,0.1,268,hebbian,8.898111063414405e+32
24024,0.1,268,bounded_hebbian,171.48614501953125
24024,0.1,269,predictive_dendrites,3.0283340493042488e-06
24024,0.1,269,hebbian,1.1867588010436704e+33
24024,0.1,269,bounded_hebbian,171.48614501953125
24024,0.1,270,predictive_dendrites,2.857633717212593e-06
24024,0.1,270,hebbian,1.5853323205346928e+33
24024,0.1,270,bounded_hebbian,171.48614501953125
24024,0.1,271,predictive_dendrites,2.696526507861563e-06
24024,0.1,271,hebbian,2.1158051016189693e+33
24024,0.1,271,bounded_hebbian,171.48614501953125
24024,0.1,272,predictive_dendrites,2.545281631682883e-06
24024,0.1,272,hebbian,2.8231275208354767e+33
24024,0.1,272,bounded_hebbian,171.48614501953125
24024,0.1,273,predictive_dendrites,2.401850679234485e-06
24024,0.1,273,hebbian,3.762572053513258e+33
24024,0.1,273,bounded_hebbian,171.48614501953125
24024,0.1,274,predictive_dendrites,2.266778665216407e-06
24024,0.1,274,hebbian,5.0181954472898103e+33
24024,0.1,274,bounded_hebbian,171.48614501953125
24024,0.1,275,predictive_dendrites,2.139083107977058e-06
24024,0.1,275,hebbian,6.687340950759271e+33
24024,0.1,275,bounded_hebbian,171.48614501953125
24024,0.1,276,predictive_dendrites,2.0187917471048422e-06
24024,0.1,276,hebbian,8.921208703409897e+33
24024,0.1,276,bounded_hebbian,171.48614501953125
24024,0.1,277,predictive_dendrites,1.9050530681852251e-06
24024,0.1,277,hebbian,1.189072108646582e+34
24024,0.1,277,bounded_hebbian,171.48614501953125
24024,0.1,278,predictive_dendrites,1.798158905330638e-06
24024,0.1,278,hebbian,1.5877889506456527e+34
24024,0.1,278,bounded_hebbian,171.48614501953125
24024,0.1,279,predictive_dendrites,1.696819822427642e-06
24024,0.1,279,hebbian,2.1192590162255775e+34
24024,0.1,279,bounded_hebbian,171.48614501953125
24024,0.1,280,predictive_dendrites,1.6012743344617775e-06
24024,0.1,280,hebbian,2.8298717562725015e+34
24024,0.1,280,bounded_hebbian,171.48614501953125
24024,0.1,281,predictive_dendrites,1.5112700566533022e-06
24024,0.1,281,hebbian,3.7689671279622024e+34
24024,0.1,281,bounded_hebbian,171.48614501953125
24024,0.1,282,predictive_dendrites,1.4264226138038794e-06
24024,0.1,282,hebbian,5.031072994754473e+34
24024,0.1,282,bounded_hebbian,171.48614501953125
24024,0.1,283,predictive_dendrites,1.3460978607326979e-06
24024,0.1,283,hebbian,6.71250505311384e+34
24024,0.1,283,bounded_hebbian,171.48614501953125
24024,0.1,284,predictive_dendrites,1.2703014817816438e-06
24024,0.1,284,hebbian,8.94589743678938e+34
24024,0.1,284,bounded_hebbian,171.48614501953125
24024,0.1,285,predictive_dendrites,1.1988744290647446e-06
24024,0.1,285,hebbian,1.1929623104612356e+35
24024,0.1,285,bounded_hebbian,171.48614501953125
24024,0.1,286,predictive_dendrites,1.1313437653370784e-06
24024,0.1,286,hebbian,1.5872702785279929e+35
24024,0.1,286,bounded_hebbian,171.48614501953125
24024,0.1,287,predictive_dendrites,1.0677696309357998e-06
24024,0.1,287,hebbian,2.1140737805770267e+35
24024,0.1,287,bounded_hebbian,171.48614501953125
24024,0.1,288,predictive_dendrites,1.0077993692902965e-06
24024,0.1,288,hebbian,2.8159641931775522e+35
24024,0.1,288,bounded_hebbian,171.48614501953125
24024,0.1,289,predictive_dendrites,9.511105645287898e-07
24024,0.1,289,hebbian,3.753944428479865e+35
24024,0.1,289,bounded_hebbian,171.48614501953125
24024,0.1,290,predictive_dendrites,8.976056733445148e-07
24024,0.1,290,hebbian,5.000529844858802e+35
24024,0.1,290,bounded_hebbian,171.48614501953125
24024,0.1,291,predictive_dendrites,8.471637897855544e-07
24024,0.1,291,hebbian,6.674706485200723e+35
24024,0.1,291,bounded_hebbian,171.48614501953125
24024,0.1,292,predictive_dendrites,7.994151474122191e-07
24024,0.1,292,hebbian,8.915902446743105e+35
24024,0.1,292,bounded_hebbian,171.48614501953125
24024,0.1,293,predictive_dendrites,7.544786058133468e-07
24024,0.1,293,hebbian,1.1889524741211855e+36
24024,0.1,293,bounded_hebbian,171.48614501953125
24024,0.1,294,predictive_dendrites,7.121504381757404e-07
24024,0.1,294,hebbian,1.5873016924944298e+36
24024,0.1,294,bounded_hebbian,171.48614501953125
24024,0.1,295,predictive_dendrites,6.720363217027625e-07
24024,0.1,295,hebbian,2.1168579770500218e+36
24024,0.1,295,bounded_hebbian,171.48614501953125
24024,0.1,296,predictive_dendrites,6.343782956719224e-07
24024,0.1,296,hebbian,2.822435470263555e+36
24024,0.1,296,bounded_hebbian,171.48614501953125
24024,0.1,297,predictive_dendrites,5.987271265439631e-07
24024,0.1,297,hebbian,3.761143416238561e+36
24024,0.1,297,bounded_hebbian,171.48614501953125
24024,0.1,298,predictive_dendrites,5.650723551298142e-07
24024,0.1,298,hebbian,5.013806900332942e+36
24024,0.1,298,bounded_hebbian,171.48614501953125
24024,0.1,299,predictive_dendrites,5.33370211996953e-07
24024,0.1,299,hebbian,6.682176116362567e+36
24024,0.1,299,bounded_hebbian,171.48614501953125
24024,0.1,300,predictive_dendrites,5.033732577430783e-07
24024,0.1,300,hebbian,8.904663614977807e+36
24024,0.1,300,bounded_hebbian,171.48614501953125
24024,0.1,301,predictive_dendrites,4.7510408762718725e-07
24024,0.1,301,hebbian,1.185777865031769e+37
24024,0.1,301,bounded_hebbian,171.48614501953125
24024,0.1,302,predictive_dendrites,4.4849767277810315e-07
24024,0.1,302,hebbian,1.579627525908238e+37
24024,0.1,302,bounded_hebbian,171.48614501953125
24024,0.1,303,predictive_dendrites,4.233093306993396e-07
24024,0.1,303,hebbian,2.1004776495239926e+37
24024,0.1,303,bounded_hebbian,171.48614501953125
24024,0.1,304,predictive_dendrites,3.995998270056589e-07
24024,0.1,304,hebbian,2.801784427865357e+37
24024,0.1,304,bounded_hebbian,171.48614501953125
24024,0.1,305,predictive_dendrites,3.7716361589446024e-07
24024,0.1,305,hebbian,3.7319316758069017e+37
24024,0.1,305,bounded_hebbian,171.48614501953125
24024,0.1,306,predictive_dendrites,3.559185586254898e-07
24024,0.1,306,hebbian,4.955407441448498e+37
24024,0.1,306,bounded_hebbian,171.48614501953125
24024,0.1,307,predictive_dendrites,3.358997560098942e-07
24024,0.1,307,hebbian,6.587081658640666e+37
24024,0.1,307,bounded_hebbian,171.48614501953125
24024,0.1,308,predictive_dendrites,3.1707619996268477e-07
24024,0.1,308,hebbian,inf
24024,0.1,308,bounded_hebbian,171.48614501953125
24024,0.1,309,predictive_dendrites,2.992594829720474e-07
24024,0.1,309,hebbian,inf
24024,0.1,309,bounded_hebbian,171.48614501953125
24024,0.1,310,predictive_dendrites,2.8252003403395065e-07
24024,0.1,310,hebbian,inf
24024,0.1,310,bounded_hebbian,171.48614501953125
24024,0.1,311,predictive_dendrites,2.6656454110707273e-07
24024,0.1,311,hebbian,inf
24024,0.1,311,bounded_hebbian,171.48614501953125
24024,0.1,312,predictive_dendrites,2.5168512252093933e-07
24024,0.1,312,hebbian,inf
24024,0.1,312,bounded_hebbian,171.48614501953125
24024,0.1,313,predictive_dendrites,2.374920882175502e-07
24024,0.1,313,hebbian,inf
24024,0.1,313,bounded_hebbian,171.48614501953125
24024,0.1,314,predictive_dendrites,2.2421789935833658e-07
24024,0.1,314,hebbian,inf
24024,0.1,314,bounded_hebbian,171.48614501953125
24024,0.1,315,predictive_dendrites,2.1165676855616766e-07
24024,0.1,315,hebbian,inf
24024,0.1,315,bounded_hebbian,171.48614501953125
24024,0.1,316,predictive_dendrites,1.9975985310338729e-07
24024,0.1,316,hebbian,inf
24024,0.1,316,bounded_hebbian,171.48614501953125
24024,0.1,317,predictive_dendrites,1.8846807847694436e-07
24024,0.1,317,hebbian,inf
24024,0.1,317,bounded_hebbian,171.48614501953125
24024,0.1,318,predictive_dendrites,1.779747975660939e-07
24024,0.1,318,hebbian,inf
24024,0.1,318,bounded_hebbian,171.48614501953125
24024,0.1,319,predictive_dendrites,1.6800495927782322e-07
24024,0.1,319,hebbian,inf
24024,0.1,319,bounded_hebbian,171.48614501953125
24024,0.1,320,predictive_dendrites,1.5857077073633263e-07
24024,0.1,320,hebbian,inf
24024,0.1,320,bounded_hebbian,171.48614501953125
24024,0.1,321,predictive_dendrites,1.496373016607322e-07
24024,0.1,321,hebbian,inf
24024,0.1,321,bounded_hebbian,171.48614501953125
24024,0.1,322,predictive_dendrites,1.412846728499062e-07
24024,0.1,322,hebbian,inf
24024,0.1,322,bounded_hebbian,171.48614501953125
24024,0.1,323,predictive_dendrites,1.3332459047887824e-07
24024,0.1,323,hebbian,inf
24024,0.1,323,bounded_hebbian,171.48614501953125
24024,0.1,324,predictive_dendrites,1.259154061017398e-07
24024,0.1,324,hebbian,inf
24024,0.1,324,bounded_hebbian,171.48614501953125
24024,0.1,325,predictive_dendrites,1.1882855233125156e-07
24024,0.1,325,hebbian,inf
24024,0.1,325,bounded_hebbian,171.48614501953125
24024,0.1,326,predictive_dendrites,1.1215315964818728e-07
24024,0.1,326,hebbian,inf
24024,0.1,326,bounded_hebbian,171.48614501953125
24024,0.1,327,predictive_dendrites,1.0586799703560246e-07
24024,0.1,327,hebbian,inf
24024,0.1,327,bounded_hebbian,171.48614501953125
24024,0.1,328,predictive_dendrites,9.993773630867508e-08
24024,0.1,328,hebbian,inf
24024,0.1,328,bounded_hebbian,171.48614501953125
24024,0.1,329,predictive_dendrites,9.430443981273129e-08
24024,0.1,329,hebbian,inf
24024,0.1,329,bounded_hebbian,171.48614501953125
24024,0.1,330,predictive_dendrites,8.904724069225267e-08
24024,0.1,330,hebbian,inf
24024,0.1,330,bounded_hebbian,171.48614501953125
24024,0.1,331,predictive_dendrites,8.405270079947513e-08
24024,0.1,331,hebbian,inf
24024,0.1,331,bounded_hebbian,171.48614501953125
24024,0.1,332,predictive_dendrites,7.933142853744357e-08
24024,0.1,332,hebbian,inf
24024,0.1,332,bounded_hebbian,171.48614501953125
24024,0.1,333,predictive_dendrites,7.485228081804962e-08
24024,0.1,333,hebbian,inf
24024,0.1,333,bounded_hebbian,171.48614501953125
24024,0.1,334,predictive_dendrites,7.066638829655858e-08
24024,0.1,334,hebbian,inf
24024,0.1,334,bounded_hebbian,171.48614501953125
24024,0.1,335,predictive_dendrites,6.670654784102226e-08
24024,0.1,335,hebbian,inf
24024,0.1,335,bounded_hebbian,171.48614501953125
24024,0.1,336,predictive_dendrites,6.297874932670311e-08
24024,0.1,336,hebbian,inf
24024,0.1,336,bounded_hebbian,171.48614501953125
24024,0.1,337,predictive_dendrites,5.944389513956594e-08
24024,0.1,337,hebbian,inf
24024,0.1,337,bounded_hebbian,171.48614501953125
24024,0.1,338,predictive_dendrites,5.611165221353076e-08
24024,0.1,338,hebbian,inf
24024,0.1,338,bounded_hebbian,171.48614501953125
24024,0.1,339,predictive_dendrites,5.2955041240920764e-08
24024,0.1,339,hebbian,inf
24024,0.1,339,bounded_hebbian,171.48614501953125
24024,0.1,340,predictive_dendrites,4.998697278324471e-08
24024,0.1,340,hebbian,inf
24024,0.1,340,bounded_hebbian,171.48614501953125
24024,0.1,341,predictive_dendrites,4.720901358723495e-08
24024,0.1,341,hebbian,inf
24024,0.1,341,bounded_hebbian,171.48614501953125
24024,0.1,342,predictive_dendrites,4.4559190115478486e-08
24024,0.1,342,hebbian,inf
24024,0.1,342,bounded_hebbian,171.48614501953125
24024,0.1,343,predictive_dendrites,4.204271419894212e-08
24024,0.1,343,hebbian,inf
24024,0.1,343,bounded_hebbian,171.48614501953125
24024,0.1,344,predictive_dendrites,3.9723353495446645e-08
24024,0.1,344,hebbian,inf
24024,0.1,344,bounded_hebbian,171.48614501953125
24024,0.1,345,predictive_dendrites,3.746401944226818e-08
24024,0.1,345,hebbian,inf
24024,0.1,345,bounded_hebbian,171.48614501953125
24024,0.1,346,predictive_dendrites,3.537190096380982e-08
24024,0.1,346,hebbian,inf
24024,0.1,346,bounded_hebbian,171.48614501953125
24024,0.1,347,predictive_dendrites,3.3414213618243593e-08
24024,0.1,347,hebbian,inf
24024,0.1,347,bounded_hebbian,171.48614501953125
24024,0.1,348,predictive_dendrites,3.154794114834658e-08
24024,0.1,348,hebbian,inf
24024,0.1,348,bounded_hebbian,171.48614501953125
24024,0.1,349,predictive_dendrites,2.977300539441785e-08
24024,0.1,349,hebbian,inf
24024,0.1,349,bounded_hebbian,171.48614501953125
24024,0.1,350,predictive_dendrites,2.810756782878343e-08
24024,0.1,350,hebbian,inf
24024,0.1,350,bounded_hebbian,171.48614501953125
24024,0.1,351,predictive_dendrites,2.652343056297468e-08
24024,0.1,351,hebbian,inf
24024,0.1,351,bounded_hebbian,171.48614501953125
24024,0.1,352,predictive_dendrites,2.5069610387618013e-08
24024,0.1,352,hebbian,inf
24024,0.1,352,bounded_hebbian,171.48614501953125
24024,0.1,353,predictive_dendrites,2.3665911896841862e-08
24024,0.1,353,hebbian,inf
24024,0.1,353,bounded_hebbian,171.48614501953125
24024,0.1,354,predictive_dendrites,2.2337228955393584e-08
24024,0.1,354,hebbian,inf
24024,0.1,354,bounded_hebbian,171.48614501953125
24024,0.1,355,predictive_dendrites,2.109528196569954e-08
24024,0.1,355,hebbian,inf
24024,0.1,355,bounded_hebbian,171.48614501953125
24024,0.1,356,predictive_dendrites,1.989091913401353e-08
24024,0.1,356,hebbian,inf
24024,0.1,356,bounded_hebbian,171.48614501953125
24024,0.1,357,predictive_dendrites,1.8807170931722794e-08
24024,0.1,357,hebbian,inf
24024,0.1,357,bounded_hebbian,171.48614501953125
24024,0.1,358,predictive_dendrites,1.7732652679569583e-08
24024,0.1,358,hebbian,inf
24024,0.1,358,bounded_hebbian,171.48614501953125
24024,0.1,359,predictive_dendrites,1.6764548860237483e-08
24024,0.1,359,hebbian,inf
24024,0.1,359,bounded_hebbian,171.48614501953125
24024,0.1,360,predictive_dendrites,1.583821784834072e-08
24024,0.1,360,hebbian,inf
24024,0.1,360,bounded_hebbian,171.48614501953125
24024,0.1,361,predictive_dendrites,1.4939988801643267e-08
24024,0.1,361,hebbian,inf
24024,0.1,361,bounded_hebbian,171.48614501953125
24024,0.1,362,predictive_dendrites,1.4117809143954219e-08
24024,0.1,362,hebbian,inf
24024,0.1,362,bounded_hebbian,171.48614501953125
24024,0.1,363,predictive_dendrites,1.3310430979629473e-08
24024,0.1,363,hebbian,inf
24024,0.1,363,bounded_hebbian,171.48614501953125
24024,0.1,364,predictive_dendrites,1.2567555884857029e-08
24024,0.1,364,hebbian,inf
24024,0.1,364,bounded_hebbian,171.48614501953125
24024,0.1,365,predictive_dendrites,1.1859957460558235e-08
24024,0.1,365,hebbian,inf
24024,0.1,365,bounded_hebbian,171.48614501953125
24024,0.1,366,predictive_dendrites,1.1197660576556245e-08
24024,0.1,366,hebbian,inf
24024,0.1,366,bounded_hebbian,171.48614501953125
24024,0.1,367,predictive_dendrites,1.0564670027690681e-08
24024,0.1,367,hebbian,inf
24024,0.1,367,bounded_hebbian,171.48614501953125
24024,0.1,368,predictive_dendrites,9.981819815152448e-09
24024,0.1,368,hebbian,inf
24024,0.1,368,bounded_hebbian,171.48614501953125
24024,0.1,369,predictive_dendrites,9.4307672782179e-09
24024,0.1,369,hebbian,inf
24024,0.1,369,bounded_hebbian,171.48614501953125
24024,0.1,370,predictive_dendrites,8.898273229362985e-09
24024,0.1,370,hebbian,inf
24024,0.1,370,bounded_hebbian,171.48614501953125
24024,0.1,371,predictive_dendrites,8.405027784874619e-09
24024,0.1,371,hebbian,inf
24024,0.1,371,bounded_hebbian,171.48614501953125
24024,0.1,372,predictive_dendrites,7.929831902231399e-09
24024,0.1,372,hebbian,inf
24024,0.1,372,bounded_hebbian,171.48614501953125
24024,0.1,373,predictive_dendrites,7.484332265050853e-09
24024,0.1,373,hebbian,inf
24024,0.1,373,bounded_hebbian,171.48614501953125
24024,0.1,374,predictive_dendrites,7.079140829091557e-09
24024,0.1,374,hebbian,inf
24024,0.1,374,bounded_hebbian,171.48614501953125
24024,0.1,375,predictive_dendrites,6.665887397616643e-09
24024,0.1,375,hebbian,inf
24024,0.1,375,bounded_hebbian,171.48614501953125
24024,0.1,376,predictive_dendrites,6.301934973862444e-09
24024,0.1,376,hebbian,inf
24024,0.1,376,bounded_hebbian,171.48614501953125
24024,0.1,377,predictive_dendrites,5.950250070441143e-09
24024,0.1,377,hebbian,inf
24024,0.1,377,bounded_hebbian,171.48614501953125
24024,0.1,378,predictive_dendrites,5.6140070370247486e-09
24024,0.1,378,hebbian,inf
24024,0.1,378,bounded_hebbian,171.48614501953125
24024,0.1,379,predictive_dendrites,5.309665596087143e-09
24024,0.1,379,hebbian,inf
24024,0.1,379,bounded_hebbian,171.48614501953125
24024,0.1,380,predictive_dendrites,5.011978387869931e-09
24024,0.1,380,hebbian,inf
24024,0.1,380,bounded_hebbian,171.48614501953125
24024,0.1,381,predictive_dendrites,4.715791313003592e-09
24024,0.1,381,hebbian,inf
24024,0.1,381,bounded_hebbian,171.48614501953125
24024,0.1,382,predictive_dendrites,4.4644288266226795e-09
24024,0.1,382,hebbian,inf
24024,0.1,382,bounded_hebbian,171.48614501953125
24024,0.1,383,predictive_dendrites,4.2140593237149915e-09
24024,0.1,383,hebbian,inf
24024,0.1,383,bounded_hebbian,171.48614501953125
24024,0.1,384,predictive_dendrites,3.9753889069515935e-09
24024,0.1,384,hebbian,inf
24024,0.1,384,bounded_hebbian,171.48614501953125
24024,0.1,385,predictive_dendrites,3.757168798301791e-09
24024,0.1,385,hebbian,inf
24024,0.1,385,bounded_hebbian,171.48614501953125
24024,0.1,386,predictive_dendrites,3.550841398691773e-09
24024,0.1,386,hebbian,inf
24024,0.1,386,bounded_hebbian,171.48614501953125
24024,0.1,387,predictive_dendrites,3.351525279526868e-09
24024,0.1,387,hebbian,inf
24024,0.1,387,bounded_hebbian,171.48614501953125
24024,0.1,388,predictive_dendrites,3.165940398730527e-09
24024,0.1,388,hebbian,inf
24024,0.1,388,bounded_hebbian,171.48614501953125
24024,0.1,389,predictive_dendrites,2.988831404593384e-09
24024,0.1,389,hebbian,inf
24024,0.1,389,bounded_hebbian,171.48614501953125
24024,0.1,390,predictive_dendrites,2.814862121169881e-09
24024,0.1,390,hebbian,inf
24024,0.1,390,bounded_hebbian,171.48614501953125
24024,0.1,391,predictive_dendrites,2.66194621900695e-09
24024,0.1,391,hebbian,inf
24024,0.1,391,bounded_hebbian,171.48614501953125
24024,0.1,392,predictive_dendrites,2.5097621758618516e-09
24024,0.1,392,hebbian,inf
24024,0.1,392,bounded_hebbian,171.48614501953125
24024,0.1,393,predictive_dendrites,2.374008545302786e-09
24024,0.1,393,hebbian,inf
24024,0.1,393,bounded_hebbian,171.48614501953125
24024,0.1,394,predictive_dendrites,2.2408750410818357e-09
24024,0.1,394,hebbian,inf
24024,0.1,394,bounded_hebbian,171.48614501953125
24024,0.1,395,predictive_dendrites,2.112149566357857e-09
24024,0.1,395,hebbian,inf
24024,0.1,395,bounded_hebbian,171.48614501953125
24024,0.1,396,predictive_dendrites,1.9955885832700915e-09
24024,0.1,396,hebbian,inf
24024,0.1,396,bounded_hebbian,171.48614501953125
24024,0.1,397,predictive_dendrites,1.8818191449554433e-09
24024,0.1,397,hebbian,inf
24024,0.1,397,bounded_hebbian,171.48614501953125
24024,0.1,398,predictive_dendrites,1.776818803200797e-09
24024,0.1,398,hebbian,inf
24024,0.1,398,bounded_hebbian,171.48614501953125
24024,0.1,399,predictive_dendrites,1.6748381570508286e-09
24024,0.1,399,hebbian,inf
24024,0.1,399,bounded_hebbian,171.48614501953125
24024,0.1,400,predictive_dendrites,1.5833113709007307e-09
24024,0.1,400,hebbian,inf
24024,0.1,400,bounded_hebbian,171.48614501953125
24024,0.1,401,predictive_dendrites,1.5002444841982765e-09
24024,0.1,401,hebbian,inf
24024,0.1,401,bounded_hebbian,171.48614501953125
24024,0.1,402,predictive_dendrites,1.4119346802843324e-09
24024,0.1,402,hebbian,inf
24024,0.1,402,bounded_hebbian,171.48614501953125
24024,0.1,403,predictive_dendrites,1.3365389905928282e-09
24024,0.1,403,hebbian,inf
24024,0.1,403,bounded_hebbian,171.48614501953125
24024,0.1,404,predictive_dendrites,1.264045867976904e-09
24024,0.1,404,hebbian,inf
24024,0.1,404,bounded_hebbian,171.48614501953125
24024,0.1,405,predictive_dendrites,1.1915554098962389e-09
24024,0.1,405,hebbian,inf
24024,0.1,405,bounded_hebbian,171.48614501953125
24024,0.1,406,predictive_dendrites,1.1243496134127895e-09
24024,0.1,406,hebbian,inf
24024,0.1,406,bounded_hebbian,171.48614501953125
24024,0.1,407,predictive_dendrites,1.0602231315104405e-09
24024,0.1,407,hebbian,inf
24024,0.1,407,bounded_hebbian,171.48614501953125
24024,0.1,408,predictive_dendrites,1.0031665498289044e-09
24024,0.1,408,hebbian,inf
24024,0.1,408,bounded_hebbian,171.48614501953125
24024,0.1,409,predictive_dendrites,9.46241418553484e-10
24024,0.1,409,hebbian,inf
24024,0.1,409,bounded_hebbian,171.48614501953125
24024,0.1,410,predictive_dendrites,8.941346552049367e-10
24024,0.1,410,hebbian,inf
24024,0.1,410,bounded_hebbian,171.48614501953125
24024,0.1,411,predictive_dendrites,8.45536196614205e-10
24024,0.1,411,hebbian,inf
24024,0.1,411,bounded_hebbian,171.48614501953125
24024,0.1,412,predictive_dendrites,7.969626070192248e-10
24024,0.1,412,hebbian,inf
24024,0.1,412,bounded_hebbian,171.48614501953125
24024,0.1,413,predictive_dendrites,7.521095968243685e-10
24024,0.1,413,hebbian,inf
24024,0.1,413,bounded_hebbian,171.48614501953125
24024,0.1,414,predictive_dendrites,7.088633013907497e-10
24024,0.1,414,hebbian,inf
24024,0.1,414,bounded_hebbian,171.48614501953125
24024,0.1,415,predictive_dendrites,6.687007614303297e-10
24024,0.1,415,hebbian,inf
24024,0.1,415,bounded_hebbian,171.48614501953125
24024,0.1,416,predictive_dendrites,6.337589342209071e-10
24024,0.1,416,hebbian,inf
24024,0.1,416,bounded_hebbian,171.48614501953125
24024,0.1,417,predictive_dendrites,6.003803010301567e-10
24024,0.1,417,hebbian,inf
24024,0.1,417,bounded_hebbian,171.48614501953125
24024,0.1,418,predictive_dendrites,5.6625026889634e-10
24024,0.1,418,hebbian,inf
24024,0.1,418,bounded_hebbian,171.48614501953125
24024,0.1,419,predictive_dendrites,5.336248110054953e-10
24024,0.1,419,hebbian,inf
24024,0.1,419,bounded_hebbian,171.48614501953125
24024,0.1,420,predictive_dendrites,5.045964757144361e-10
24024,0.1,420,hebbian,inf
24024,0.1,420,bounded_hebbian,171.48614501953125
24024,0.1,421,predictive_dendrites,4.761427918609229e-10
24024,0.1,421,hebbian,inf
24024,0.1,421,bounded_hebbian,171.48614501953125
24024,0.1,422,predictive_dendrites,4.492070049266772e-10
24024,0.1,422,hebbian,inf
24024,0.1,422,bounded_hebbian,171.48614501953125
24024,0.1,423,predictive_dendrites,4.2479453288279956e-10
24024,0.1,423,hebbian,inf
24024,0.1,423,bounded_hebbian,171.48614501953125
24024,0.1,424,predictive_dendrites,4.0128356193491754e-10
24024,0.1,424,hebbian,inf
24024,0.1,424,bounded_hebbian,171.48614501953125
24024,0.1,425,predictive_dendrites,3.782335555868599e-10
24024,0.1,425,hebbian,inf
24024,0.1,425,bounded_hebbian,171.48614501953125
24024,0.1,426,predictive_dendrites,3.591972275174271e-10
24024,0.1,426,hebbian,inf
24024,0.1,426,bounded_hebbian,171.48614501953125
24024,0.1,427,predictive_dendrites,3.371144474684229e-10
24024,0.1,427,hebbian,inf
24024,0.1,427,bounded_hebbian,171.48614501953125
24024,0.1,428,predictive_dendrites,3.1706204328685317e-10
24024,0.1,428,hebbian,inf
24024,0.1,428,bounded_hebbian,171.48614501953125
24024,0.1,429,predictive_dendrites,3.002044446365204e-10
24024,0.1,429,hebbian,inf
24024,0.1,429,bounded_hebbian,171.48614501953125
24024,0.1,430,predictive_dendrites,2.844383895084235e-10
24024,0.1,430,hebbian,inf
24024,0.1,430,bounded_hebbian,171.48614501953125
24024,0.1,431,predictive_dendrites,2.7006410996399666e-10
24024,0.1,431,hebbian,inf
24024,0.1,431,bounded_hebbian,171.48614501953125
24024,0.1,432,predictive_dendrites,2.570069990159851e-10
24024,0.1,432,hebbian,inf
24024,0.1,432,bounded_hebbian,171.48614501953125
24024,0.1,433,predictive_dendrites,2.4093541051151135e-10
24024,0.1,433,hebbian,inf
24024,0.1,433,bounded_hebbian,171.48614501953125
24024,0.1,434,predictive_dendrites,2.2684089329150225e-10
24024,0.1,434,hebbian,inf
24024,0.1,434,bounded_hebbian,171.48614501953125
24024,0.1,435,predictive_dendrites,2.143282357147669e-10
24024,0.1,435,hebbian,inf
24024,0.1,435,bounded_hebbian,171.48614501953125
24024,0.1,436,predictive_dendrites,2.0188307969792874e-10
24024,0.1,436,hebbian,inf
24024,0.1,436,bounded_hebbian,171.48614501953125
24024,0.1,437,predictive_dendrites,1.90227514296204e-10
24024,0.1,437,hebbian,inf
24024,0.1,437,bounded_hebbian,171.48614501953125
24024,0.1,438,predictive_dendrites,1.810117750133955e-10
24024,0.1,438,hebbian,inf
24024,0.1,438,bounded_hebbian,171.48614501953125
24024,0.1,439,predictive_dendrites,1.7061919932448433e-10
24024,0.1,439,hebbian,inf
24024,0.1,439,bounded_hebbian,171.48614501953125
24024,0.1,440,predictive_dendrites,1.6252256485049799e-10
24024,0.1,440,hebbian,inf
24024,0.1,440,bounded_hebbian,171.48614501953125
24024,0.1,441,predictive_dendrites,1.5305547107491435e-10
24024,0.1,441,hebbian,inf
24024,0.1,441,bounded_hebbian,171.48614501953125
24024,0.1,442,predictive_dendrites,1.4503699630186162e-10
24024,0.1,442,hebbian,inf
24024,0.1,442,bounded_hebbian,171.48614501953125
24024,0.1,443,predictive_dendrites,1.3621916095107878e-10
24024,0.1,443,hebbian,inf
24024,0.1,443,bounded_hebbian,171.48614501953125
24024,0.1,444,predictive_dendrites,1.286589862425913e-10
24024,0.1,444,hebbian,inf
24024,0.1,444,bounded_hebbian,171.48614501953125
24024,0.1,445,predictive_dendrites,1.2186264497504595e-10
24024,0.1,445,hebbian,inf
24024,0.1,445,bounded_hebbian,171.48614501953125
24024,0.1,446,predictive_dendrites,1.150592052190369e-10
24024,0.1,446,hebbian,inf
24024,0.1,446,bounded_hebbian,171.48614501953125
24024,0.1,447,predictive_dendrites,1.0882419271274202e-10
24024,0.1,447,hebbian,inf
24024,0.1,447,bounded_hebbian,171.48614501953125
24024,0.1,448,predictive_dendrites,1.0139191569669137e-10
24024,0.1,448,hebbian,inf
24024,0.1,448,bounded_hebbian,171.48614501953125
24024,0.1,449,predictive_dendrites,9.586034049879899e-11
24024,0.1,449,hebbian,inf
24024,0.1,449,bounded_hebbian,171.48614501953125
24024,0.1,450,predictive_dendrites,9.161484765263239e-11
24024,0.1,450,hebbian,inf
24024,0.1,450,bounded_hebbian,171.48614501953125
24024,0.1,451,predictive_dendrites,8.488511976656454e-11
24024,0.1,451,hebbian,inf
24024,0.1,451,bounded_hebbian,171.48614501953125
24024,0.1,452,predictive_dendrites,8.059344164257354e-11
24024,0.1,452,hebbian,inf
24024,0.1,452,bounded_hebbian,171.48614501953125
24024,0.1,453,predictive_dendrites,7.74492900368351e-11
24024,0.1,453,hebbian,inf
24024,0.1,453,bounded_hebbian,171.48614501953125
24024,0.1,454,predictive_dendrites,7.32037971906685e-11
24024,0.1,454,hebbian,inf
24024,0.1,454,bounded_hebbian,171.48614501953125
24024,0.1,455,predictive_dendrites,6.858971030032635e-11
24024,0.1,455,hebbian,inf
24024,0.1,455,bounded_hebbian,171.48614501953125
24024,0.1,456,predictive_dendrites,6.521374412704617e-11
24024,0.1,456,hebbian,inf
24024,0.1,456,bounded_hebbian,171.48614501953125
24024,0.1,457,predictive_dendrites,6.146207848223284e-11
24024,0.1,457,hebbian,inf
24024,0.1,457,bounded_hebbian,171.48614501953125
24024,0.1,458,predictive_dendrites,5.858438040240443e-11
24024,0.1,458,hebbian,inf
24024,0.1,458,bounded_hebbian,171.48614501953125
24024,0.1,459,predictive_dendrites,5.5031666723603934e-11
24024,0.1,459,hebbian,inf
24024,0.1,459,bounded_hebbian,171.48614501953125
24024,0.1,460,predictive_dendrites,5.231028804564275e-11
24024,0.1,460,hebbian,inf
24024,0.1,460,bounded_hebbian,171.48614501953125
24024,0.1,461,predictive_dendrites,4.9784308620015594e-11
24024,0.1,461,hebbian,inf
24024,0.1,461,bounded_hebbian,171.48614501953125
24024,0.1,462,predictive_dendrites,4.691815685964329e-11
24024,0.1,462,hebbian,inf
24024,0.1,462,bounded_hebbian,171.48614501953125
24024,0.1,463,predictive_dendrites,4.453073326748935e-11
24024,0.1,463,hebbian,inf
24024,0.1,463,bounded_hebbian,171.48614501953125
24024,0.1,464,predictive_dendrites,4.182622997950247e-11
24024,0.1,464,hebbian,inf
24024,0.1,464,bounded_hebbian,171.48614501953125
24024,0.1,465,predictive_dendrites,3.811364418515595e-11
24024,0.1,465,hebbian,inf
24024,0.1,465,bounded_hebbian,171.48614501953125
24024,0.1,466,predictive_dendrites,3.6678347858920546e-11
24024,0.1,466,hebbian,inf
24024,0.1,466,bounded_hebbian,171.48614501953125
24024,0.1,467,predictive_dendrites,3.49241954800128e-11
24024,0.1,467,hebbian,inf
24024,0.1,467,bounded_hebbian,171.48614501953125
24024,0.1,468,predictive_dendrites,3.287783240102371e-11
24024,0.1,468,hebbian,inf
24024,0.1,468,bounded_hebbian,171.48614501953125
24024,0.1,469,predictive_dendrites,3.1221379648282976e-11
24024,0.1,469,hebbian,inf
24024,0.1,469,bounded_hebbian,171.48614501953125
24024,0.1,470,predictive_dendrites,3.024882427871134e-11
24024,0.1,470,hebbian,inf
24024,0.1,470,bounded_hebbian,171.48614501953125
24024,0.1,471,predictive_dendrites,2.866342406482314e-11
24024,0.1,471,hebbian,inf
24024,0.1,471,bounded_hebbian,171.48614501953125
24024,0.1,472,predictive_dendrites,2.7427079704600565e-11
24024,0.1,472,hebbian,inf
24024,0.1,472,bounded_hebbian,171.48614501953125
24024,0.1,473,predictive_dendrites,2.592161901793233e-11
24024,0.1,473,hebbian,inf
24024,0.1,473,bounded_hebbian,171.48614501953125
24024,0.1,474,predictive_dendrites,2.4460565517525623e-11
24024,0.1,474,hebbian,inf
24024,0.1,474,bounded_hebbian,171.48614501953125
24024,0.1,475,predictive_dendrites,2.2765921092737784e-11
24024,0.1,475,hebbian,inf
24024,0.1,475,bounded_hebbian,171.48614501953125
24024,0.1,476,predictive_dendrites,2.1942579697675768e-11
24024,0.1,476,hebbian,inf
24024,0.1,476,bounded_hebbian,171.48614501953125
24024,0.1,477,predictive_dendrites,2.060587117602708e-11
24024,0.1,477,hebbian,inf
24024,0.1,477,bounded_hebbian,171.48614501953125
24024,0.1,478,predictive_dendrites,1.982516234511067e-11
24024,0.1,478,hebbian,inf
24024,0.1,478,bounded_hebbian,171.48614501953125
24024,0.1,479,predictive_dendrites,1.9060440725748862e-11
24024,0.1,479,hebbian,inf
24024,0.1,479,bounded_hebbian,171.48614501953125
24024,0.1,480,predictive_dendrites,1.855950809703799e-11
24024,0.1,480,hebbian,inf
24024,0.1,480,bounded_hebbian,171.48614501953125
24024,0.1,481,predictive_dendrites,1.7099342775050985e-11
24024,0.1,481,hebbian,inf
24024,0.1,481,bounded_hebbian,171.48614501953125
24024,0.1,482,predictive_dendrites,1.6393240931389386e-11
24024,0.1,482,hebbian,inf
24024,0.1,482,bounded_hebbian,171.48614501953125
24024,0.1,483,predictive_dendrites,1.5028998878729993e-11
24024,0.1,483,hebbian,inf
24024,0.1,483,bounded_hebbian,171.48614501953125
24024,0.1,484,predictive_dendrites,1.458846238255873e-11
24024,0.1,484,hebbian,inf
24024,0.1,484,bounded_hebbian,171.48614501953125
24024,0.1,485,predictive_dendrites,1.4370857802370463e-11
24024,0.1,485,hebbian,inf
24024,0.1,485,bounded_hebbian,171.48614501953125
24024,0.1,486,predictive_dendrites,1.3518206519458342e-11
24024,0.1,486,hebbian,inf
24024,0.1,486,bounded_hebbian,171.48614501953125
24024,0.1,487,predictive_dendrites,1.3102539019038684e-11
24024,0.1,487,hebbian,inf
24024,0.1,487,bounded_hebbian,171.48614501953125
24024,0.1,488,predictive_dendrites,1.2094456512679042e-11
24024,0.1,488,hebbian,inf
24024,0.1,488,bounded_hebbian,171.48614501953125
24024,0.1,489,predictive_dendrites,1.1898169081925314e-11
24024,0.1,489,hebbian,inf
24024,0.1,489,bounded_hebbian,171.48614501953125
24024,0.1,490,predictive_dendrites,1.0757747991030353e-11
24024,0.1,490,hebbian,inf
24024,0.1,490,bounded_hebbian,171.48614501953125
24024,0.1,491,predictive_dendrites,1.0032995267916789e-11
24024,0.1,491,hebbian,inf
24024,0.1,491,bounded_hebbian,171.48614501953125
24024,0.1,492,predictive_dendrites,9.508081821874015e-12
24024,0.1,492,hebbian,inf
24024,0.1,492,bounded_hebbian,171.48614501953125
24024,0.1,493,predictive_dendrites,8.83306622290192e-12
24024,0.1,493,hebbian,inf
24024,0.1,493,bounded_hebbian,171.48614501953125
24024,0.1,494,predictive_dendrites,8.506216564452274e-12
24024,0.1,494,hebbian,inf
24024,0.1,494,bounded_hebbian,171.48614501953125
24024,0.1,495,predictive_dendrites,8.345456270486551e-12
24024,0.1,495,hebbian,inf
24024,0.1,495,bounded_hebbian,171.48614501953125
24024,0.1,496,predictive_dendrites,7.568300153248941e-12
24024,0.1,496,hebbian,inf
24024,0.1,496,bounded_hebbian,171.48614501953125
24024,0.1,497,predictive_dendrites,7.12332233129831e-12
24024,0.1,497,hebbian,inf
24024,0.1,497,bounded_hebbian,171.48614501953125
24024,0.1,498,predictive_dendrites,6.694332154583149e-12
24024,0.1,498,hebbian,inf
24024,0.1,498,bounded_hebbian,171.48614501953125
24024,0.1,499,predictive_dendrites,6.41722048763671e-12
24024,0.1,499,hebbian,inf
24024,0.1,499,bounded_hebbian,171.48614501953125
24024,0.1,500,predictive_dendrites,5.755527564960117e-12
24024,0.1,500,hebbian,inf
24024,0.1,500,bounded_hebbian,171.48614501953125
33022,0.1,1,predictive_dendrites,0.4877222180366516
33022,0.1,1,hebbian,0.4146660268306732
33022,0.1,1,bounded_hebbian,0.3554544746875763
33022,0.1,2,predictive_dendrites,0.26502782106399536
33022,0.1,2,hebbian,0.34914273023605347
33022,0.1,2,bounded_hebbian,0.26448529958724976
33022,0.1,3,predictive_dendrites,0.2589399218559265
33022,0.1,3,hebbian,0.28126898407936096
33022,0.1,3,bounded_hebbian,0.1910097897052765
33022,0.1,4,predictive_dendrites,0.2768152356147766
33022,0.1,4,hebbian,0.2138916403055191
33022,0.1,4,bounded_hebbian,0.14971859753131866
33022,0.1,5,predictive_dendrites,0.2855002284049988
33022,0.1,5,hebbian,0.15126661956310272
33022,0.1,5,bounded_hebbian,0.16179770231246948
33022,0.1,6,predictive_dendrites,0.2887321710586548
33022,0.1,6,hebbian,0.09956473857164383
33022,0.1,6,bounded_hebbian,0.26910698413848877
33022,0.1,7,predictive_dendrites,0.2882114052772522
33022,0.1,7,hebbian,0.06754247099161148
33022,0.1,7,bounded_hebbian,0.4957980513572693
33022,0.1,8,predictive_dendrites,0.28573185205459595
33022,0.1,8,hebbian,0.06743039190769196
33022,0.1,8,bounded_hebbian,0.8328737020492554
33022,0.1,9,predictive_dendrites,0.2815684378147125
33022,0.1,9,hebbian,0.11610720306634903
33022,0.1,9,bounded_hebbian,1.318075180053711
33022,0.1,10,predictive_dendrites,0.27604061365127563
33022,0.1,10,hebbian,0.23665055632591248
33022,0.1,10,bounded_hebbian,1.9570752382278442
33022,0.1,11,predictive_dendrites,0.26949989795684814
33022,0.1,11,hebbian,0.46038246154785156
33022,0.1,11,bounded_hebbian,2.7412638664245605
33022,0.1,12,predictive_dendrites,0.26250505447387695
33022,0.1,12,hebbian,0.8295656442642212
33022,0.1,12,bounded_hebbian,3.693028450012207
33022,0.1,13,predictive_dendrites,0.2551891803741455
33022,0.1,13,hebbian,1.400956392288208
33022,0.1,13,bounded_hebbian,4.89973258972168
33022,0.1,14,predictive_dendrites,0.24770304560661316
33022,0.1,14,hebbian,2.250483989715576
33022,0.1,14,bounded_hebbian,6.34795618057251
33022,0.1,15,predictive_dendrites,0.2401551753282547
33022,0.1,15,hebbian,3.4794082641601562
33022,0.1,15,bounded_hebbian,8.096890449523926
33022,0.1,16,predictive_dendrites,0.232626810669899
33022,0.1,16,hebbian,5.222433090209961
33022,0.1,16,bounded_hebbian,10.172664642333984
33022,0.1,17,predictive_dendrites,0.22518067061901093
33022,0.1,17,hebbian,7.658378601074219
33022,0.1,17,bounded_hebbian,12.602946281433105
33022,0.1,18,predictive_dendrites,0.21786543726921082
33022,0.1,18,hebbian,11.0242338180542
33022,0.1,18,bounded_hebbian,15.445343017578125
33022,0.1,19,predictive_dendrites,0.21073010563850403
33022,0.1,19,hebbian,15.633660316467285
33022,0.1,19,bounded_hebbian,18.620620727539062
33022,0.1,20,predictive_dendrites,0.20382098853588104
33022,0.1,20,hebbian,21.901357650756836
33022,0.1,20,bounded_hebbian,22.17540740966797
33022,0.1,21,predictive_dendrites,0.19715501368045807
33022,0.1,21,hebbian,30.3751220703125
33022,0.1,21,bounded_hebbian,26.00579071044922
33022,0.1,22,predictive_dendrites,0.19074413180351257
33022,0.1,22,hebbian,41.77813720703125
33022,0.1,22,bounded_hebbian,30.16759490966797
33022,0.1,23,predictive_dendrites,0.18459495902061462
33022,0.1,23,hebbian,57.064632415771484
33022,0.1,23,bounded_hebbian,34.51751708984375
33022,0.1,24,predictive_dendrites,0.1791214644908905
33022,0.1,24,hebbian,77.49330139160156
33022,0.1,24,bounded_hebbian,39.09162902832031
33022,0.1,25,predictive_dendrites,0.17423836886882782
33022,0.1,25,hebbian,104.72400665283203
33022,0.1,25,bounded_hebbian,43.343482971191406
33022,0.1,26,predictive_dendrites,0.16958928108215332
33022,0.1,26,hebbian,140.94546508789062
33022,0.1,26,bounded_hebbian,46.75660705566406
33022,0.1,27,predictive_dendrites,0.16517677903175354
33022,0.1,27,hebbian,189.04347229003906
33022,0.1,27,bounded_hebbian,50.025447845458984
33022,0.1,28,predictive_dendrites,0.16095826029777527
33022,0.1,28,hebbian,252.8232421875
33022,0.1,28,bounded_hebbian,52.98063278198242
33022,0.1,29,predictive_dendrites,0.15691843628883362
33022,0.1,29,hebbian,337.3025817871094
33022,0.1,29,bounded_hebbian,55.636661529541016
33022,0.1,30,predictive_dendrites,0.1532336324453354
33022,0.1,30,hebbian,449.09912109375
33022,0.1,30,bounded_hebbian,58.0719108581543
33022,0.1,31,predictive_dendrites,0.14990952610969543
33022,0.1,31,hebbian,596.9423828125
33022,0.1,31,bounded_hebbian,60.237274169921875
33022,0.1,32,predictive_dendrites,0.14668600261211395
33022,0.1,32,hebbian,792.3496704101562
33022,0.1,32,bounded_hebbian,62.42924499511719
33022,0.1,33,predictive_dendrites,0.1435937136411667
33022,0.1,33,hebbian,1050.5201416015625
33022,0.1,33,bounded_hebbian,64.43317413330078
33022,0.1,34,predictive_dendrites,0.1405637413263321
33022,0.1,34,hebbian,1391.517822265625
33022,0.1,34,bounded_hebbian,66.60999298095703
33022,0.1,35,predictive_dendrites,0.13758429884910583
33022,0.1,35,hebbian,1841.83349609375
33022,0.1,35,bounded_hebbian,68.97845458984375
33022,0.1,36,predictive_dendrites,0.1346447467803955
33022,0.1,36,hebbian,2436.45751953125
33022,0.1,36,bounded_hebbian,71.30767059326172
33022,0.1,37,predictive_dendrites,0.13179554045200348
33022,0.1,37,hebbian,3221.6171875
33022,0.1,37,bounded_hebbian,73.3924789428711
33022,0.1,38,predictive_dendrites,0.1290026605129242
33022,0.1,38,hebbian,4258.404296875
33022,0.1,38,bounded_hebbian,75.60298156738281
33022,0.1,39,predictive_dendrites,0.12622320652008057
33022,0.1,39,hebbian,5627.5830078125
33022,0.1,39,bounded_hebbian,77.71549224853516
33022,0.1,40,predictive_dendrites,0.12345150858163834
33022,0.1,40,hebbian,7435.953125
33022,0.1,40,bounded_hebbian,79.92144012451172
33022,0.1,41,predictive_dendrites,0.12068305909633636
33022,0.1,41,hebbian,9824.7890625
33022,0.1,41,bounded_hebbian,82.18064880371094
33022,0.1,42,predictive_dendrites,0.11791470646858215
33022,0.1,42,hebbian,12981.025390625
33022,0.1,42,bounded_hebbian,84.09626007080078
33022,0.1,43,predictive_dendrites,0.11514413356781006
33022,0.1,43,hebbian,17152.087890625
33022,0.1,43,bounded_hebbian,85.88091278076172
33022,0.1,44,predictive_dendrites,0.1123700886964798
33022,0.1,44,hebbian,22665.564453125
33022,0.1,44,bounded_hebbian,87.49948120117188
33022,0.1,45,predictive_dendrites,0.1095922440290451
33022,0.1,45,hebbian,29955.30859375
33022,0.1,45,bounded_hebbian,88.88504791259766
33022,0.1,46,predictive_dendrites,0.10681096464395523
33022,0.1,46,hebbian,39596.06640625
33022,0.1,46,bounded_hebbian,90.0428237915039
33022,0.1,47,predictive_dendrites,0.1040269285440445
33022,0.1,47,hebbian,52349.453125
33022,0.1,47,bounded_hebbian,91.28190612792969
33022,0.1,48,predictive_dendrites,0.10124219954013824
33022,0.1,48,hebbian,69224.96875
33022,0.1,48,bounded_hebbian,92.56965637207031
33022,0.1,49,predictive_dendrites,0.09845899045467377
33022,0.1,49,hebbian,91561.015625
33022,0.1,49,bounded_hebbian,93.56320190429688
33022,0.1,50,predictive_dendrites,0.09567989408969879
33022,0.1,50,hebbian,121132.5859375
33022,0.1,50,bounded_hebbian,94.66127014160156
33022,0.1,51,predictive_dendrites,0.0929078757762909
33022,0.1,51,hebbian,160294.1875
33022,0.1,51,bounded_hebbian,95.74455261230469
33022,0.1,52,predictive_dendrites,0.09014607965946198
33022,0.1,52,hebbian,212169.734375
33022,0.1,52,bounded_hebbian,96.28462982177734
33022,0.1,53,predictive_dendrites,0.08739779144525528
33022,0.1,53,hebbian,280905.03125
33022,0.1,53,bounded_hebbian,96.74303436279297
33022,0.1,54,predictive_dendrites,0.08466663956642151
33022,0.1,54,hebbian,372003.4375
33022,0.1,54,bounded_hebbian,97.24376678466797
33022,0.1,55,predictive_dendrites,0.08195611089468002
33022,0.1,55,hebbian,492771.5
33022,0.1,55,bounded_hebbian,97.79109191894531
33022,0.1,56,predictive_dendrites,0.07926980406045914
33022,0.1,56,hebbian,652912.0625
33022,0.1,56,bounded_hebbian,98.38970184326172
33022,0.1,57,predictive_dendrites,0.07658693194389343
33022,0.1,57,hebbian,865312.75
33022,0.1,57,bounded_hebbian,99.04486083984375
33022,0.1,58,predictive_dendrites,0.0738946869969368
33022,0.1,58,hebbian,1147094.375
33022,0.1,58,bounded_hebbian,99.76233673095703
33022,0.1,59,predictive_dendrites,0.07123741507530212
33022,0.1,59,hebbian,1521006.25
33022,0.1,59,bounded_hebbian,100.54866027832031
33022,0.1,60,predictive_dendrites,0.06861846894025803
33022,0.1,60,hebbian,2017280.0
33022,0.1,60,bounded_hebbian,101.4110107421875
33022,0.1,61,predictive_dendrites,0.06604105234146118
33022,0.1,61,hebbian,2676100.0
33022,0.1,61,bounded_hebbian,102.35741424560547
33022,0.1,62,predictive_dendrites,0.06350328773260117
33022,0.1,62,hebbian,3550886.5
33022,0.1,62,bounded_hebbian,103.39684295654297
33022,0.1,63,predictive_dendrites,0.061009522527456284
33022,0.1,63,hebbian,4712665.0
33022,0.1,63,bounded_hebbian,104.5393295288086
33022,0.1,64,predictive_dendrites,0.058566734194755554
33022,0.1,64,hebbian,6255888.5
33022,0.1,64,bounded_hebbian,105.79607391357422
33022,0.1,65,predictive_dendrites,0.05617716535925865
33022,0.1,65,hebbian,8306171.5
33022,0.1,65,bounded_hebbian,107.10726165771484
33022,0.1,66,predictive_dendrites,0.053842879831790924
33022,0.1,66,hebbian,11030607.0
33022,0.1,66,bounded_hebbian,108.15850830078125
33022,0.1,67,predictive_dendrites,0.05156560242176056
33022,0.1,67,hebbian,14651478.0
33022,0.1,67,bounded_hebbian,108.95112609863281
33022,0.1,68,predictive_dendrites,0.04934687912464142
33022,0.1,68,hebbian,19464536.0
33022,0.1,68,bounded_hebbian,109.63988494873047
33022,0.1,69,predictive_dendrites,0.04718797653913498
33022,0.1,69,hebbian,25863314.0
33022,0.1,69,bounded_hebbian,110.22860717773438
33022,0.1,70,predictive_dendrites,0.04508992284536362
33022,0.1,70,hebbian,34371524.0
33022,0.1,70,bounded_hebbian,110.78599548339844
33022,0.1,71,predictive_dendrites,0.04305357113480568
33022,0.1,71,hebbian,45686224.0
33022,0.1,71,bounded_hebbian,111.18052673339844
33022,0.1,72,predictive_dendrites,0.041079454123973846
33022,0.1,72,hebbian,60735208.0
33022,0.1,72,bounded_hebbian,111.53955841064453
33022,0.1,73,predictive_dendrites,0.03916792944073677
33022,0.1,73,hebbian,80753632.0
33022,0.1,73,bounded_hebbian,111.91654968261719
33022,0.1,74,predictive_dendrites,0.03731923922896385
33022,0.1,74,hebbian,107385792.0
33022,0.1,74,bounded_hebbian,112.3124008178711
33022,0.1,75,predictive_dendrites,0.03553328290581703
33022,0.1,75,hebbian,142821120.0
33022,0.1,75,bounded_hebbian,112.72384643554688
33022,0.1,76,predictive_dendrites,0.033809855580329895
33022,0.1,76,hebbian,189974976.0
33022,0.1,76,bounded_hebbian,113.15606689453125
33022,0.1,77,predictive_dendrites,0.03214861452579498
33022,0.1,77,hebbian,252729616.0
33022,0.1,77,bounded_hebbian,113.61642456054688
33022,0.1,78,predictive_dendrites,0.03054892085492611
33022,0.1,78,hebbian,336255424.0
33022,0.1,78,bounded_hebbian,114.09640502929688
33022,0.1,79,predictive_dendrites,0.02901017665863037
33022,0.1,79,hebbian,447438688.0
33022,0.1,79,bounded_hebbian,114.57762908935547
33022,0.1,80,predictive_dendrites,0.02753152884542942
33022,0.1,80,hebbian,595452032.0
33022,0.1,80,bounded_hebbian,114.8058853149414
33022,0.1,81,predictive_dendrites,0.026112044230103493
33022,0.1,81,hebbian,792513920.0
33022,0.1,81,bounded_hebbian,114.8058853149414
33022,0.1,82,predictive_dendrites,0.024750515818595886
33022,0.1,82,hebbian,1054901184.0
33022,0.1,82,bounded_hebbian,114.8058853149414
33022,0.1,83,predictive_dendrites,0.023445511236786842
33022,0.1,83,hebbian,1404298496.0
33022,0.1,83,bounded_hebbian,114.8058853149414
33022,0.1,84,predictive_dendrites,0.02219630964100361
33022,0.1,84,hebbian,1869597056.0
33022,0.1,84,bounded_hebbian,114.8058853149414
33022,0.1,85,predictive_dendrites,0.02100161463022232
33022,0.1,85,hebbian,2489290752.0
33022,0.1,85,bounded_hebbian,114.8058853149414
33022,0.1,86,predictive_dendrites,0.019860075786709785
33022,0.1,86,hebbian,3314673664.0
33022,0.1,86,bounded_hebbian,114.8058853149414
33022,0.1,87,predictive_dendrites,0.01877014897763729
33022,0.1,87,hebbian,4414093312.0
33022,0.1,87,bounded_hebbian,114.8058853149414
33022,0.1,88,predictive_dendrites,0.01774396002292633
33022,0.1,88,hebbian,5878635520.0
33022,0.1,88,bounded_hebbian,114.8058853149414
33022,0.1,89,predictive_dendrites,0.016769159585237503
33022,0.1,89,hebbian,7829681152.0
33022,0.1,89,bounded_hebbian,114.8058853149414
33022,0.1,90,predictive_dendrites,0.01584002375602722
33022,0.1,90,hebbian,10429006848.0
33022,0.1,90,bounded_hebbian,114.8058853149414
33022,0.1,91,predictive_dendrites,0.014955068938434124
33022,0.1,91,hebbian,13892212736.0
33022,0.1,91,bounded_hebbian,114.8058853149414
33022,0.1,92,predictive_dendrites,0.01411276962608099
33022,0.1,92,hebbian,18506665984.0
33022,0.1,92,bounded_hebbian,114.8058853149414
33022,0.1,93,predictive_dendrites,0.013311702758073807
33022,0.1,93,hebbian,24655413248.0
33022,0.1,93,bounded_hebbian,114.8058853149414
33022,0.1,94,predictive_dendrites,0.012550362385809422
33022,0.1,94,hebbian,32849006592.0
33022,0.1,94,bounded_hebbian,114.8058853149414
33022,0.1,95,predictive_dendrites,0.011827253736555576
33022,0.1,95,hebbian,43768029184.0
33022,0.1,95,bounded_hebbian,114.8058853149414
33022,0.1,96,predictive_dendrites,0.011140945367515087
33022,0.1,96,hebbian,58319716352.0
33022,0.1,96,bounded_hebbian,114.8058853149414
33022,0.1,97,predictive_dendrites,0.01048996951431036
33022,0.1,97,hebbian,77713489920.0
33022,0.1,97,bounded_hebbian,114.8058853149414
33022,0.1,98,predictive_dendrites,0.00987288635224104
33022,0.1,98,hebbian,103561625600.0
33022,0.1,98,bounded_hebbian,114.8058853149414
33022,0.1,99,predictive_dendrites,0.009288298897445202
33022,0.1,99,hebbian,138013671424.0
33022,0.1,99,bounded_hebbian,114.8058853149414
33022,0.1,100,predictive_dendrites,0.008734854869544506
33022,0.1,100,hebbian,183935352832.0
33022,0.1,100,bounded_hebbian,114.8058853149414
33022,0.1,101,predictive_dendrites,0.008211157284677029
33022,0.1,101,hebbian,245147222016.0
33022,0.1,101,bounded_hebbian,114.8058853149414
33022,0.1,102,predictive_dendrites,0.007715924642980099
33022,0.1,102,hebbian,326743162880.0
33022,0.1,102,bounded_hebbian,114.8058853149414
33022,0.1,103,predictive_dendrites,0.007247851230204105
33022,0.1,103,hebbian,435515293696.0
33022,0.1,103,bounded_hebbian,114.8058853149414
33022,0.1,104,predictive_dendrites,0.006805683020502329
33022,0.1,104,hebbian,580519198720.0
33022,0.1,104,bounded_hebbian,114.8058853149414
33022,0.1,105,predictive_dendrites,0.006388230714946985
33022,0.1,105,hebbian,773829820416.0
33022,0.1,105,bounded_hebbian,114.8058853149414
33022,0.1,106,predictive_dendrites,0.0059942882508039474
33022,0.1,106,hebbian,1031547322368.0
33022,0.1,106,bounded_hebbian,114.8058853149414
33022,0.1,107,predictive_dendrites,0.005622729659080505
33022,0.1,107,hebbian,1375140577280.0
33022,0.1,107,bounded_hebbian,114.8058853149414
33022,0.1,108,predictive_dendrites,0.0052724480628967285
33022,0.1,108,hebbian,1833238003712.0
33022,0.1,108,bounded_hebbian,114.8058853149414
33022,0.1,109,predictive_dendrites,0.004942396655678749
33022,0.1,109,hebbian,2444013600768.0
33022,0.1,109,bounded_hebbian,114.8058853149414
33022,0.1,110,predictive_dendrites,0.004631534684449434
33022,0.1,110,hebbian,3258372063232.0
33022,0.1,110,bounded_hebbian,114.8058853149414
33022,0.1,111,predictive_dendrites,0.004338882397860289
33022,0.1,111,hebbian,4344198725632.0
33022,0.1,111,bounded_hebbian,114.8058853149414
33022,0.1,112,predictive_dendrites,0.0040635010227561
33022,0.1,112,hebbian,5792020299776.0
33022,0.1,112,bounded_hebbian,114.8058853149414
33022,0.1,113,predictive_dendrites,0.0038044729735702276
33022,0.1,113,hebbian,7722563010560.0
33022,0.1,113,bounded_hebbian,114.8058853149414
33022,0.1,114,predictive_dendrites,0.003560924669727683
33022,0.1,114,hebbian,10296821284864.0
33022,0.1,114,bounded_hebbian,114.8058853149414
33022,0.1,115,predictive_dendrites,0.0033320379443466663
33022,0.1,115,hebbian,13729498398720.0
33022,0.1,115,bounded_hebbian,114.8058853149414
33022,0.1,116,predictive_dendrites,0.0031170083675533533
33022,0.1,116,hebbian,18306926903296.0
33022,0.1,116,bounded_hebbian,114.8058853149414
33022,0.1,117,predictive_dendrites,0.0029150766786187887
33022,0.1,117,hebbian,24410998177792.0
33022,0.1,117,bounded_hebbian,114.8058853149414
33022,0.1,118,predictive_dendrites,0.0027255129534751177
33022,0.1,118,hebbian,32550982516736.0
33022,0.1,118,bounded_hebbian,114.8058853149414
33022,0.1,119,predictive_dendrites,0.002547621261328459
33022,0.1,119,hebbian,43406155841536.0
33022,0.1,119,bounded_hebbian,114.8058853149414
33022,0.1,120,predictive_dendrites,0.0023807529360055923
33022,0.1,120,hebbian,57882317946880.0
33022,0.1,120,bounded_hebbian,114.8058853149414
33022,0.1,121,predictive_dendrites,0.0022242667619138956
33022,0.1,121,hebbian,77187768123392.0
33022,0.1,121,bounded_hebbian,114.8058853149414
33022,0.1,122,predictive_dendrites,0.002077576005831361
33022,0.1,122,hebbian,102933806972928.0
33022,0.1,122,bounded_hebbian,114.8058853149414
33022,0.1,123,predictive_dendrites,0.0019401174504309893
33022,0.1,123,hebbian,137269486813184.0
33022,0.1,123,bounded_hebbian,114.8058853149414
33022,0.1,124,predictive_dendrites,0.001811335445381701
33022,0.1,124,hebbian,183061455044608.0
33022,0.1,124,bounded_hebbian,114.8058853149414
33022,0.1,125,predictive_dendrites,0.001690736273303628
33022,0.1,125,hebbian,244132433887232.0
33022,0.1,125,bounded_hebbian,114.8058853149414
33022,0.1,126,predictive_dendrites,0.0015778244705870748
33022,0.1,126,hebbian,325582344683520.0
33022,0.1,126,bounded_hebbian,114.8058853149414
33022,0.1,127,predictive_dendrites,0.0014721377519890666
33022,0.1,127,hebbian,434212402364416.0
33022,0.1,127,bounded_hebbian,114.8058853149414
33022,0.1,128,predictive_dendrites,0.001373252016492188
33022,0.1,128,hebbian,579092990656512.0
33022,0.1,128,bounded_hebbian,114.8058853149414
33022,0.1,129,predictive_dendrites,0.0012807523598894477
33022,0.1,129,hebbian,772325112807424.0
33022,0.1,129,bounded_hebbian,114.8058853149414
33022,0.1,130,predictive_dendrites,0.0011942499550059438
33022,0.1,130,hebbian,1030046571560960.0
33022,0.1,130,bounded_hebbian,114.8058853149414
33022,0.1,131,predictive_dendrites,0.0011133814696222544
33022,0.1,131,hebbian,1373782602153984.0
33022,0.1,131,bounded_hebbian,114.8058853149414
33022,0.1,132,predictive_dendrites,0.0010377950966358185
33022,0.1,132,hebbian,1832245262286848.0
33022,0.1,132,bounded_hebbian,114.8058853149414
33022,0.1,133,predictive_dendrites,0.0009671617881394923
33022,0.1,133,hebbian,2443735996563456.0
33022,0.1,133,bounded_hebbian,114.8058853149414
33022,0.1,134,predictive_dendrites,0.0009011770598590374
33022,0.1,134,hebbian,3259340085526528.0
33022,0.1,134,bounded_hebbian,114.8058853149414
33022,0.1,135,predictive_dendrites,0.0008395512122660875
33022,0.1,135,hebbian,4347183360901120.0
33022,0.1,135,bounded_hebbian,114.8058853149414
33022,0.1,136,predictive_dendrites,0.0007820056052878499
33022,0.1,136,hebbian,5798161826185216.0
33022,0.1,136,bounded_hebbian,114.8058853149414
33022,0.1,137,predictive_dendrites,0.000728280283510685
33022,0.1,137,hebbian,7733500933308416.0
33022,0.1,137,bounded_hebbian,114.8058853149414
33022,0.1,138,predictive_dendrites,0.0006781435222364962
33022,0.1,138,hebbian,1.0314894389805056e+16
33022,0.1,138,bounded_hebbian,114.8058853149414
33022,0.1,139,predictive_dendrites,0.0006313557387329638
33022,0.1,139,hebbian,1.375807410798592e+16
33022,0.1,139,bounded_hebbian,114.8058853149414
33022,0.1,140,predictive_dendrites,0.0005877085495740175
33022,0.1,140,hebbian,1.83506772688896e+16
33022,0.1,140,bounded_hebbian,114.8058853149414
33022,0.1,141,predictive_dendrites,0.00054699502652511
33022,0.1,141,hebbian,2.4476584828207104e+16
33022,0.1,141,bounded_hebbian,114.8058853149414
33022,0.1,142,predictive_dendrites,0.0005090230260975659
33022,0.1,142,hebbian,3.264764414473011e+16
33022,0.1,142,bounded_hebbian,114.8058853149414
33022,0.1,143,predictive_dendrites,0.00047362755867652595
33022,0.1,143,hebbian,4.354666482420941e+16
33022,0.1,143,bounded_hebbian,114.8058853149414
33022,0.1,144,predictive_dendrites,0.0004406286752782762
33022,0.1,144,hebbian,5.808484135836058e+16
33022,0.1,144,bounded_hebbian,114.8058853149414
33022,0.1,145,predictive_dendrites,0.0004098716890439391
33022,0.1,145,hebbian,7.74768033833943e+16
33022,0.1,145,bounded_hebbian,114.8058853149414
33022,0.1,146,predictive_dendrites,0.00038121489342302084
33022,0.1,146,hebbian,1.033435617511342e+17
33022,0.1,146,bounded_hebbian,114.8058853149414
33022,0.1,147,predictive_dendrites,0.0003545114886946976
33022,0.1,147,hebbian,1.3784706126446592e+17
33022,0.1,147,bounded_hebbian,114.8058853149414
33022,0.1,148,predictive_dendrites,0.00032964031561277807
33022,0.1,148,hebbian,1.8387095155585843e+17
33022,0.1,148,bounded_hebbian,114.8058853149414
33022,0.1,149,predictive_dendrites,0.00030647515086457133
33022,0.1,149,hebbian,2.4526311100566733e+17
33022,0.1,149,bounded_hebbian,114.8058853149414
33022,0.1,150,predictive_dendrites,0.000284900568658486
33022,0.1,150,hebbian,3.271543934450401e+17
33022,0.1,150,bounded_hebbian,114.8058853149414
33022,0.1,151,predictive_dendrites,0.00026481549139134586
33022,0.1,151,hebbian,4.3639138906066125e+17
33022,0.1,151,bounded_hebbian,114.8058853149414
33022,0.1,152,predictive_dendrites,0.0002461183175910264
33022,0.1,152,hebbian,5.821031023797862e+17
33022,0.1,152,bounded_hebbian,114.8058853149414
33022,0.1,153,predictive_dendrites,0.00022871833061799407
33022,0.1,153,hebbian,7.764711258057605e+17
33022,0.1,153,bounded_hebbian,114.8058853149414
33022,0.1,154,predictive_dendrites,0.00021252105943858624
33022,0.1,154,hebbian,1.0357464129958052e+18
33022,0.1,154,bounded_hebbian,114.8058853149414
33022,0.1,155,predictive_dendrites,0.00019745322060771286
33022,0.1,155,hebbian,1.381597795512746e+18
33022,0.1,155,bounded_hebbian,114.8058853149414
33022,0.1,156,predictive_dendrites,0.00018343231931794435
33022,0.1,156,hebbian,1.8429388557543014e+18
33022,0.1,156,bounded_hebbian,114.8058853149414
33022,0.1,157,predictive_dendrites,0.00017039108206517994
33022,0.1,157,hebbian,2.458349670032736e+18
33022,0.1,157,bounded_hebbian,114.8058853149414
33022,0.1,158,predictive_dendrites,0.00015825926675461233
33022,0.1,158,hebbian,3.279273088876806e+18
33022,0.1,158,bounded_hebbian,114.8058853149414
33022,0.1,159,predictive_dendrites,0.00014697902952320874
33022,0.1,159,hebbian,4.3743305950486856e+18
33022,0.1,159,bounded_hebbian,114.8058853149414
33022,0.1,160,predictive_dendrites,0.00013648808817379177
33022,0.1,160,hebbian,5.835093914956071e+18
33022,0.1,160,bounded_hebbian,114.8058853149414
33022,0.1,161,predictive_dendrites,0.00012673535093199462
33022,0.1,161,hebbian,7.783258644828652e+18
33022,0.1,161,bounded_hebbian,114.8058853149414
33022,0.1,162,predictive_dendrites,0.00011766700481530279
33022,0.1,162,hebbian,1.0383000562391056e+19
33022,0.1,162,bounded_hebbian,114.8058853149414
33022,0.1,163,predictive_dendrites,0.00010924223170150071
33022,0.1,163,hebbian,1.3851163701605827e+19
33022,0.1,163,bounded_hebbian,114.8058853149414
33022,0.1,164,predictive_dendrites,0.00010140679660253227
33022,0.1,164,hebbian,1.847522142486895e+19
33022,0.1,164,bounded_hebbian,114.8058853149414
33022,0.1,165,predictive_dendrites,9.412921644980088e-05
33022,0.1,165,hebbian,2.464432168357593e+19
33022,0.1,165,bounded_hebbian,114.8058853149414
33022,0.1,166,predictive_dendrites,8.736212475923821e-05
33022,0.1,166,hebbian,3.2874588429944357e+19
33022,0.1,166,bounded_hebbian,114.8058853149414
33022,0.1,167,predictive_dendrites,8.107790199574083e-05
33022,0.1,167,hebbian,4.385271065598545e+19
33022,0.1,167,bounded_hebbian,114.8058853149414
33022,0.1,168,predictive_dendrites,7.523948443122208e-05
33022,0.1,168,hebbian,5.84986145562873e+19
33022,0.1,168,bounded_hebbian,114.8058853149414
33022,0.1,169,predictive_dendrites,6.981645128689706e-05
33022,0.1,169,hebbian,7.802621814251926e+19
33022,0.1,169,bounded_hebbian,114.8058853149414
33022,0.1,170,predictive_dendrites,6.477889837697148e-05
33022,0.1,170,hebbian,1.0407581244341617e+20
33022,0.1,170,bounded_hebbian,114.8058853149414
33022,0.1,171,predictive_dendrites,6.010070501361042e-05
33022,0.1,171,hebbian,1.3882699454309047e+20
33022,0.1,171,bounded_hebbian,114.8058853149414
33022,0.1,172,predictive_dendrites,5.575560135184787e-05
33022,0.1,172,hebbian,1.851707059664071e+20
33022,0.1,172,bounded_hebbian,114.8058853149414
33022,0.1,173,predictive_dendrites,5.17229491379112e-05
33022,0.1,173,hebbian,2.4699833826639086e+20
33022,0.1,173,bounded_hebbian,114.8058853149414
33022,0.1,174,predictive_dendrites,4.7975296183722094e-05
33022,0.1,174,hebbian,3.295128332422359e+20
33022,0.1,174,bounded_hebbian,114.8058853149414
33022,0.1,175,predictive_dendrites,4.4499291107058525e-05
33022,0.1,175,hebbian,4.39452525914535e+20
33022,0.1,175,bounded_hebbian,114.8058853149414
33022,0.1,176,predictive_dendrites,4.1270839574281126e-05
33022,0.1,176,hebbian,5.8615893744161705e+20
33022,0.1,176,bounded_hebbian,114.8058853149414
33022,0.1,177,predictive_dendrites,3.827492400887422e-05
33022,0.1,177,hebbian,7.818372802104934e+20
33022,0.1,177,bounded_hebbian,114.8058853149414
33022,0.1,178,predictive_dendrites,3.549313987605274e-05
33022,0.1,178,hebbian,1.0427990643059185e+21
33022,0.1,178,bounded_hebbian,114.8058853149414
33022,0.1,179,predictive_dendrites,3.2912495953496546e-05
33022,0.1,179,hebbian,1.3907667340274445e+21
33022,0.1,179,bounded_hebbian,114.8058853149414
33022,0.1,180,predictive_dendrites,3.051689054700546e-05
33022,0.1,180,hebbian,1.8551998826500734e+21
33022,0.1,180,bounded_hebbian,114.8058853149414
33022,0.1,181,predictive_dendrites,2.8293892682995647e-05
33022,0.1,181,hebbian,2.474200511133732e+21
33022,0.1,181,bounded_hebbian,114.8058853149414
33022,0.1,182,predictive_dendrites,2.6231815354549326e-05
33022,0.1,182,hebbian,3.300152801494133e+21
33022,0.1,182,bounded_hebbian,114.8058853149414
33022,0.1,183,predictive_dendrites,2.4318624127772637e-05
33022,0.1,183,hebbian,4.40205471477236e+21
33022,0.1,183,bounded_hebbian,114.8058853149414
33022,0.1,184,predictive_dendrites,2.2543661543750204e-05
33022,0.1,184,hebbian,5.872938234370912e+21
33022,0.1,184,bounded_hebbian,114.8058853149414
33022,0.1,185,predictive_dendrites,2.089685403916519e-05
33022,0.1,185,hebbian,7.833681663138273e+21
33022,0.1,185,bounded_hebbian,114.8058853149414
33022,0.1,186,predictive_dendrites,1.93705072888406e-05
33022,0.1,186,hebbian,1.04486224773771e+22
33022,0.1,186,bounded_hebbian,114.8058853149414
33022,0.1,187,predictive_dendrites,1.7953523638425395e-05
33022,0.1,187,hebbian,1.3939127235471441e+22
33022,0.1,187,bounded_hebbian,114.8058853149414
33022,0.1,188,predictive_dendrites,1.6639662135276012e-05
33022,0.1,188,hebbian,1.859533021031548e+22
33022,0.1,188,bounded_hebbian,114.8058853149414
33022,0.1,189,predictive_dendrites,1.542068275739439e-05
33022,0.1,189,hebbian,2.480865500812268e+22
33022,0.1,189,bounded_hebbian,114.8058853149414
33022,0.1,190,predictive_dendrites,1.4290660146798473e-05
33022,0.1,190,hebbian,3.3096611387974095e+22
33022,0.1,190,bounded_hebbian,114.8058853149414
33022,0.1,191,predictive_dendrites,1.324244567513233e-05
33022,0.1,191,hebbian,4.415297549476643e+22
33022,0.1,191,bounded_hebbian,114.8058853149414
33022,0.1,192,predictive_dendrites,1.2271255400264636e-05
33022,0.1,192,hebbian,5.890426837623898e+22
33022,0.1,192,bounded_hebbian,114.8058853149414
33022,0.1,193,predictive_dendrites,1.1370694664947223e-05
33022,0.1,193,hebbian,7.85772570600886e+22
33022,0.1,193,bounded_hebbian,114.8058853149414
33022,0.1,194,predictive_dendrites,1.0535236469877418e-05
33022,0.1,194,hebbian,1.0482868524483569e+23
33022,0.1,194,bounded_hebbian,114.8058853149414
33022,0.1,195,predictive_dendrites,9.76090450421907e-06
33022,0.1,195,hebbian,1.3985249499975268e+23
33022,0.1,195,bounded_hebbian,114.8058853149414
33022,0.1,196,predictive_dendrites,9.043315913004335e-06
33022,0.1,196,hebbian,1.865635240900648e+23
33022,0.1,196,bounded_hebbian,114.8058853149414
33022,0.1,197,predictive_dendrites,8.37765219330322e-06
33022,0.1,197,hebbian,2.488936131488501e+23
33022,0.1,197,bounded_hebbian,114.8058853149414
33022,0.1,198,predictive_dendrites,7.761358574498445e-06
33022,0.1,198,hebbian,3.320425102194795e+23
33022,0.1,198,bounded_hebbian,114.8058853149414
33022,0.1,199,predictive_dendrites,7.189255484263413e-06
33022,0.1,199,hebbian,4.4300230592502485e+23
33022,0.1,199,bounded_hebbian,114.8058853149414
33022,0.1,200,predictive_dendrites,6.659341579506872e-06
33022,0.1,200,hebbian,5.910056857463703e+23
33022,0.1,200,bounded_hebbian,114.8058853149414
33022,0.1,201,predictive_dendrites,6.168613253976218e-06
33022,0.1,201,hebbian,7.884318561088557e+23
33022,0.1,201,bounded_hebbian,114.8058853149414
33022,0.1,202,predictive_dendrites,5.7132642723445315e-06
33022,0.1,202,hebbian,1.051866277403394e+24
33022,0.1,202,bounded_hebbian,114.8058853149414
33022,0.1,203,predictive_dendrites,5.291874913382344e-06
33022,0.1,203,hebbian,1.4031577849198043e+24
33022,0.1,203,bounded_hebbian,114.8058853149414
33022,0.1,204,predictive_dendrites,4.9009618123818655e-06
33022,0.1,204,hebbian,1.8719441714890448e+24
33022,0.1,204,bounded_hebbian,114.8058853149414
33022,0.1,205,predictive_dendrites,4.538978828350082e-06
33022,0.1,205,hebbian,2.497346729893405e+24
33022,0.1,205,bounded_hebbian,114.8058853149414
33022,0.1,206,predictive_dendrites,4.203560820315033e-06
33022,0.1,206,hebbian,3.33152204373423e+24
33022,0.1,206,bounded_hebbian,114.8058853149414
33022,0.1,207,predictive_dendrites,3.8931111703277566e-06
33022,0.1,207,hebbian,4.444736643492041e+24
33022,0.1,207,bounded_hebbian,114.8058853149414
33022,0.1,208,predictive_dendrites,3.605149458962842e-06
33022,0.1,208,hebbian,5.929402664138224e+24
33022,0.1,208,bounded_hebbian,114.8058853149414
33022,0.1,209,predictive_dendrites,3.3383455502189463e-06
33022,0.1,209,hebbian,7.909974235100197e+24
33022,0.1,209,bounded_hebbian,114.8058853149414
33022,0.1,210,predictive_dendrites,3.0911321573512396e-06
33022,0.1,210,hebbian,1.0552379242860227e+25
33022,0.1,210,bounded_hebbian,114.8058853149414
33022,0.1,211,predictive_dendrites,2.862178689611028e-06
33022,0.1,211,hebbian,1.4077662715810564e+25
33022,0.1,211,bounded_hebbian,114.8058853149414
33022,0.1,212,predictive_dendrites,2.6501679712964687e-06
33022,0.1,212,hebbian,1.8779960294049518e+25
33022,0.1,212,bounded_hebbian,114.8058853149414
33022,0.1,213,predictive_dendrites,2.454034529364435e-06
33022,0.1,213,hebbian,2.5053514638998904e+25
33022,0.1,213,bounded_hebbian,114.8058853149414
33022,0.1,214,predictive_dendrites,2.2720089418726275e-06
33022,0.1,214,hebbian,3.342440268028932e+25
33022,0.1,214,bounded_hebbian,114.8058853149414
33022,0.1,215,predictive_dendrites,2.103609858750133e-06
33022,0.1,215,hebbian,4.458788335498039e+25
33022,0.1,215,bounded_hebbian,114.8058853149414
33022,0.1,216,predictive_dendrites,1.9476319721434265e-06
33022,0.1,216,hebbian,5.947881459429761e+25
33022,0.1,216,bounded_hebbian,114.8058853149414
33022,0.1,217,predictive_dendrites,1.8028856629825896e-06
33022,0.1,217,hebbian,7.93508647956064e+25
33022,0.1,217,bounded_hebbian,114.8058853149414
33022,0.1,218,predictive_dendrites,1.6691428754711524e-06
33022,0.1,218,hebbian,1.0586479432786284e+26
33022,0.1,218,bounded_hebbian,114.8058853149414
33022,0.1,219,predictive_dendrites,1.5449365946551552e-06
33022,0.1,219,hebbian,1.4123202654073933e+26
33022,0.1,219,bounded_hebbian,114.8058853149414
33022,0.1,220,predictive_dendrites,1.4301930377769168e-06
33022,0.1,220,hebbian,1.8841766340652783e+26
33022,0.1,220,bounded_hebbian,114.8058853149414
33022,0.1,221,predictive_dendrites,1.3239841791801155e-06
33022,0.1,221,hebbian,2.5137105137431715e+26
33022,0.1,221,bounded_hebbian,114.8058853149414
33022,0.1,222,predictive_dendrites,1.2256037962288246e-06
33022,0.1,222,hebbian,3.353356866704313e+26
33022,0.1,222,bounded_hebbian,114.8058853149414
33022,0.1,223,predictive_dendrites,1.1343116739226389e-06
33022,0.1,223,hebbian,4.4737486449418174e+26
33022,0.1,223,bounded_hebbian,114.8058853149414
33022,0.1,224,predictive_dendrites,1.0500035614313674e-06
33022,0.1,224,hebbian,5.967667806058104e+26
33022,0.1,224,bounded_hebbian,114.8058853149414
33022,0.1,225,predictive_dendrites,9.716375188872917e-07
33022,0.1,225,hebbian,7.960336751783616e+26
33022,0.1,225,bounded_hebbian,114.8058853149414
33022,0.1,226,predictive_dendrites,8.994597351374978e-07
33022,0.1,226,hebbian,1.0620163187464878e+27
33022,0.1,226,bounded_hebbian,114.8058853149414
33022,0.1,227,predictive_dendrites,8.323928568643169e-07
33022,0.1,227,hebbian,1.416804687338456e+27
33022,0.1,227,bounded_hebbian,114.8058853149414
33022,0.1,228,predictive_dendrites,7.702533366682474e-07
33022,0.1,228,hebbian,1.8902008241709177e+27
33022,0.1,228,bounded_hebbian,114.8058853149414
33022,0.1,229,predictive_dendrites,7.13029862708936e-07
33022,0.1,229,hebbian,2.521377128154158e+27
33022,0.1,229,bounded_hebbian,114.8058853149414
33022,0.1,230,predictive_dendrites,6.599273092433577e-07
33022,0.1,230,hebbian,3.3632183485121653e+27
33022,0.1,230,bounded_hebbian,114.8058853149414
33022,0.1,231,predictive_dendrites,6.107107424213609e-07
33022,0.1,231,hebbian,4.486297743574233e+27
33022,0.1,231,bounded_hebbian,114.8058853149414
33022,0.1,232,predictive_dendrites,5.651581886922941e-07
33022,0.1,232,hebbian,5.984856924907844e+27
33022,0.1,232,bounded_hebbian,114.8058853149414
33022,0.1,233,predictive_dendrites,5.229061343925423e-07
33022,0.1,233,hebbian,7.983946813310533e+27
33022,0.1,233,bounded_hebbian,114.8058853149414
33022,0.1,234,predictive_dendrites,4.839658345190401e-07
33022,0.1,234,hebbian,1.0651351909327038e+28
33022,0.1,234,bounded_hebbian,114.8058853149414
33022,0.1,235,predictive_dendrites,4.4785994646190375e-07
33022,0.1,235,hebbian,1.4210405910440092e+28
33022,0.1,235,bounded_hebbian,114.8058853149414
33022,0.1,236,predictive_dendrites,4.1441722942181514e-07
33022,0.1,236,hebbian,1.8951535535937799e+28
33022,0.1,236,bounded_hebbian,114.8058853149414
33022,0.1,237,predictive_dendrites,3.834031190308451e-07
33022,0.1,237,hebbian,2.5279654196935713e+28
33022,0.1,237,bounded_hebbian,114.8058853149414
33022,0.1,238,predictive_dendrites,3.547455662555876e-07
33022,0.1,238,hebbian,3.3730314850931495e+28
33022,0.1,238,bounded_hebbian,114.8058853149414
33022,0.1,239,predictive_dendrites,3.283418834598706e-07
33022,0.1,239,hebbian,4.500453037106635e+28
33022,0.1,239,bounded_hebbian,114.8058853149414
33022,0.1,240,predictive_dendrites,3.036837767922407e-07
33022,0.1,240,hebbian,6.0042556980645e+28
33022,0.1,240,bounded_hebbian,114.8058853149414
33022,0.1,241,predictive_dendrites,2.8100143367737473e-07
33022,0.1,241,hebbian,8.009677571565745e+28
33022,0.1,241,bounded_hebbian,114.8058853149414
33022,0.1,242,predictive_dendrites,2.6002410891123873e-07
33022,0.1,242,hebbian,1.0685281640269808e+29
33022,0.1,242,bounded_hebbian,114.8058853149414
33022,0.1,243,predictive_dendrites,2.405629118129582e-07
33022,0.1,243,hebbian,1.4253951324015281e+29
33022,0.1,243,bounded_hebbian,114.8058853149414
33022,0.1,244,predictive_dendrites,2.2253796316817898e-07
33022,0.1,244,hebbian,1.9014193075024134e+29
33022,0.1,244,bounded_hebbian,114.8058853149414
33022,0.1,245,predictive_dendrites,2.0588174720614916e-07
33022,0.1,245,hebbian,2.5363290140767224e+29
33022,0.1,245,bounded_hebbian,114.8058853149414
33022,0.1,246,predictive_dendrites,1.9042950327730068e-07
33022,0.1,246,hebbian,3.382628089364978e+29
33022,0.1,246,bounded_hebbian,114.8058853149414
33022,0.1,247,predictive_dendrites,1.7623841586100752e-07
33022,0.1,247,hebbian,4.511617467050776e+29
33022,0.1,247,bounded_hebbian,114.8058853149414
33022,0.1,248,predictive_dendrites,1.6306766781326587e-07
33022,0.1,248,hebbian,6.019031227210762e+29
33022,0.1,248,bounded_hebbian,114.8058853149414
33022,0.1,249,predictive_dendrites,1.508223590462876e-07
33022,0.1,249,hebbian,8.028512635835341e+29
33022,0.1,249,bounded_hebbian,114.8058853149414
33022,0.1,250,predictive_dendrites,1.3952735855582432e-07
33022,0.1,250,hebbian,1.0713966049865395e+30
33022,0.1,250,bounded_hebbian,114.8058853149414
33022,0.1,251,predictive_dendrites,1.2906930635381286e-07
33022,0.1,251,hebbian,1.4294385736998885e+30
33022,0.1,251,bounded_hebbian,114.8058853149414
33022,0.1,252,predictive_dendrites,1.1939459909626748e-07
33022,0.1,252,hebbian,1.907473985796362e+30
33022,0.1,252,bounded_hebbian,114.8058853149414
33022,0.1,253,predictive_dendrites,1.10441696676844e-07
33022,0.1,253,hebbian,2.544564896780711e+30
33022,0.1,253,bounded_hebbian,114.8058853149414
33022,0.1,254,predictive_dendrites,1.0212107071083665e-07
33022,0.1,254,hebbian,3.3946588657746e+30
33022,0.1,254,bounded_hebbian,114.8058853149414
33022,0.1,255,predictive_dendrites,9.44163502936135e-08
33022,0.1,255,hebbian,4.528167963752755e+30
33022,0.1,255,bounded_hebbian,114.8058853149414
33022,0.1,256,predictive_dendrites,8.734023992928996e-08
33022,0.1,256,hebbian,6.041691408331482e+30
33022,0.1,256,bounded_hebbian,114.8058853149414
33022,0.1,257,predictive_dendrites,8.080096591811525e-08
33022,0.1,257,hebbian,8.063291013814014e+30
33022,0.1,257,bounded_hebbian,114.8058853149414
33022,0.1,258,predictive_dendrites,7.474890395542388e-08
33022,0.1,258,hebbian,1.0760560468804982e+31
33022,0.1,258,bounded_hebbian,114.8058853149414
33022,0.1,259,predictive_dendrites,6.912994621188773e-08
33022,0.1,259,hebbian,1.436465485249544e+31
33022,0.1,259,bounded_hebbian,114.8058853149414
33022,0.1,260,predictive_dendrites,6.392638596253164e-08
33022,0.1,260,hebbian,1.9165832418471583e+31
33022,0.1,260,bounded_hebbian,114.8058853149414
33022,0.1,261,predictive_dendrites,5.914573009135893e-08
33022,0.1,261,hebbian,2.557159062845419e+31
33022,0.1,261,bounded_hebbian,114.8058853149414
33022,0.1,262,predictive_dendrites,5.4706632113266096e-08
33022,0.1,262,hebbian,3.4110811558934093e+31
33022,0.1,262,bounded_hebbian,114.8058853149414
33022,0.1,263,predictive_dendrites,5.059583330080386e-08
33022,0.1,263,hebbian,4.550457231320445e+31
33022,0.1,263,bounded_hebbian,114.8058853149414
33022,0.1,264,predictive_dendrites,4.6779319973211386e-08
33022,0.1,264,hebbian,6.0712293346672905e+31
33022,0.1,264,bounded_hebbian,114.8058853149414
33022,0.1,265,predictive_dendrites,4.324359537122291e-08
33022,0.1,265,hebbian,8.095633164481001e+31
33022,0.1,265,bounded_hebbian,114.8058853149414
33022,0.1,266,predictive_dendrites,4.0027206438253415e-08
33022,0.1,266,hebbian,1.0796752081066786e+32
33022,0.1,266,bounded_hebbian,114.8058853149414
33022,0.1,267,predictive_dendrites,3.700933248751426e-08
33022,0.1,267,hebbian,1.4393468874050464e+32
33022,0.1,267,bounded_hebbian,114.8058853149414
33022,0.1,268,predictive_dendrites,3.422469774250203e-08
33022,0.1,268,hebbian,1.919198172573501e+32
33022,0.1,268,bounded_hebbian,114.8058853149414
33022,0.1,269,predictive_dendrites,3.169085260879001e-08
33022,0.1,269,hebbian,2.5591528233071276e+32
33022,0.1,269,bounded_hebbian,114.8058853149414
33022,0.1,270,predictive_dendrites,2.9292603898056768e-08
33022,0.1,270,hebbian,3.412620795460238e+32
33022,0.1,270,bounded_hebbian,114.8058853149414
33022,0.1,271,predictive_dendrites,2.7086011655796938e-08
33022,0.1,271,hebbian,4.553159325598382e+32
33022,0.1,271,bounded_hebbian,114.8058853149414
33022,0.1,272,predictive_dendrites,2.5054712082805963e-08
33022,0.1,272,hebbian,6.072594937273127e+32
33022,0.1,272,bounded_hebbian,114.8058853149414
33022,0.1,273,predictive_dendrites,2.316228986387614e-08
33022,0.1,273,hebbian,8.095457821880124e+32
33022,0.1,273,bounded_hebbian,114.8058853149414
33022,0.1,274,predictive_dendrites,2.1435013763948518e-08
33022,0.1,274,hebbian,1.0801313890111552e+33
33022,0.1,274,bounded_hebbian,114.8058853149414
33022,0.1,275,predictive_dendrites,1.981834785169667e-08
33022,0.1,275,hebbian,1.439961795433935e+33
33022,0.1,275,bounded_hebbian,114.8058853149414
33022,0.1,276,predictive_dendrites,1.8305115645489423e-08
33022,0.1,276,hebbian,1.920328643943126e+33
33022,0.1,276,bounded_hebbian,114.8058853149414
33022,0.1,277,predictive_dendrites,1.6944362357662612e-08
33022,0.1,277,hebbian,2.5614749667070696e+33
33022,0.1,277,bounded_hebbian,114.8058853149414
33022,0.1,278,predictive_dendrites,1.565449636586891e-08
33022,0.1,278,hebbian,3.416432877068712e+33
33022,0.1,278,bounded_hebbian,114.8058853149414
33022,0.1,279,predictive_dendrites,1.4507452128498244e-08
33022,0.1,279,hebbian,4.557132107298206e+33
33022,0.1,279,bounded_hebbian,114.8058853149414
33022,0.1,280,predictive_dendrites,1.3398815390530672e-08
33022,0.1,280,hebbian,6.073733068396745e+33
33022,0.1,280,bounded_hebbian,114.8058853149414
33022,0.1,281,predictive_dendrites,1.2388437831134524e-08
33022,0.1,281,hebbian,8.106474559774734e+33
33022,0.1,281,bounded_hebbian,114.8058853149414
33022,0.1,282,predictive_dendrites,1.1462030435893666e-08
33022,0.1,282,hebbian,1.0816296833149528e+34
33022,0.1,282,bounded_hebbian,114.8058853149414
33022,0.1,283,predictive_dendrites,1.0609582545839658e-08
33022,0.1,283,hebbian,1.4415897175340964e+34
33022,0.1,283,bounded_hebbian,114.8058853149414
33022,0.1,284,predictive_dendrites,9.818772461755998e-09
33022,0.1,284,hebbian,1.923467533758237e+34
33022,0.1,284,bounded_hebbian,114.8058853149414
33022,0.1,285,predictive_dendrites,9.059851535653252e-09
33022,0.1,285,hebbian,2.5628844852358e+34
33022,0.1,285,bounded_hebbian,114.8058853149414
33022,0.1,286,predictive_dendrites,8.380803606655718e-09
33022,0.1,286,hebbian,3.41821761522335e+34
33022,0.1,286,bounded_hebbian,114.8058853149414
33022,0.1,287,predictive_dendrites,7.754292319361866e-09
33022,0.1,287,hebbian,4.559073197279806e+34
33022,0.1,287,bounded_hebbian,114.8058853149414
33022,0.1,288,predictive_dendrites,7.1632313414227156e-09
33022,0.1,288,hebbian,6.07896695508884e+34
33022,0.1,288,bounded_hebbian,114.8058853149414
33022,0.1,289,predictive_dendrites,6.629345961073341e-09
33022,0.1,289,hebbian,8.118077524174948e+34
33022,0.1,289,bounded_hebbian,114.8058853149414
33022,0.1,290,predictive_dendrites,6.131033902789795e-09
33022,0.1,290,hebbian,1.0832567574261872e+35
33022,0.1,290,bounded_hebbian,114.8058853149414
33022,0.1,291,predictive_dendrites,5.673109537696064e-09
33022,0.1,291,hebbian,1.444098551576513e+35
33022,0.1,291,bounded_hebbian,114.8058853149414
33022,0.1,292,predictive_dendrites,5.23903498361733e-09
33022,0.1,292,hebbian,1.927462143435804e+35
33022,0.1,292,bounded_hebbian,114.8058853149414
33022,0.1,293,predictive_dendrites,4.851102630709647e-09
33022,0.1,293,hebbian,2.569263540740636e+35
33022,0.1,293,bounded_hebbian,114.8058853149414
33022,0.1,294,predictive_dendrites,4.477296311478085e-09
33022,0.1,294,hebbian,3.429673462829295e+35
33022,0.1,294,bounded_hebbian,114.8058853149414
33022,0.1,295,predictive_dendrites,4.1386893911976586e-09
33022,0.1,295,hebbian,4.5834743819469645e+35
33022,0.1,295,bounded_hebbian,114.8058853149414
33022,0.1,296,predictive_dendrites,3.827702599323857e-09
33022,0.1,296,hebbian,6.116423257339896e+35
33022,0.1,296,bounded_hebbian,114.8058853149414
33022,0.1,297,predictive_dendrites,3.536613002452782e-09
33022,0.1,297,hebbian,8.139813473455127e+35
33022,0.1,297,bounded_hebbian,114.8058853149414
33022,0.1,298,predictive_dendrites,3.2638116653771476e-09
33022,0.1,298,hebbian,1.0823666686344207e+36
33022,0.1,298,bounded_hebbian,114.8058853149414
33022,0.1,299,predictive_dendrites,3.0214981627807447e-09
33022,0.1,299,hebbian,1.447185736350003e+36
33022,0.1,299,bounded_hebbian,114.8058853149414
33022,0.1,300,predictive_dendrites,2.801383347517117e-09
33022,0.1,300,hebbian,1.9327388579014977e+36
33022,0.1,300,bounded_hebbian,114.8058853149414
33022,0.1,301,predictive_dendrites,2.589596537205807e-09
33022,0.1,301,hebbian,2.5870430534622995e+36
33022,0.1,301,bounded_hebbian,114.8058853149414
33022,0.1,302,predictive_dendrites,2.3895807554907833e-09
33022,0.1,302,hebbian,3.455280876463693e+36
33022,0.1,302,bounded_hebbian,114.8058853149414
33022,0.1,303,predictive_dendrites,2.2138035848939808e-09
33022,0.1,303,hebbian,4.613931589093348e+36
33022,0.1,303,bounded_hebbian,114.8058853149414
33022,0.1,304,predictive_dendrites,2.044750146978913e-09
33022,0.1,304,hebbian,6.155879278412812e+36
33022,0.1,304,bounded_hebbian,114.8058853149414
33022,0.1,305,predictive_dendrites,1.8934382950419604e-09
33022,0.1,305,hebbian,8.20800467756218e+36
33022,0.1,305,bounded_hebbian,114.8058853149414
33022,0.1,306,predictive_dendrites,1.7499737214876632e-09
33022,0.1,306,hebbian,1.0926128982884754e+37
33022,0.1,306,bounded_hebbian,114.8058853149414
33022,0.1,307,predictive_dendrites,1.6193266727526634e-09
33022,0.1,307,hebbian,1.4522861919225514e+37
33022,0.1,307,bounded_hebbian,114.8058853149414
33022,0.1,308,predictive_dendrites,1.4937564518646695e-09
33022,0.1,308,hebbian,1.938239288929683e+37
33022,0.1,308,bounded_hebbian,114.8058853149414
33022,0.1,309,predictive_dendrites,1.3844773105731178e-09
33022,0.1,309,hebbian,2.5872436908610506e+37
33022,0.1,309,bounded_hebbian,114.8058853149414
33022,0.1,310,predictive_dendrites,1.277772332386462e-09
33022,0.1,310,hebbian,3.4462511477081474e+37
33022,0.1,310,bounded_hebbian,114.8058853149414
33022,0.1,311,predictive_dendrites,1.185024189886974e-09
33022,0.1,311,hebbian,4.5855242363500635e+37
33022,0.1,311,bounded_hebbian,114.8058853149414
33022,0.1,312,predictive_dendrites,1.0980734099774736e-09
33022,0.1,312,hebbian,6.125384548808662e+37
33022,0.1,312,bounded_hebbian,114.8058853149414
33022,0.1,313,predictive_dendrites,1.0067252587120379e-09
33022,0.1,313,hebbian,8.167688317872521e+37
33022,0.1,313,bounded_hebbian,114.8058853149414
33022,0.1,314,predictive_dendrites,9.339605755442904e-10
33022,0.1,314,hebbian,inf
33022,0.1,314,bounded_hebbian,114.8058853149414
33022,0.1,315,predictive_dendrites,8.656732553014024e-10
33022,0.1,315,hebbian,inf
33022,0.1,315,bounded_hebbian,114.8058853149414
33022,0.1,316,predictive_dendrites,7.967581039380889e-10
33022,0.1,316,hebbian,inf
33022,0.1,316,bounded_hebbian,114.8058853149414
33022,0.1,317,predictive_dendrites,7.401086965508341e-10
33022,0.1,317,hebbian,inf
33022,0.1,317,bounded_hebbian,114.8058853149414
33022,0.1,318,predictive_dendrites,6.843670630196641e-10
33022,0.1,318,hebbian,inf
33022,0.1,318,bounded_hebbian,114.8058853149414
33022,0.1,319,predictive_dendrites,6.320636236623045e-10
33022,0.1,319,hebbian,inf
33022,0.1,319,bounded_hebbian,114.8058853149414
33022,0.1,320,predictive_dendrites,5.806333192026614e-10
33022,0.1,320,hebbian,inf
33022,0.1,320,bounded_hebbian,114.8058853149414
33022,0.1,321,predictive_dendrites,5.355028642739512e-10
33022,0.1,321,hebbian,inf
33022,0.1,321,bounded_hebbian,114.8058853149414
33022,0.1,322,predictive_dendrites,4.974849976413509e-10
33022,0.1,322,hebbian,inf
33022,0.1,322,bounded_hebbian,114.8058853149414
33022,0.1,323,predictive_dendrites,4.5557696504161527e-10
33022,0.1,323,hebbian,inf
33022,0.1,323,bounded_hebbian,114.8058853149414
33022,0.1,324,predictive_dendrites,4.2168918357177176e-10
33022,0.1,324,hebbian,inf
33022,0.1,324,bounded_hebbian,114.8058853149414
33022,0.1,325,predictive_dendrites,3.914607249466684e-10
33022,0.1,325,hebbian,inf
33022,0.1,325,bounded_hebbian,114.8058853149414
33022,0.1,326,predictive_dendrites,3.6261696423345313e-10
33022,0.1,326,hebbian,inf
33022,0.1,326,bounded_hebbian,114.8058853149414
33022,0.1,327,predictive_dendrites,3.367201795168029e-10
33022,0.1,327,hebbian,inf
33022,0.1,327,bounded_hebbian,114.8058853149414
33022,0.1,328,predictive_dendrites,3.0880281665091047e-10
33022,0.1,328,hebbian,inf
33022,0.1,328,bounded_hebbian,114.8058853149414
33022,0.1,329,predictive_dendrites,2.8495067416756115e-10
33022,0.1,329,hebbian,inf
33022,0.1,329,bounded_hebbian,114.8058853149414
33022,0.1,330,predictive_dendrites,2.652330022279159e-10
33022,0.1,330,hebbian,inf
33022,0.1,330,bounded_hebbian,114.8058853149414
33022,0.1,331,predictive_dendrites,2.4515564578386773e-10
33022,0.1,331,hebbian,inf
33022,0.1,331,bounded_hebbian,114.8058853149414
33022,0.1,332,predictive_dendrites,2.241501290134451e-10
33022,0.1,332,hebbian,inf
33022,0.1,332,bounded_hebbian,114.8058853149414
33022,0.1,333,predictive_dendrites,2.0639980002901126e-10
33022,0.1,333,hebbian,inf
33022,0.1,333,bounded_hebbian,114.8058853149414
33022,0.1,334,predictive_dendrites,1.9290030683905002e-10
33022,0.1,334,hebbian,inf
33022,0.1,334,bounded_hebbian,114.8058853149414
33022,0.1,335,predictive_dendrites,1.774725921777076e-10
33022,0.1,335,hebbian,inf
33022,0.1,335,bounded_hebbian,114.8058853149414
33022,0.1,336,predictive_dendrites,1.6568552085871602e-10
33022,0.1,336,hebbian,inf
33022,0.1,336,bounded_hebbian,114.8058853149414
33022,0.1,337,predictive_dendrites,1.5425995203433018e-10
33022,0.1,337,hebbian,inf
33022,0.1,337,bounded_hebbian,114.8058853149414
33022,0.1,338,predictive_dendrites,1.4124632019552052e-10
33022,0.1,338,hebbian,inf
33022,0.1,338,bounded_hebbian,114.8058853149414
33022,0.1,339,predictive_dendrites,1.3003657872712182e-10
33022,0.1,339,hebbian,inf
33022,0.1,339,bounded_hebbian,114.8058853149414
33022,0.1,340,predictive_dendrites,1.207106775646949e-10
33022,0.1,340,hebbian,inf
33022,0.1,340,bounded_hebbian,114.8058853149414
33022,0.1,341,predictive_dendrites,1.1299416263765849e-10
33022,0.1,341,hebbian,inf
33022,0.1,341,bounded_hebbian,114.8058853149414
33022,0.1,342,predictive_dendrites,1.0553344309549573e-10
33022,0.1,342,hebbian,inf
33022,0.1,342,bounded_hebbian,114.8058853149414
33022,0.1,343,predictive_dendrites,9.707796372326882e-11
33022,0.1,343,hebbian,inf
33022,0.1,343,bounded_hebbian,114.8058853149414
33022,0.1,344,predictive_dendrites,8.960748115738326e-11
33022,0.1,344,hebbian,inf
33022,0.1,344,bounded_hebbian,114.8058853149414
33022,0.1,345,predictive_dendrites,8.132609169431149e-11
33022,0.1,345,hebbian,inf
33022,0.1,345,bounded_hebbian,114.8058853149414
33022,0.1,346,predictive_dendrites,7.605030494239884e-11
33022,0.1,346,hebbian,inf
33022,0.1,346,bounded_hebbian,114.8058853149414
33022,0.1,347,predictive_dendrites,6.995384133068328e-11
33022,0.1,347,hebbian,inf
33022,0.1,347,bounded_hebbian,114.8058853149414
33022,0.1,348,predictive_dendrites,6.506885308343868e-11
33022,0.1,348,hebbian,inf
33022,0.1,348,bounded_hebbian,114.8058853149414
33022,0.1,349,predictive_dendrites,6.079137887526898e-11
33022,0.1,349,hebbian,inf
33022,0.1,349,bounded_hebbian,114.8058853149414
33022,0.1,350,predictive_dendrites,5.4914298802666295e-11
33022,0.1,350,hebbian,inf
33022,0.1,350,bounded_hebbian,114.8058853149414
33022,0.1,351,predictive_dendrites,5.1021409319673694e-11
33022,0.1,351,hebbian,inf
33022,0.1,351,bounded_hebbian,114.8058853149414
33022,0.1,352,predictive_dendrites,4.7272408210119465e-11
33022,0.1,352,hebbian,inf
33022,0.1,352,bounded_hebbian,114.8058853149414
33022,0.1,353,predictive_dendrites,4.406075504448381e-11
33022,0.1,353,hebbian,inf
33022,0.1,353,bounded_hebbian,114.8058853149414
33022,0.1,354,predictive_dendrites,3.9830361231452116e-11
33022,0.1,354,hebbian,inf
33022,0.1,354,bounded_hebbian,114.8058853149414
33022,0.1,355,predictive_dendrites,3.7613467895880603e-11
33022,0.1,355,hebbian,inf
33022,0.1,355,bounded_hebbian,114.8058853149414
33022,0.1,356,predictive_dendrites,3.475708956757195e-11
33022,0.1,356,hebbian,inf
33022,0.1,356,bounded_hebbian,114.8058853149414
33022,0.1,357,predictive_dendrites,3.2351017698051265e-11
33022,0.1,357,hebbian,inf
33022,0.1,357,bounded_hebbian,114.8058853149414
33022,0.1,358,predictive_dendrites,2.9064759279884278e-11
33022,0.1,358,hebbian,inf
33022,0.1,358,bounded_hebbian,114.8058853149414
33022,0.1,359,predictive_dendrites,2.8428825266102464e-11
33022,0.1,359,hebbian,inf
33022,0.1,359,bounded_hebbian,114.8058853149414
33022,0.1,360,predictive_dendrites,2.625900885622201e-11
33022,0.1,360,hebbian,inf
33022,0.1,360,bounded_hebbian,114.8058853149414
33022,0.1,361,predictive_dendrites,2.3310259972264546e-11
33022,0.1,361,hebbian,inf
33022,0.1,361,bounded_hebbian,114.8058853149414
33022,0.1,362,predictive_dendrites,2.19025006464868e-11
33022,0.1,362,hebbian,inf
33022,0.1,362,bounded_hebbian,114.8058853149414
33022,0.1,363,predictive_dendrites,2.053915024169406e-11
33022,0.1,363,hebbian,inf
33022,0.1,363,bounded_hebbian,114.8058853149414
33022,0.1,364,predictive_dendrites,1.8705065274460253e-11
33022,0.1,364,hebbian,inf
33022,0.1,364,bounded_hebbian,114.8058853149414
33022,0.1,365,predictive_dendrites,1.6655152951239316e-11
33022,0.1,365,hebbian,inf
33022,0.1,365,bounded_hebbian,114.8058853149414
33022,0.1,366,predictive_dendrites,1.570303088949121e-11
33022,0.1,366,hebbian,inf
33022,0.1,366,bounded_hebbian,114.8058853149414
33022,0.1,367,predictive_dendrites,1.4328134165242368e-11
33022,0.1,367,hebbian,inf
33022,0.1,367,bounded_hebbian,114.8058853149414
33022,0.1,368,predictive_dendrites,1.3447064642346795e-11
33022,0.1,368,hebbian,inf
33022,0.1,368,bounded_hebbian,114.8058853149414
33022,0.1,369,predictive_dendrites,1.2594416828881627e-11
33022,0.1,369,hebbian,inf
33022,0.1,369,bounded_hebbian,114.8058853149414
33022,0.1,370,predictive_dendrites,1.1568575090936672e-11
33022,0.1,370,hebbian,inf
33022,0.1,370,bounded_hebbian,114.8058853149414
33022,0.1,371,predictive_dendrites,1.0779876123689913e-11
33022,0.1,371,hebbian,inf
33022,0.1,371,bounded_hebbian,114.8058853149414
33022,0.1,372,predictive_dendrites,9.833969576156232e-12
33022,0.1,372,hebbian,inf
33022,0.1,372,bounded_hebbian,114.8058853149414
33022,0.1,373,predictive_dendrites,9.109219455127882e-12
33022,0.1,373,hebbian,inf
33022,0.1,373,bounded_hebbian,114.8058853149414
33022,0.1,374,predictive_dendrites,8.412891043529935e-12
33022,0.1,374,hebbian,inf
33022,0.1,374,bounded_hebbian,114.8058853149414
33022,0.1,375,predictive_dendrites,7.909297349006916e-12
33022,0.1,375,hebbian,inf
33022,0.1,375,bounded_hebbian,114.8058853149414
33022,0.1,376,predictive_dendrites,7.4216908660385e-12
33022,0.1,376,hebbian,inf
33022,0.1,376,bounded_hebbian,114.8058853149414
33022,0.1,377,predictive_dendrites,7.105502384391338e-12
33022,0.1,377,hebbian,inf
33022,0.1,377,bounded_hebbian,114.8058853149414
33022,0.1,378,predictive_dendrites,6.644540820333056e-12
33022,0.1,378,hebbian,inf
33022,0.1,378,bounded_hebbian,114.8058853149414
33022,0.1,379,predictive_dendrites,6.494441703169818e-12
33022,0.1,379,hebbian,inf
33022,0.1,379,bounded_hebbian,114.8058853149414
33022,0.1,380,predictive_dendrites,5.7705788931994295e-12
33022,0.1,380,hebbian,inf
33022,0.1,380,bounded_hebbian,114.8058853149414
33022,0.1,381,predictive_dendrites,4.960563210198998e-12
33022,0.1,381,hebbian,inf
33022,0.1,381,bounded_hebbian,114.8058853149414
33022,0.1,382,predictive_dendrites,4.704770427410576e-12
33022,0.1,382,hebbian,inf
33022,0.1,382,bounded_hebbian,114.8058853149414
33022,0.1,383,predictive_dendrites,4.334402628480838e-12
33022,0.1,383,hebbian,inf
33022,0.1,383,bounded_hebbian,114.8058853149414
33022,0.1,384,predictive_dendrites,3.980022041105702e-12
33022,0.1,384,hebbian,inf
33022,0.1,384,bounded_hebbian,114.8058853149414
33022,0.1,385,predictive_dendrites,3.641628231604299e-12
33022,0.1,385,hebbian,inf
33022,0.1,385,bounded_hebbian,114.8058853149414
33022,0.1,386,predictive_dendrites,3.319221850497933e-12
33022,0.1,386,hebbian,inf
33022,0.1,386,bounded_hebbian,114.8058853149414
33022,0.1,387,predictive_dendrites,3.113166625531849e-12
33022,0.1,387,hebbian,inf
33022,0.1,387,bounded_hebbian,114.8058853149414
33022,0.1,388,predictive_dendrites,2.8174053801760524e-12
33022,0.1,388,hebbian,inf
33022,0.1,388,bounded_hebbian,114.8058853149414
33022,0.1,389,predictive_dendrites,2.3599954455943983e-12
33022,0.1,389,hebbian,inf
33022,0.1,389,bounded_hebbian,114.8058853149414
33022,0.1,390,predictive_dendrites,2.0260423113510617e-12
33022,0.1,390,hebbian,inf
33022,0.1,390,bounded_hebbian,114.8058853149414
33022,0.1,391,predictive_dendrites,1.946996383561661e-12
33022,0.1,391,hebbian,inf
33022,0.1,391,bounded_hebbian,114.8058853149414
33022,0.1,392,predictive_dendrites,1.946998118285137e-12
33022,0.1,392,hebbian,inf
33022,0.1,392,bounded_hebbian,114.8058853149414
33022,0.1,393,predictive_dendrites,1.946999853008613e-12
33022,0.1,393,hebbian,inf
33022,0.1,393,bounded_hebbian,114.8058853149414
33022,0.1,394,predictive_dendrites,1.7942348995436674e-12
33022,0.1,394,hebbian,inf
33022,0.1,394,bounded_hebbian,114.8058853149414
33022,0.1,395,predictive_dendrites,1.794236417426709e-12
33022,0.1,395,hebbian,inf
33022,0.1,395,bounded_hebbian,114.8058853149414
33022,0.1,396,predictive_dendrites,1.443407459528201e-12
33022,0.1,396,hebbian,inf
33022,0.1,396,bounded_hebbian,114.8058853149414
33022,0.1,397,predictive_dendrites,1.4434089774112424e-12
33022,0.1,397,hebbian,inf
33022,0.1,397,bounded_hebbian,114.8058853149414
33022,0.1,398,predictive_dendrites,1.4434102784538494e-12
33022,0.1,398,hebbian,inf
33022,0.1,398,bounded_hebbian,114.8058853149414
33022,0.1,399,predictive_dendrites,1.4434116879166736e-12
33022,0.1,399,hebbian,inf
33022,0.1,399,bounded_hebbian,114.8058853149414
33022,0.1,400,predictive_dendrites,1.3785758559009542e-12
33022,0.1,400,hebbian,inf
33022,0.1,400,bounded_hebbian,114.8058853149414
33022,0.1,401,predictive_dendrites,1.315516380724635e-12
33022,0.1,401,hebbian,inf
33022,0.1,401,bounded_hebbian,114.8058853149414
33022,0.1,402,predictive_dendrites,1.3155175733470248e-12
33022,0.1,402,hebbian,inf
33022,0.1,402,bounded_hebbian,114.8058853149414
33022,0.1,403,predictive_dendrites,1.3155186575491973e-12
33022,0.1,403,hebbian,inf
33022,0.1,403,bounded_hebbian,114.8058853149414
33022,0.1,404,predictive_dendrites,1.3155197417513698e-12
33022,0.1,404,hebbian,inf
33022,0.1,404,bounded_hebbian,114.8058853149414
33022,0.1,405,predictive_dendrites,1.315520717533325e-12
33022,0.1,405,hebbian,inf
33022,0.1,405,bounded_hebbian,114.8058853149414
33022,0.1,406,predictive_dendrites,1.3155216933152802e-12
33022,0.1,406,hebbian,inf
33022,0.1,406,bounded_hebbian,114.8058853149414
33022,0.1,407,predictive_dendrites,1.136998698317293e-12
33022,0.1,407,hebbian,inf
33022,0.1,407,bounded_hebbian,114.8058853149414
33022,0.1,408,predictive_dendrites,1.136999565679031e-12
33022,0.1,408,hebbian,inf
33022,0.1,408,bounded_hebbian,114.8058853149414
33022,0.1,409,predictive_dendrites,1.1370003246205518e-12
33022,0.1,409,hebbian,inf
33022,0.1,409,bounded_hebbian,114.8058853149414
33022,0.1,410,predictive_dendrites,1.1370011919822898e-12
33022,0.1,410,hebbian,inf
33022,0.1,410,bounded_hebbian,114.8058853149414
33022,0.1,411,predictive_dendrites,1.1370019509238105e-12
33022,0.1,411,hebbian,inf
33022,0.1,411,bounded_hebbian,114.8058853149414
33022,0.1,412,predictive_dendrites,1.137002601445114e-12
33022,0.1,412,hebbian,inf
33022,0.1,412,bounded_hebbian,114.8058853149414
33022,0.1,413,predictive_dendrites,1.1370032519664175e-12
33022,0.1,413,hebbian,inf
33022,0.1,413,bounded_hebbian,114.8058853149414
33022,0.1,414,predictive_dendrites,1.137003902487721e-12
33022,0.1,414,hebbian,inf
33022,0.1,414,bounded_hebbian,114.8058853149414
33022,0.1,415,predictive_dendrites,1.1370045530090245e-12
33022,0.1,415,hebbian,inf
33022,0.1,415,bounded_hebbian,114.8058853149414
33022,0.1,416,predictive_dendrites,1.1370050951101107e-12
33022,0.1,416,hebbian,inf
33022,0.1,416,bounded_hebbian,114.8058853149414
33022,0.1,417,predictive_dendrites,1.1370057456314142e-12
33022,0.1,417,hebbian,inf
33022,0.1,417,bounded_hebbian,114.8058853149414
33022,0.1,418,predictive_dendrites,1.1370061793122832e-12
33022,0.1,418,hebbian,inf
33022,0.1,418,bounded_hebbian,114.8058853149414
33022,0.1,419,predictive_dendrites,1.1370067214133694e-12
33022,0.1,419,hebbian,inf
33022,0.1,419,bounded_hebbian,114.8058853149414
33022,0.1,420,predictive_dendrites,1.1370072635144557e-12
33022,0.1,420,hebbian,inf
33022,0.1,420,bounded_hebbian,114.8058853149414
33022,0.1,421,predictive_dendrites,1.1370076971953247e-12
33022,0.1,421,hebbian,inf
33022,0.1,421,bounded_hebbian,114.8058853149414
33022,0.1,422,predictive_dendrites,1.1370081308761937e-12
33022,0.1,422,hebbian,inf
33022,0.1,422,bounded_hebbian,114.8058853149414
33022,0.1,423,predictive_dendrites,1.1370085645570627e-12
33022,0.1,423,hebbian,inf
33022,0.1,423,bounded_hebbian,114.8058853149414
33022,0.1,424,predictive_dendrites,1.1370088898177144e-12
33022,0.1,424,hebbian,inf
33022,0.1,424,bounded_hebbian,114.8058853149414
33022,0.1,425,predictive_dendrites,1.1370093234985834e-12
33022,0.1,425,hebbian,inf
33022,0.1,425,bounded_hebbian,114.8058853149414
33022,0.1,426,predictive_dendrites,1.1370096487592352e-12
33022,0.1,426,hebbian,inf
33022,0.1,426,bounded_hebbian,114.8058853149414
33022,0.1,427,predictive_dendrites,1.137009974019887e-12
33022,0.1,427,hebbian,inf
33022,0.1,427,bounded_hebbian,114.8058853149414
33022,0.1,428,predictive_dendrites,1.1370102992805386e-12
33022,0.1,428,hebbian,inf
33022,0.1,428,bounded_hebbian,114.8058853149414
33022,0.1,429,predictive_dendrites,1.1370106245411904e-12
33022,0.1,429,hebbian,inf
33022,0.1,429,bounded_hebbian,114.8058853149414
33022,0.1,430,predictive_dendrites,1.1370109498018421e-12
33022,0.1,430,hebbian,inf
33022,0.1,430,bounded_hebbian,114.8058853149414
33022,0.1,431,predictive_dendrites,1.1370111666422766e-12
33022,0.1,431,hebbian,inf
33022,0.1,431,bounded_hebbian,114.8058853149414
33022,0.1,432,predictive_dendrites,1.1370114919029284e-12
33022,0.1,432,hebbian,inf
33022,0.1,432,bounded_hebbian,114.8058853149414
33022,0.1,433,predictive_dendrites,1.1370117087433629e-12
33022,0.1,433,hebbian,inf
33022,0.1,433,bounded_hebbian,114.8058853149414
33022,0.1,434,predictive_dendrites,1.1370119255837974e-12
33022,0.1,434,hebbian,inf
33022,0.1,434,bounded_hebbian,114.8058853149414
33022,0.1,435,predictive_dendrites,1.1370121424242319e-12
33022,0.1,435,hebbian,inf
33022,0.1,435,bounded_hebbian,114.8058853149414
33022,0.1,436,predictive_dendrites,1.1370123592646664e-12
33022,0.1,436,hebbian,inf
33022,0.1,436,bounded_hebbian,114.8058853149414
33022,0.1,437,predictive_dendrites,1.1370125761051009e-12
33022,0.1,437,hebbian,inf
33022,0.1,437,bounded_hebbian,114.8058853149414
33022,0.1,438,predictive_dendrites,1.1370127929455354e-12
33022,0.1,438,hebbian,inf
33022,0.1,438,bounded_hebbian,114.8058853149414
33022,0.1,439,predictive_dendrites,1.1370130097859699e-12
33022,0.1,439,hebbian,inf
33022,0.1,439,bounded_hebbian,114.8058853149414
33022,0.1,440,predictive_dendrites,1.1370131182061871e-12
33022,0.1,440,hebbian,inf
33022,0.1,440,bounded_hebbian,114.8058853149414
33022,0.1,441,predictive_dendrites,1.1370133350466216e-12
33022,0.1,441,hebbian,inf
33022,0.1,441,bounded_hebbian,114.8058853149414
33022,0.1,442,predictive_dendrites,1.081058203025731e-12
33022,0.1,442,hebbian,inf
33022,0.1,442,bounded_hebbian,114.8058853149414
33022,0.1,443,predictive_dendrites,1.0810584198661655e-12
33022,0.1,443,hebbian,inf
33022,0.1,443,bounded_hebbian,114.8058853149414
33022,0.1,444,predictive_dendrites,1.0810585282863827e-12
33022,0.1,444,hebbian,inf
33022,0.1,444,bounded_hebbian,114.8058853149414
33022,0.1,445,predictive_dendrites,1.0810586367066e-12
33022,0.1,445,hebbian,inf
33022,0.1,445,bounded_hebbian,114.8058853149414
33022,0.1,446,predictive_dendrites,1.0810587451268172e-12
33022,0.1,446,hebbian,inf
33022,0.1,446,bounded_hebbian,114.8058853149414
33022,0.1,447,predictive_dendrites,1.0810588535470345e-12
33022,0.1,447,hebbian,inf
33022,0.1,447,bounded_hebbian,114.8058853149414
33022,0.1,448,predictive_dendrites,1.081059070387469e-12
33022,0.1,448,hebbian,inf
33022,0.1,448,bounded_hebbian,114.8058853149414
33022,0.1,449,predictive_dendrites,1.0810591788076862e-12
33022,0.1,449,hebbian,inf
33022,0.1,449,bounded_hebbian,114.8058853149414
33022,0.1,450,predictive_dendrites,1.0810592872279035e-12
33022,0.1,450,hebbian,inf
33022,0.1,450,bounded_hebbian,114.8058853149414
33022,0.1,451,predictive_dendrites,1.0810592872279035e-12
33022,0.1,451,hebbian,inf
33022,0.1,451,bounded_hebbian,114.8058853149414
33022,0.1,452,predictive_dendrites,1.0810593956481207e-12
33022,0.1,452,hebbian,inf
33022,0.1,452,bounded_hebbian,114.8058853149414
33022,0.1,453,predictive_dendrites,1.081059504068338e-12
33022,0.1,453,hebbian,inf
33022,0.1,453,bounded_hebbian,114.8058853149414
33022,0.1,454,predictive_dendrites,1.0810596124885552e-12
33022,0.1,454,hebbian,inf
33022,0.1,454,bounded_hebbian,114.8058853149414
33022,0.1,455,predictive_dendrites,1.0810597209087724e-12
33022,0.1,455,hebbian,inf
33022,0.1,455,bounded_hebbian,114.8058853149414
33022,0.1,456,predictive_dendrites,1.0810597209087724e-12
33022,0.1,456,hebbian,inf
33022,0.1,456,bounded_hebbian,114.8058853149414
33022,0.1,457,predictive_dendrites,1.026880945727282e-12
33022,0.1,457,hebbian,inf
33022,0.1,457,bounded_hebbian,114.8058853149414
33022,0.1,458,predictive_dendrites,1.0268810541474993e-12
33022,0.1,458,hebbian,inf
33022,0.1,458,bounded_hebbian,114.8058853149414
33022,0.1,459,predictive_dendrites,1.0268810541474993e-12
33022,0.1,459,hebbian,inf
33022,0.1,459,bounded_hebbian,114.8058853149414
33022,0.1,460,predictive_dendrites,1.0268811625677166e-12
33022,0.1,460,hebbian,inf
33022,0.1,460,bounded_hebbian,114.8058853149414
33022,0.1,461,predictive_dendrites,1.0268812709879338e-12
33022,0.1,461,hebbian,inf
33022,0.1,461,bounded_hebbian,114.8058853149414
33022,0.1,462,predictive_dendrites,1.0268812709879338e-12
33022,0.1,462,hebbian,inf
33022,0.1,462,bounded_hebbian,114.8058853149414
33022,0.1,463,predictive_dendrites,1.026881379408151e-12
33022,0.1,463,hebbian,inf
33022,0.1,463,bounded_hebbian,114.8058853149414
33022,0.1,464,predictive_dendrites,1.026881379408151e-12
33022,0.1,464,hebbian,inf
33022,0.1,464,bounded_hebbian,114.8058853149414
33022,0.1,465,predictive_dendrites,1.0268814878283683e-12
33022,0.1,465,hebbian,inf
33022,0.1,465,bounded_hebbian,114.8058853149414
33022,0.1,466,predictive_dendrites,1.0268814878283683e-12
33022,0.1,466,hebbian,inf
33022,0.1,466,bounded_hebbian,114.8058853149414
33022,0.1,467,predictive_dendrites,1.0268814878283683e-12
33022,0.1,467,hebbian,inf
33022,0.1,467,bounded_hebbian,114.8058853149414
33022,0.1,468,predictive_dendrites,1.0268815962485855e-12
33022,0.1,468,hebbian,inf
33022,0.1,468,bounded_hebbian,114.8058853149414
33022,0.1,469,predictive_dendrites,1.0268815962485855e-12
33022,0.1,469,hebbian,inf
33022,0.1,469,bounded_hebbian,114.8058853149414
33022,0.1,470,predictive_dendrites,1.0268815962485855e-12
33022,0.1,470,hebbian,inf
33022,0.1,470,bounded_hebbian,114.8058853149414
33022,0.1,471,predictive_dendrites,1.0268817046688028e-12
33022,0.1,471,hebbian,inf
33022,0.1,471,bounded_hebbian,114.8058853149414
33022,0.1,472,predictive_dendrites,1.0268817046688028e-12
33022,0.1,472,hebbian,inf
33022,0.1,472,bounded_hebbian,114.8058853149414
33022,0.1,473,predictive_dendrites,1.0268817046688028e-12
33022,0.1,473,hebbian,inf
33022,0.1,473,bounded_hebbian,114.8058853149414
33022,0.1,474,predictive_dendrites,1.02688181308902e-12
33022,0.1,474,hebbian,inf
33022,0.1,474,bounded_hebbian,114.8058853149414
33022,0.1,475,predictive_dendrites,1.02688181308902e-12
33022,0.1,475,hebbian,inf
33022,0.1,475,bounded_hebbian,114.8058853149414
33022,0.1,476,predictive_dendrites,1.02688181308902e-12
33022,0.1,476,hebbian,inf
33022,0.1,476,bounded_hebbian,114.8058853149414
33022,0.1,477,predictive_dendrites,1.0268819215092373e-12
33022,0.1,477,hebbian,inf
33022,0.1,477,bounded_hebbian,114.8058853149414
33022,0.1,478,predictive_dendrites,1.0268819215092373e-12
33022,0.1,478,hebbian,inf
33022,0.1,478,bounded_hebbian,114.8058853149414
33022,0.1,479,predictive_dendrites,1.0268819215092373e-12
33022,0.1,479,hebbian,inf
33022,0.1,479,bounded_hebbian,114.8058853149414
33022,0.1,480,predictive_dendrites,1.0268819215092373e-12
33022,0.1,480,hebbian,inf
33022,0.1,480,bounded_hebbian,114.8058853149414
33022,0.1,481,predictive_dendrites,1.0268819215092373e-12
33022,0.1,481,hebbian,inf
33022,0.1,481,bounded_hebbian,114.8058853149414
33022,0.1,482,predictive_dendrites,1.0268820299294545e-12
33022,0.1,482,hebbian,inf
33022,0.1,482,bounded_hebbian,114.8058853149414
33022,0.1,483,predictive_dendrites,1.0268820299294545e-12
33022,0.1,483,hebbian,inf
33022,0.1,483,bounded_hebbian,114.8058853149414
33022,0.1,484,predictive_dendrites,1.0268820299294545e-12
33022,0.1,484,hebbian,inf
33022,0.1,484,bounded_hebbian,114.8058853149414
33022,0.1,485,predictive_dendrites,1.0268820299294545e-12
33022,0.1,485,hebbian,inf
33022,0.1,485,bounded_hebbian,114.8058853149414
33022,0.1,486,predictive_dendrites,1.0268820299294545e-12
33022,0.1,486,hebbian,inf
33022,0.1,486,bounded_hebbian,114.8058853149414
33022,0.1,487,predictive_dendrites,1.0268820299294545e-12
33022,0.1,487,hebbian,inf
33022,0.1,487,bounded_hebbian,114.8058853149414
33022,0.1,488,predictive_dendrites,1.0268821383496718e-12
33022,0.1,488,hebbian,inf
33022,0.1,488,bounded_hebbian,114.8058853149414
33022,0.1,489,predictive_dendrites,1.0268821383496718e-12
33022,0.1,489,hebbian,inf
33022,0.1,489,bounded_hebbian,114.8058853149414
33022,0.1,490,predictive_dendrites,1.0268821383496718e-12
33022,0.1,490,hebbian,inf
33022,0.1,490,bounded_hebbian,114.8058853149414
33022,0.1,491,predictive_dendrites,1.0268821383496718e-12
33022,0.1,491,hebbian,inf
33022,0.1,491,bounded_hebbian,114.8058853149414
33022,0.1,492,predictive_dendrites,1.0268821383496718e-12
33022,0.1,492,hebbian,inf
33022,0.1,492,bounded_hebbian,114.8058853149414
33022,0.1,493,predictive_dendrites,1.0268821383496718e-12
33022,0.1,493,hebbian,inf
33022,0.1,493,bounded_hebbian,114.8058853149414
33022,0.1,494,predictive_dendrites,1.0268821383496718e-12
33022,0.1,494,hebbian,inf
33022,0.1,494,bounded_hebbian,114.8058853149414
33022,0.1,495,predictive_dendrites,1.0268821383496718e-12
33022,0.1,495,hebbian,inf
33022,0.1,495,bounded_hebbian,114.8058853149414
33022,0.1,496,predictive_dendrites,9.238534416644573e-13
33022,0.1,496,hebbian,inf
33022,0.1,496,bounded_hebbian,114.8058853149414
33022,0.1,497,predictive_dendrites,9.238535500846745e-13
33022,0.1,497,hebbian,inf
33022,0.1,497,bounded_hebbian,114.8058853149414
33022,0.1,498,predictive_dendrites,9.238535500846745e-13
33022,0.1,498,hebbian,inf
33022,0.1,498,bounded_hebbian,114.8058853149414
33022,0.1,499,predictive_dendrites,9.238535500846745e-13
33022,0.1,499,hebbian,inf
33022,0.1,499,bounded_hebbian,114.8058853149414
33022,0.1,500,predictive_dendrites,9.238535500846745e-13
33022,0.1,500,hebbian,inf
33022,0.1,500,bounded_hebbian,114.8058853149414
51564,0.1,1,predictive_dendrites,0.4425585865974426
51564,0.1,1,hebbian,0.5505433678627014
51564,0.1,1,bounded_hebbian,0.4001886546611786
51564,0.1,2,predictive_dendrites,0.40309423208236694
51564,0.1,2,hebbian,0.4425869286060333
51564,0.1,2,bounded_hebbian,0.31752723455429077
51564,0.1,3,predictive_dendrites,0.3607619106769562
51564,0.1,3,hebbian,0.33214640617370605
51564,0.1,3,bounded_hebbian,0.23529040813446045
51564,0.1,4,predictive_dendrites,0.35553619265556335
51564,0.1,4,hebbian,0.2269904613494873
51564,0.1,4,bounded_hebbian,0.15869508683681488
51564,0.1,5,predictive_dendrites,0.35005831718444824
51564,0.1,5,hebbian,0.13913455605506897
51564,0.1,5,bounded_hebbian,0.09528754651546478
51564,0.1,6,predictive_dendrites,0.34450897574424744
51564,0.1,6,hebbian,0.08656567335128784
51564,0.1,6,bounded_hebbian,0.05463186651468277
51564,0.1,7,predictive_dendrites,0.339313268661499
51564,0.1,7,hebbian,0.0956004410982132
51564,0.1,7,bounded_hebbian,0.042987123131752014
51564,0.1,8,predictive_dendrites,0.33393460512161255
51564,0.1,8,hebbian,0.2041012942790985
51564,0.1,8,bounded_hebbian,0.06603990495204926
51564,0.1,9,predictive_dendrites,0.3280937671661377
51564,0.1,9,hebbian,0.46585071086883545
51564,0.1,9,bounded_hebbian,0.14292380213737488
51564,0.1,10,predictive_dendrites,0.32187896966934204
51564,0.1,10,hebbian,0.9564869999885559
51564,0.1,10,bounded_hebbian,0.2935067415237427
51564,0.1,11,predictive_dendrites,0.31537964940071106
51564,0.1,11,hebbian,1.7815437316894531
51564,0.1,11,bounded_hebbian,0.5457899570465088
51564,0.1,12,predictive_dendrites,0.30895161628723145
51564,0.1,12,hebbian,3.087324857711792
51564,0.1,12,bounded_hebbian,0.9261717200279236
51564,0.1,13,predictive_dendrites,0.30197227001190186
51564,0.1,13,hebbian,5.075583457946777
51564,0.1,13,bounded_hebbian,1.4543910026550293
51564,0.1,14,predictive_dendrites,0.29482463002204895
51564,0.1,14,hebbian,8.023326873779297
51564,0.1,14,bounded_hebbian,2.1793832778930664
51564,0.1,15,predictive_dendrites,0.2876948416233063
51564,0.1,15,hebbian,12.309492111206055
51564,0.1,15,bounded_hebbian,3.063863515853882
51564,0.1,16,predictive_dendrites,0.28072041273117065
51564,0.1,16,hebbian,18.45085334777832
51564,0.1,16,bounded_hebbian,4.110632419586182
51564,0.1,17,predictive_dendrites,0.2739313542842865
51564,0.1,17,hebbian,27.15030860900879
51564,0.1,17,bounded_hebbian,5.320494174957275
51564,0.1,18,predictive_dendrites,0.26739102602005005
51564,0.1,18,hebbian,39.36177062988281
51564,0.1,18,bounded_hebbian,6.744407653808594
51564,0.1,19,predictive_dendrites,0.2610801160335541
51564,0.1,19,hebbian,56.37730407714844
51564,0.1,19,bounded_hebbian,8.355005264282227
51564,0.1,20,predictive_dendrites,0.25500380992889404
51564,0.1,20,hebbian,79.944091796875
51564,0.1,20,bounded_hebbian,10.205354690551758
51564,0.1,21,predictive_dendrites,0.24917428195476532
51564,0.1,21,hebbian,112.42131042480469
51564,0.1,21,bounded_hebbian,12.354459762573242
51564,0.1,22,predictive_dendrites,0.24359919130802155
51564,0.1,22,hebbian,156.99050903320312
51564,0.1,22,bounded_hebbian,14.734416007995605
51564,0.1,23,predictive_dendrites,0.23828133940696716
51564,0.1,23,hebbian,217.9375
51564,0.1,23,bounded_hebbian,17.190702438354492
51564,0.1,24,predictive_dendrites,0.2332458347082138
51564,0.1,24,hebbian,301.0301513671875
51564,0.1,24,bounded_hebbian,19.668031692504883
51564,0.1,25,predictive_dendrites,0.2285061776638031
51564,0.1,25,hebbian,414.02410888671875
51564,0.1,25,bounded_hebbian,22.191898345947266
51564,0.1,26,predictive_dendrites,0.2240055501461029
51564,0.1,26,hebbian,567.3402099609375
51564,0.1,26,bounded_hebbian,24.731233596801758
51564,0.1,27,predictive_dendrites,0.2197420448064804
51564,0.1,27,hebbian,774.97119140625
51564,0.1,27,bounded_hebbian,27.367752075195312
51564,0.1,28,predictive_dendrites,0.21571025252342224
51564,0.1,28,hebbian,1055.6942138671875
51564,0.1,28,bounded_hebbian,29.811887741088867
51564,0.1,29,predictive_dendrites,0.21189582347869873
51564,0.1,29,hebbian,1434.6947021484375
51564,0.1,29,bounded_hebbian,31.958833694458008
51564,0.1,30,predictive_dendrites,0.2082814872264862
51564,0.1,30,hebbian,1945.736328125
51564,0.1,30,bounded_hebbian,33.99435043334961
51564,0.1,31,predictive_dendrites,0.2048468142747879
51564,0.1,31,hebbian,2634.064208984375
51564,0.1,31,bounded_hebbian,36.05027389526367
51564,0.1,32,predictive_dendrites,0.20158366858959198
51564,0.1,32,hebbian,3560.28662109375
51564,0.1,32,bounded_hebbian,38.07997131347656
51564,0.1,33,predictive_dendrites,0.1984751969575882
51564,0.1,33,hebbian,4805.56591796875
51564,0.1,33,bounded_hebbian,40.31232833862305
51564,0.1,34,predictive_dendrites,0.19550424814224243
51564,0.1,34,hebbian,6478.55029296875
51564,0.1,34,bounded_hebbian,42.66630554199219
51564,0.1,35,predictive_dendrites,0.19265401363372803
51564,0.1,35,hebbian,8724.6484375
51564,0.1,35,bounded_hebbian,44.970436096191406
51564,0.1,36,predictive_dendrites,0.18990805745124817
51564,0.1,36,hebbian,11738.41796875
51564,0.1,36,bounded_hebbian,47.20541000366211
51564,0.1,37,predictive_dendrites,0.18725049495697021
51564,0.1,37,hebbian,15780.107421875
51564,0.1,37,bounded_hebbian,49.434303283691406
51564,0.1,38,predictive_dendrites,0.18466641008853912
51564,0.1,38,hebbian,21197.79296875
51564,0.1,38,bounded_hebbian,51.32382583618164
51564,0.1,39,predictive_dendrites,0.18214157223701477
51564,0.1,39,hebbian,28456.884765625
51564,0.1,39,bounded_hebbian,53.1248893737793
51564,0.1,40,predictive_dendrites,0.17966298758983612
51564,0.1,40,hebbian,38179.6328125
51564,0.1,40,bounded_hebbian,54.830955505371094
51564,0.1,41,predictive_dendrites,0.1772390753030777
51564,0.1,41,hebbian,51197.78125
51564,0.1,41,bounded_hebbian,56.66486358642578
51564,0.1,42,predictive_dendrites,0.1752520054578781
51564,0.1,42,hebbian,68623.03125
51564,0.1,42,bounded_hebbian,58.43285369873047
51564,0.1,43,predictive_dendrites,0.1732390969991684
51564,0.1,43,hebbian,91940.953125
51564,0.1,43,bounded_hebbian,59.970359802246094
51564,0.1,44,predictive_dendrites,0.17119251191616058
51564,0.1,44,hebbian,123136.59375
51564,0.1,44,bounded_hebbian,61.36085891723633
51564,0.1,45,predictive_dendrites,0.16910581290721893
51564,0.1,45,hebbian,164862.09375
51564,0.1,45,bounded_hebbian,62.475379943847656
51564,0.1,46,predictive_dendrites,0.1669737696647644
51564,0.1,46,hebbian,220660.375
51564,0.1,46,bounded_hebbian,63.59798812866211
51564,0.1,47,predictive_dendrites,0.16479229927062988
51564,0.1,47,hebbian,295264.1875
51564,0.1,47,bounded_hebbian,64.5511245727539
51564,0.1,48,predictive_dendrites,0.16255837678909302
51564,0.1,48,hebbian,394994.625
51564,0.1,48,bounded_hebbian,65.45679473876953
51564,0.1,49,predictive_dendrites,0.1602700650691986
51564,0.1,49,hebbian,528294.1875
51564,0.1,49,bounded_hebbian,66.21337890625
51564,0.1,50,predictive_dendrites,0.1579252928495407
51564,0.1,50,hebbian,706437.125
51564,0.1,50,bounded_hebbian,67.03694152832031
51564,0.1,51,predictive_dendrites,0.15552166104316711
51564,0.1,51,hebbian,944478.9375
51564,0.1,51,bounded_hebbian,67.93071746826172
51564,0.1,52,predictive_dendrites,0.15306314826011658
51564,0.1,52,hebbian,1262522.875
51564,0.1,52,bounded_hebbian,68.90373229980469
51564,0.1,53,predictive_dendrites,0.150550976395607
51564,0.1,53,hebbian,1687410.375
51564,0.1,53,bounded_hebbian,69.9452896118164
51564,0.1,54,predictive_dendrites,0.14798709750175476
51564,0.1,54,hebbian,2254978.0
51564,0.1,54,bounded_hebbian,70.99935150146484
51564,0.1,55,predictive_dendrites,0.14537391066551208
51564,0.1,55,hebbian,3013069.75
51564,0.1,55,bounded_hebbian,71.66432189941406
51564,0.1,56,predictive_dendrites,0.142754465341568
51564,0.1,56,hebbian,4025557.0
51564,0.1,56,bounded_hebbian,71.96955108642578
51564,0.1,57,predictive_dendrites,0.14011138677597046
51564,0.1,57,hebbian,5377700.0
51564,0.1,57,bounded_hebbian,72.28507232666016
51564,0.1,58,predictive_dendrites,0.1374301016330719
51564,0.1,58,hebbian,7183317.0
51564,0.1,58,bounded_hebbian,72.61822509765625
51564,0.1,59,predictive_dendrites,0.13471417129039764
51564,0.1,59,hebbian,9594325.0
51564,0.1,59,bounded_hebbian,72.9700927734375
51564,0.1,60,predictive_dendrites,0.13196749985218048
51564,0.1,60,hebbian,12813503.0
51564,0.1,60,bounded_hebbian,73.34176635742188
51564,0.1,61,predictive_dendrites,0.12919418513774872
51564,0.1,61,hebbian,17111504.0
51564,0.1,61,bounded_hebbian,73.73450469970703
51564,0.1,62,predictive_dendrites,0.12639836966991425
51564,0.1,62,hebbian,22849560.0
51564,0.1,62,bounded_hebbian,74.14966583251953
51564,0.1,63,predictive_dendrites,0.12360712885856628
51564,0.1,63,hebbian,30509770.0
51564,0.1,63,bounded_hebbian,74.58868408203125
51564,0.1,64,predictive_dendrites,0.12081915885210037
51564,0.1,64,hebbian,40735568.0
51564,0.1,64,bounded_hebbian,75.05320739746094
51564,0.1,65,predictive_dendrites,0.11805751174688339
51564,0.1,65,hebbian,54385636.0
51564,0.1,65,bounded_hebbian,75.54496002197266
51564,0.1,66,predictive_dendrites,0.11529070138931274
51564,0.1,66,hebbian,72605912.0
51564,0.1,66,bounded_hebbian,76.06597900390625
51564,0.1,67,predictive_dendrites,0.11252197623252869
51564,0.1,67,hebbian,96925616.0
51564,0.1,67,bounded_hebbian,76.6184310913086
51564,0.1,68,predictive_dendrites,0.10975524038076401
51564,0.1,68,hebbian,129385512.0
51564,0.1,68,bounded_hebbian,77.21285247802734
51564,0.1,69,predictive_dendrites,0.10699440538883209
51564,0.1,69,hebbian,172708736.0
51564,0.1,69,bounded_hebbian,77.83072662353516
51564,0.1,70,predictive_dendrites,0.10424307733774185
51564,0.1,70,hebbian,230529216.0
51564,0.1,70,bounded_hebbian,78.47125244140625
51564,0.1,71,predictive_dendrites,0.10150492191314697
51564,0.1,71,hebbian,307695872.0
51564,0.1,71,bounded_hebbian,78.9097900390625
51564,0.1,72,predictive_dendrites,0.09878339618444443
51564,0.1,72,hebbian,410679072.0
51564,0.1,72,bounded_hebbian,79.27741241455078
51564,0.1,73,predictive_dendrites,0.09608174860477448
51564,0.1,73,hebbian,548112320.0
51564,0.1,73,bounded_hebbian,79.67003631591797
51564,0.1,74,predictive_dendrites,0.09340308606624603
51564,0.1,74,hebbian,731515648.0
51564,0.1,74,bounded_hebbian,80.08968353271484
51564,0.1,75,predictive_dendrites,0.09075045585632324
51564,0.1,75,hebbian,976260096.0
51564,0.1,75,bounded_hebbian,80.53864288330078
51564,0.1,76,predictive_dendrites,0.08812661468982697
51564,0.1,76,hebbian,1302854656.0
51564,0.1,76,bounded_hebbian,81.01936340332031
51564,0.1,77,predictive_dendrites,0.08552920073270798
51564,0.1,77,hebbian,1738665344.0
51564,0.1,77,bounded_hebbian,81.53466033935547
51564,0.1,78,predictive_dendrites,0.08295895904302597
51564,0.1,78,hebbian,2320202496.0
51564,0.1,78,bounded_hebbian,81.84852600097656
51564,0.1,79,predictive_dendrites,0.08042500913143158
51564,0.1,79,hebbian,3096182784.0
51564,0.1,79,bounded_hebbian,82.1281967163086
51564,0.1,80,predictive_dendrites,0.07792938500642776
51564,0.1,80,hebbian,4131601920.0
51564,0.1,80,bounded_hebbian,82.4394302368164
51564,0.1,81,predictive_dendrites,0.07547404617071152
51564,0.1,81,hebbian,5513180160.0
51564,0.1,81,bounded_hebbian,82.78113555908203
51564,0.1,82,predictive_dendrites,0.07306068390607834
51564,0.1,82,hebbian,7356618752.0
51564,0.1,82,bounded_hebbian,83.15658569335938
51564,0.1,83,predictive_dendrites,0.07069041579961777
51564,0.1,83,hebbian,9816282112.0
51564,0.1,83,bounded_hebbian,83.56939697265625
51564,0.1,84,predictive_dendrites,0.06836744397878647
51564,0.1,84,hebbian,13098126336.0
51564,0.1,84,bounded_hebbian,84.02362823486328
51564,0.1,85,predictive_dendrites,0.06609030067920685
51564,0.1,85,hebbian,17476919296.0
51564,0.1,85,bounded_hebbian,84.52379608154297
51564,0.1,86,predictive_dendrites,0.06386009603738785
51564,0.1,86,hebbian,23319255040.0
51564,0.1,86,bounded_hebbian,85.07499694824219
51564,0.1,87,predictive_dendrites,0.061677735298871994
51564,0.1,87,hebbian,31114213376.0
51564,0.1,87,bounded_hebbian,85.68292236328125
51564,0.1,88,predictive_dendrites,0.05954400449991226
51564,0.1,88,hebbian,41514311680.0
51564,0.1,88,bounded_hebbian,86.3540267944336
51564,0.1,89,predictive_dendrites,0.057459548115730286
51564,0.1,89,hebbian,55390072832.0
51564,0.1,89,bounded_hebbian,86.61749267578125
51564,0.1,90,predictive_dendrites,0.05542486160993576
51564,0.1,90,hebbian,73902899200.0
51564,0.1,90,bounded_hebbian,86.70501708984375
51564,0.1,91,predictive_dendrites,0.05344027280807495
51564,0.1,91,hebbian,98602188800.0
51564,0.1,91,bounded_hebbian,86.79698944091797
51564,0.1,92,predictive_dendrites,0.05150599405169487
51564,0.1,92,hebbian,131555065856.0
51564,0.1,92,bounded_hebbian,86.89362335205078
51564,0.1,93,predictive_dendrites,0.049622245132923126
51564,0.1,93,hebbian,175519301632.0
51564,0.1,93,bounded_hebbian,86.99517059326172
51564,0.1,94,predictive_dendrites,0.04779062792658806
51564,0.1,94,hebbian,234173923328.0
51564,0.1,94,bounded_hebbian,87.10186767578125
51564,0.1,95,predictive_dendrites,0.04601001739501953
51564,0.1,95,hebbian,312427216896.0
51564,0.1,95,bounded_hebbian,87.21395874023438
51564,0.1,96,predictive_dendrites,0.044279493391513824
51564,0.1,96,hebbian,416827244544.0
51564,0.1,96,bounded_hebbian,87.33174133300781
51564,0.1,97,predictive_dendrites,0.04259871691465378
51564,0.1,97,hebbian,556109332480.0
51564,0.1,97,bounded_hebbian,87.45548248291016
51564,0.1,98,predictive_dendrites,0.04096736013889313
51564,0.1,98,hebbian,741927878656.0
51564,0.1,98,bounded_hebbian,87.58550262451172
51564,0.1,99,predictive_dendrites,0.039385005831718445
51564,0.1,99,hebbian,989829922816.0
51564,0.1,99,bounded_hebbian,87.72210693359375
51564,0.1,100,predictive_dendrites,0.03782913088798523
51564,0.1,100,hebbian,1320556429312.0
51564,0.1,100,bounded_hebbian,87.86561584472656
51564,0.1,101,predictive_dendrites,0.036316268146038055
51564,0.1,101,hebbian,1761778073600.0
51564,0.1,101,bounded_hebbian,88.01639556884766
51564,0.1,102,predictive_dendrites,0.03485206514596939
51564,0.1,102,hebbian,2350407745536.0
51564,0.1,102,bounded_hebbian,88.1748046875
51564,0.1,103,predictive_dendrites,0.03343576192855835
51564,0.1,103,hebbian,3135690244096.0
51564,0.1,103,bounded_hebbian,88.34123992919922
51564,0.1,104,predictive_dendrites,0.032066598534584045
51564,0.1,104,hebbian,4183321739264.0
51564,0.1,104,bounded_hebbian,88.51610565185547
51564,0.1,105,predictive_dendrites,0.03074365295469761
51564,0.1,105,hebbian,5580945096704.0
51564,0.1,105,bounded_hebbian,88.6998291015625
51564,0.1,106,predictive_dendrites,0.029466144740581512
51564,0.1,106,hebbian,7445475229696.0
51564,0.1,106,bounded_hebbian,88.89287567138672
51564,0.1,107,predictive_dendrites,0.02823309600353241
51564,0.1,107,hebbian,9932889915392.0
51564,0.1,107,bounded_hebbian,89.0957260131836
51564,0.1,108,predictive_dendrites,0.027043592184782028
51564,0.1,108,hebbian,13251263856640.0
51564,0.1,108,bounded_hebbian,89.30890655517578
51564,0.1,109,predictive_dendrites,0.025896675884723663
51564,0.1,109,hebbian,17678190247936.0
51564,0.1,109,bounded_hebbian,89.53298950195312
51564,0.1,110,predictive_dendrites,0.024791333824396133
51564,0.1,110,hebbian,23583975800832.0
51564,0.1,110,bounded_hebbian,89.76856994628906
51564,0.1,111,predictive_dendrites,0.023726576939225197
51564,0.1,111,hebbian,31462619348992.0
51564,0.1,111,bounded_hebbian,90.01628875732422
51564,0.1,112,predictive_dendrites,0.02270139567553997
51564,0.1,112,hebbian,41973163491328.0
51564,0.1,112,bounded_hebbian,90.27687072753906
51564,0.1,113,predictive_dendrites,0.021714765578508377
51564,0.1,113,hebbian,55994780483584.0
51564,0.1,113,bounded_hebbian,90.55110931396484
51564,0.1,114,predictive_dendrites,0.0207656379789114
51564,0.1,114,hebbian,74700319358976.0
51564,0.1,114,bounded_hebbian,90.83984375
51564,0.1,115,predictive_dendrites,0.01985299214720726
51564,0.1,115,hebbian,99654389727232.0
51564,0.1,115,bounded_hebbian,91.14408111572266
51564,0.1,116,predictive_dendrites,0.018975771963596344
51564,0.1,116,hebbian,132944194699264.0
51564,0.1,116,bounded_hebbian,91.46489715576172
51564,0.1,117,predictive_dendrites,0.018132992088794708
51564,0.1,117,hebbian,177354315923456.0
51564,0.1,117,bounded_hebbian,91.8046875
51564,0.1,118,predictive_dendrites,0.017323553562164307
51564,0.1,118,hebbian,236599296131072.0
51564,0.1,118,bounded_hebbian,92.00822448730469
51564,0.1,119,predictive_dendrites,0.016546498984098434
51564,0.1,119,hebbian,315634663555072.0
51564,0.1,119,bounded_hebbian,92.00822448730469
51564,0.1,120,predictive_dendrites,0.015800772234797478
51564,0.1,120,hebbian,421070540636160.0
51564,0.1,120,bounded_hebbian,92.00822448730469
51564,0.1,121,predictive_dendrites,0.015085393562912941
51564,0.1,121,hebbian,561726156177408.0
51564,0.1,121,bounded_hebbian,92.00822448730469
51564,0.1,122,predictive_dendrites,0.014399382285773754
51564,0.1,122,hebbian,749365425602560.0
51564,0.1,122,bounded_hebbian,92.00822448730469
51564,0.1,123,predictive_dendrites,0.013741720467805862
51564,0.1,123,hebbian,999683098935296.0
51564,0.1,123,bounded_hebbian,92.00822448730469
51564,0.1,124,predictive_dendrites,0.013111491687595844
51564,0.1,124,hebbian,1333615933784064.0
51564,0.1,124,bounded_hebbian,92.00822448730469
51564,0.1,125,predictive_dendrites,0.012498383410274982
51564,0.1,125,hebbian,1779092626079744.0
51564,0.1,125,bounded_hebbian,92.00822448730469
51564,0.1,126,predictive_dendrites,0.01190917193889618
51564,0.1,126,hebbian,2373375037014016.0
51564,0.1,126,bounded_hebbian,92.00822448730469
51564,0.1,127,predictive_dendrites,0.011345400474965572
51564,0.1,127,hebbian,3166163991265280.0
51564,0.1,127,bounded_hebbian,92.00822448730469
51564,0.1,128,predictive_dendrites,0.010806174017488956
51564,0.1,128,hebbian,4223770965311488.0
51564,0.1,128,bounded_hebbian,92.00822448730469
51564,0.1,129,predictive_dendrites,0.010290557518601418
51564,0.1,129,hebbian,5634642220679168.0
51564,0.1,129,bounded_hebbian,92.00822448730469
51564,0.1,130,predictive_dendrites,0.009797673672437668
51564,0.1,130,hebbian,7516789768454144.0
51564,0.1,130,bounded_hebbian,92.00822448730469
51564,0.1,131,predictive_dendrites,0.009326675906777382
51564,0.1,131,hebbian,1.0027628723437568e+16
51564,0.1,131,bounded_hebbian,92.00822448730469
51564,0.1,132,predictive_dendrites,0.008876710198819637
51564,0.1,132,hebbian,1.3377154532245504e+16
51564,0.1,132,bounded_hebbian,92.00822448730469
51564,0.1,133,predictive_dendrites,0.008446956053376198
51564,0.1,133,hebbian,1.7845522542886912e+16
51564,0.1,133,bounded_hebbian,92.00822448730469
51564,0.1,134,predictive_dendrites,0.008036625571548939
51564,0.1,134,hebbian,2.380643678604493e+16
51564,0.1,134,bounded_hebbian,92.00822448730469
51564,0.1,135,predictive_dendrites,0.007644944824278355
51564,0.1,135,hebbian,3.175843559060275e+16
51564,0.1,135,bounded_hebbian,92.00822448730469
51564,0.1,136,predictive_dendrites,0.007271149195730686
51564,0.1,136,hebbian,4.236658819989504e+16
51564,0.1,136,bounded_hebbian,92.00822448730469
51564,0.1,137,predictive_dendrites,0.006914541590958834
51564,0.1,137,hebbian,5.651812748309299e+16
51564,0.1,137,bounded_hebbian,92.00822448730469
51564,0.1,138,predictive_dendrites,0.006574383471161127
51564,0.1,138,hebbian,7.539657033331507e+16
51564,0.1,138,bounded_hebbian,92.00822448730469
51564,0.1,139,predictive_dendrites,0.006250023376196623
51564,0.1,139,hebbian,1.0058107314608538e+17
51564,0.1,139,bounded_hebbian,92.00822448730469
51564,0.1,140,predictive_dendrites,0.00594078004360199
51564,0.1,140,hebbian,1.3417774185447424e+17
51564,0.1,140,bounded_hebbian,92.00822448730469
51564,0.1,141,predictive_dendrites,0.005646010860800743
51564,0.1,141,hebbian,1.7899647291254374e+17
51564,0.1,141,bounded_hebbian,92.00822448730469
51564,0.1,142,predictive_dendrites,0.005365125834941864
51564,0.1,142,hebbian,2.3878523517140992e+17
51564,0.1,142,bounded_hebbian,92.00822448730469
51564,0.1,143,predictive_dendrites,0.0050975182093679905
51564,0.1,143,hebbian,3.185448050826936e+17
51564,0.1,143,bounded_hebbian,92.00822448730469
51564,0.1,144,predictive_dendrites,0.004842613823711872
51564,0.1,144,hebbian,4.249461945700188e+17
51564,0.1,144,bounded_hebbian,92.00822448730469
51564,0.1,145,predictive_dendrites,0.004599851556122303
51564,0.1,145,hebbian,5.66889091266773e+17
51564,0.1,145,bounded_hebbian,92.00822448730469
51564,0.1,146,predictive_dendrites,0.004368708934634924
51564,0.1,146,hebbian,7.562435478285189e+17
51564,0.1,146,bounded_hebbian,92.00822448730469
51564,0.1,147,predictive_dendrites,0.004148686304688454
51564,0.1,147,hebbian,1.0088437686458122e+18
51564,0.1,147,bounded_hebbian,92.00822448730469
51564,0.1,148,predictive_dendrites,0.003939263056963682
51564,0.1,148,hebbian,1.3458206492175892e+18
51564,0.1,148,bounded_hebbian,92.00822448730469
51564,0.1,149,predictive_dendrites,0.0037399744614958763
51564,0.1,149,hebbian,1.795355153600086e+18
51564,0.1,149,bounded_hebbian,92.00822448730469
51564,0.1,150,predictive_dendrites,0.0035503606777638197
51564,0.1,150,hebbian,2.395046662453068e+18
51564,0.1,150,bounded_hebbian,92.00822448730469
51564,0.1,151,predictive_dendrites,0.00336999399587512
51564,0.1,151,hebbian,3.1950562706252104e+18
51564,0.1,151,bounded_hebbian,92.00822448730469
51564,0.1,152,predictive_dendrites,0.0031984432134777308
51564,0.1,152,hebbian,4.262280464573661e+18
51564,0.1,152,bounded_hebbian,92.00822448730469
51564,0.1,153,predictive_dendrites,0.0030353048350661993
51564,0.1,153,hebbian,5.685984195311043e+18
51564,0.1,153,bounded_hebbian,92.00822448730469
51564,0.1,154,predictive_dendrites,0.0028802065644413233
51564,0.1,154,hebbian,7.585242647980147e+18
51564,0.1,154,bounded_hebbian,92.00822448730469
51564,0.1,155,predictive_dendrites,0.002732756081968546
51564,0.1,155,hebbian,1.011885388893415e+19
51564,0.1,155,bounded_hebbian,92.00822448730469
51564,0.1,156,predictive_dendrites,0.0025926141534000635
51564,0.1,156,hebbian,1.3498743836624552e+19
51564,0.1,156,bounded_hebbian,92.00822448730469
51564,0.1,157,predictive_dendrites,0.002459422219544649
51564,0.1,157,hebbian,1.8007615622250234e+19
51564,0.1,157,bounded_hebbian,92.00822448730469
51564,0.1,158,predictive_dendrites,0.002332855248823762
51564,0.1,158,hebbian,2.402253466392907e+19
51564,0.1,158,bounded_hebbian,92.00822448730469
51564,0.1,159,predictive_dendrites,0.0022126163821667433
51564,0.1,159,hebbian,3.2046614392787173e+19
51564,0.1,159,bounded_hebbian,92.00822448730469
51564,0.1,160,predictive_dendrites,0.002098390134051442
51564,0.1,160,hebbian,4.274992688160519e+19
51564,0.1,160,bounded_hebbian,92.00822448730469
51564,0.1,161,predictive_dendrites,0.001989893149584532
51564,0.1,161,hebbian,5.7030894076555166e+19
51564,0.1,161,bounded_hebbian,92.00822448730469
51564,0.1,162,predictive_dendrites,0.0018868563929572701
51564,0.1,162,hebbian,7.608108531596027e+19
51564,0.1,162,bounded_hebbian,92.00822448730469
51564,0.1,163,predictive_dendrites,0.0017890146700665355
51564,0.1,163,hebbian,1.0149711462865358e+20
51564,0.1,163,bounded_hebbian,92.00822448730469
51564,0.1,164,predictive_dendrites,0.0016961194342002273
51564,0.1,164,hebbian,1.3539866451112677e+20
51564,0.1,164,bounded_hebbian,92.00822448730469
51564,0.1,165,predictive_dendrites,0.0016079266788437963
51564,0.1,165,hebbian,1.806238999301115e+20
51564,0.1,165,bounded_hebbian,92.00822448730469
51564,0.1,166,predictive_dendrites,0.0015242121880874038
51564,0.1,166,hebbian,2.4095776212087787e+20
51564,0.1,166,bounded_hebbian,92.00822448730469
51564,0.1,167,predictive_dendrites,0.0014447537250816822
51564,0.1,167,hebbian,3.214361198917562e+20
51564,0.1,167,bounded_hebbian,92.00822448730469
51564,0.1,168,predictive_dendrites,0.001369342440739274
51564,0.1,168,hebbian,4.288023572207339e+20
51564,0.1,168,bounded_hebbian,92.00822448730469
51564,0.1,169,predictive_dendrites,0.0012977891601622105
51564,0.1,169,hebbian,5.7203948410674086e+20
51564,0.1,169,bounded_hebbian,92.00822448730469
51564,0.1,170,predictive_dendrites,0.0012298953952267766
51564,0.1,170,hebbian,7.630882320117966e+20
51564,0.1,170,bounded_hebbian,92.00822448730469
51564,0.1,171,predictive_dendrites,0.0011654760455712676
51564,0.1,171,hebbian,1.0179358166631129e+21
51564,0.1,171,bounded_hebbian,92.00822448730469
51564,0.1,172,predictive_dendrites,0.0011043689446523786
51564,0.1,172,hebbian,1.3579595588544223e+21
51564,0.1,172,bounded_hebbian,92.00822448730469
51564,0.1,173,predictive_dendrites,0.0010464040096849203
51564,0.1,173,hebbian,1.8114714783806778e+21
51564,0.1,173,bounded_hebbian,92.00822448730469
51564,0.1,174,predictive_dendrites,0.0009914222173392773
51564,0.1,174,hebbian,2.416427209213916e+21
51564,0.1,174,bounded_hebbian,92.00822448730469
51564,0.1,175,predictive_dendrites,0.0009392800857312977
51564,0.1,175,hebbian,3.223341095099562e+21
51564,0.1,175,bounded_hebbian,92.00822448730469
51564,0.1,176,predictive_dendrites,0.0008898364612832665
51564,0.1,176,hebbian,4.2998415805795124e+21
51564,0.1,176,bounded_hebbian,92.00822448730469
51564,0.1,177,predictive_dendrites,0.0008429525187239051
51564,0.1,177,hebbian,5.735178751269182e+21
51564,0.1,177,bounded_hebbian,92.00822448730469
51564,0.1,178,predictive_dendrites,0.0007984967669472098
51564,0.1,178,hebbian,7.650551791490506e+21
51564,0.1,178,bounded_hebbian,92.00822448730469
51564,0.1,179,predictive_dendrites,0.0007563498220406473
51564,0.1,179,hebbian,1.0205156755621544e+22
51564,0.1,179,bounded_hebbian,92.00822448730469
51564,0.1,180,predictive_dendrites,0.000716395559720695
51564,0.1,180,hebbian,1.361316570164162e+22
51564,0.1,180,bounded_hebbian,92.00822448730469
51564,0.1,181,predictive_dendrites,0.0006785235600546002
51564,0.1,181,hebbian,1.8159826496849218e+22
51564,0.1,181,bounded_hebbian,92.00822448730469
51564,0.1,182,predictive_dendrites,0.0006426230538636446
51564,0.1,182,hebbian,2.422341674014551e+22
51564,0.1,182,bounded_hebbian,92.00822448730469
51564,0.1,183,predictive_dendrites,0.0006085964269004762
51564,0.1,183,hebbian,3.2312721592233427e+22
51564,0.1,183,bounded_hebbian,92.00822448730469
51564,0.1,184,predictive_dendrites,0.000576346239540726
51564,0.1,184,hebbian,4.310561386182552e+22
51564,0.1,184,bounded_hebbian,92.00822448730469
51564,0.1,185,predictive_dendrites,0.0005457866354845464
51564,0.1,185,hebbian,5.750491440362205e+22
51564,0.1,185,bounded_hebbian,92.00822448730469
51564,0.1,186,predictive_dendrites,0.0005168272764421999
51564,0.1,186,hebbian,7.67152167725545e+22
51564,0.1,186,bounded_hebbian,92.00822448730469
51564,0.1,187,predictive_dendrites,0.0004893924342468381
51564,0.1,187,hebbian,1.023432116608847e+23
51564,0.1,187,bounded_hebbian,92.00822448730469
51564,0.1,188,predictive_dendrites,0.0004634021897800267
51564,0.1,188,hebbian,1.3653086509458557e+23
51564,0.1,188,bounded_hebbian,92.00822448730469
51564,0.1,189,predictive_dendrites,0.0004387760127428919
51564,0.1,189,hebbian,1.8213176588395012e+23
51564,0.1,189,bounded_hebbian,92.00822448730469
51564,0.1,190,predictive_dendrites,0.00041545272688381374
51564,0.1,190,hebbian,2.42975378835327e+23
51564,0.1,190,bounded_hebbian,92.00822448730469
51564,0.1,191,predictive_dendrites,0.00039335215114988387
51564,0.1,191,hebbian,3.24145682460066e+23
51564,0.1,191,bounded_hebbian,92.00822448730469
51564,0.1,192,predictive_dendrites,0.00037241276004351676
51564,0.1,192,hebbian,4.3243397889545215e+23
51564,0.1,192,bounded_hebbian,92.00822448730469
51564,0.1,193,predictive_dendrites,0.00035258213756605983
51564,0.1,193,hebbian,5.7688985527591935e+23
51564,0.1,193,bounded_hebbian,92.00822448730469
51564,0.1,194,predictive_dendrites,0.0003337952948641032
51564,0.1,194,hebbian,7.696035670747153e+23
51564,0.1,194,bounded_hebbian,92.00822448730469
51564,0.1,195,predictive_dendrites,0.0003160051128361374
51564,0.1,195,hebbian,1.0266923084078975e+24
51564,0.1,195,bounded_hebbian,92.00822448730469
51564,0.1,196,predictive_dendrites,0.00029915370396338403
51564,0.1,196,hebbian,1.3696564800693147e+24
51564,0.1,196,bounded_hebbian,92.00822448730469
51564,0.1,197,predictive_dendrites,0.0002831955498550087
51564,0.1,197,hebbian,1.8271721942398948e+24
51564,0.1,197,bounded_hebbian,92.00822448730469
51564,0.1,198,predictive_dendrites,0.00026808149414137006
51564,0.1,198,hebbian,2.437532009312897e+24
51564,0.1,198,bounded_hebbian,92.00822448730469
51564,0.1,199,predictive_dendrites,0.0002537667751312256
51564,0.1,199,hebbian,3.25186093237342e+24
51564,0.1,199,bounded_hebbian,92.00822448730469
51564,0.1,200,predictive_dendrites,0.00024021335411816835
51564,0.1,200,hebbian,4.3381118686726146e+24
51564,0.1,200,bounded_hebbian,92.00822448730469
51564,0.1,201,predictive_dendrites,0.00022737676044926047
51564,0.1,201,hebbian,5.787347170330348e+24
51564,0.1,201,bounded_hebbian,92.00822448730469
51564,0.1,202,predictive_dendrites,0.00021522324823308736
51564,0.1,202,hebbian,7.720534820374485e+24
51564,0.1,202,bounded_hebbian,92.00822448730469
51564,0.1,203,predictive_dendrites,0.00020371453138068318
51564,0.1,203,hebbian,1.0299291067090436e+25
51564,0.1,203,bounded_hebbian,92.00822448730469
51564,0.1,204,predictive_dendrites,0.00019281779532320797
51564,0.1,204,hebbian,1.374002734734344e+25
51564,0.1,204,bounded_hebbian,92.00822448730469
51564,0.1,205,predictive_dendrites,0.0001825002982513979
51564,0.1,205,hebbian,1.8330233285218497e+25
51564,0.1,205,bounded_hebbian,92.00822448730469
51564,0.1,206,predictive_dendrites,0.0001727323979139328
51564,0.1,206,hebbian,2.445423987596232e+25
51564,0.1,206,bounded_hebbian,92.00822448730469
51564,0.1,207,predictive_dendrites,0.00016348373901564628
51564,0.1,207,hebbian,3.262283400421141e+25
51564,0.1,207,bounded_hebbian,92.00822448730469
51564,0.1,208,predictive_dendrites,0.00015472833183594048
51564,0.1,208,hebbian,4.352126033083637e+25
51564,0.1,208,bounded_hebbian,92.00822448730469
51564,0.1,209,predictive_dendrites,0.00014644095790572464
51564,0.1,209,hebbian,5.80583461253317e+25
51564,0.1,209,bounded_hebbian,92.00822448730469
51564,0.1,210,predictive_dendrites,0.00013859278988093138
51564,0.1,210,hebbian,7.745651330644495e+25
51564,0.1,210,bounded_hebbian,92.00822448730469
51564,0.1,211,predictive_dendrites,0.00013116576883476228
51564,0.1,211,hebbian,1.0333092189178199e+26
51564,0.1,211,bounded_hebbian,92.00822448730469
51564,0.1,212,predictive_dendrites,0.000124134894576855
51564,0.1,212,hebbian,1.3784128439569059e+26
51564,0.1,212,bounded_hebbian,92.00822448730469
51564,0.1,213,predictive_dendrites,0.00011747961980290711
51564,0.1,213,hebbian,1.838943372922135e+26
51564,0.1,213,bounded_hebbian,92.00822448730469
51564,0.1,214,predictive_dendrites,0.00011117938265670091
51564,0.1,214,hebbian,2.4533158736458464e+26
51564,0.1,214,bounded_hebbian,92.00822448730469
51564,0.1,215,predictive_dendrites,0.00010521691729081795
51564,0.1,215,hebbian,3.2729076643198136e+26
51564,0.1,215,bounded_hebbian,92.00822448730469
51564,0.1,216,predictive_dendrites,9.957258589565754e-05
51564,0.1,216,hebbian,4.366347642660984e+26
51564,0.1,216,bounded_hebbian,92.00822448730469
51564,0.1,217,predictive_dendrites,9.422877337783575e-05
51564,0.1,217,hebbian,5.824881521425318e+26
51564,0.1,217,bounded_hebbian,92.00822448730469
51564,0.1,218,predictive_dendrites,8.91722011147067e-05
51564,0.1,218,hebbian,7.770966904341491e+26
51564,0.1,218,bounded_hebbian,92.00822448730469
51564,0.1,219,predictive_dendrites,8.438617078354582e-05
51564,0.1,219,hebbian,1.0366934401388386e+27
51564,0.1,219,bounded_hebbian,92.00822448730469
51564,0.1,220,predictive_dendrites,7.985634874785319e-05
51564,0.1,220,hebbian,1.382966865453359e+27
51564,0.1,220,bounded_hebbian,92.00822448730469
51564,0.1,221,predictive_dendrites,7.556887430837378e-05
51564,0.1,221,hebbian,1.8448364435708986e+27
51564,0.1,221,bounded_hebbian,92.00822448730469
51564,0.1,222,predictive_dendrites,7.15124187991023e-05
51564,0.1,222,hebbian,2.461002558114385e+27
51564,0.1,222,bounded_hebbian,92.00822448730469
51564,0.1,223,predictive_dendrites,6.767148443032056e-05
51564,0.1,223,hebbian,3.2831444266891017e+27
51564,0.1,223,bounded_hebbian,92.00822448730469
51564,0.1,224,predictive_dendrites,6.403782026609406e-05
51564,0.1,224,hebbian,4.3801436674058063e+27
51564,0.1,224,bounded_hebbian,92.00822448730469
51564,0.1,225,predictive_dendrites,6.0596619732677937e-05
51564,0.1,225,hebbian,5.843135164982064e+27
51564,0.1,225,bounded_hebbian,92.00822448730469
51564,0.1,226,predictive_dendrites,5.7342756917933e-05
51564,0.1,226,hebbian,7.794735165145585e+27
51564,0.1,226,bounded_hebbian,92.00822448730469
51564,0.1,227,predictive_dendrites,5.42622510693036e-05
51564,0.1,227,hebbian,1.0399028784597588e+28
51564,0.1,227,bounded_hebbian,92.00822448730469
51564,0.1,228,predictive_dendrites,5.1346636610105634e-05
51564,0.1,228,hebbian,1.3872015295377102e+28
51564,0.1,228,bounded_hebbian,92.00822448730469
51564,0.1,229,predictive_dendrites,4.858712782151997e-05
51564,0.1,229,hebbian,1.8507360369883666e+28
51564,0.1,229,bounded_hebbian,92.00822448730469
51564,0.1,230,predictive_dendrites,4.5976481487741694e-05
51564,0.1,230,hebbian,2.468816362785684e+28
51564,0.1,230,bounded_hebbian,92.00822448730469
51564,0.1,231,predictive_dendrites,4.350670860731043e-05
51564,0.1,231,hebbian,3.2934017608673808e+28
51564,0.1,231,bounded_hebbian,92.00822448730469
51564,0.1,232,predictive_dendrites,4.116801937925629e-05
51564,0.1,232,hebbian,4.393418711825801e+28
51564,0.1,232,bounded_hebbian,92.00822448730469
51564,0.1,233,predictive_dendrites,3.895566987921484e-05
51564,0.1,233,hebbian,5.860351024232013e+28
51564,0.1,233,bounded_hebbian,92.00822448730469
51564,0.1,234,predictive_dendrites,3.686197305796668e-05
51564,0.1,234,hebbian,7.818459507941387e+28
51564,0.1,234,bounded_hebbian,92.00822448730469
51564,0.1,235,predictive_dendrites,3.4881501051131636e-05
51564,0.1,235,hebbian,1.0431082319336714e+29
51564,0.1,235,bounded_hebbian,92.00822448730469
51564,0.1,236,predictive_dendrites,3.3006639569066465e-05
51564,0.1,236,hebbian,1.391662513035753e+29
51564,0.1,236,bounded_hebbian,92.00822448730469
51564,0.1,237,predictive_dendrites,3.123284477624111e-05
51564,0.1,237,hebbian,1.856311640647361e+29
51564,0.1,237,bounded_hebbian,92.00822448730469
51564,0.1,238,predictive_dendrites,2.9554112188634463e-05
51564,0.1,238,hebbian,2.476249367629721e+29
51564,0.1,238,bounded_hebbian,92.00822448730469
51564,0.1,239,predictive_dendrites,2.7965286790276878e-05
51564,0.1,239,hebbian,3.303449492809318e+29
51564,0.1,239,bounded_hebbian,92.00822448730469
51564,0.1,240,predictive_dendrites,2.6462808818905614e-05
51564,0.1,240,hebbian,4.406906357184855e+29
51564,0.1,240,bounded_hebbian,92.00822448730469
51564,0.1,241,predictive_dendrites,2.5040399123099633e-05
51564,0.1,241,hebbian,5.879045550875079e+29
51564,0.1,241,bounded_hebbian,92.00822448730469
51564,0.1,242,predictive_dendrites,2.369375761190895e-05
51564,0.1,242,hebbian,7.842730960506063e+29
51564,0.1,242,bounded_hebbian,92.00822448730469
51564,0.1,243,predictive_dendrites,2.242027585452888e-05
51564,0.1,243,hebbian,1.0461783368315146e+30
51564,0.1,243,bounded_hebbian,92.00822448730469
51564,0.1,244,predictive_dendrites,2.1214889784459956e-05
51564,0.1,244,hebbian,1.395802026157841e+30
51564,0.1,244,bounded_hebbian,92.00822448730469
51564,0.1,245,predictive_dendrites,2.0074654457857832e-05
51564,0.1,245,hebbian,1.8621005819345858e+30
51564,0.1,245,bounded_hebbian,92.00822448730469
51564,0.1,246,predictive_dendrites,1.8996222934219986e-05
51564,0.1,246,hebbian,2.4841180013370695e+30
51564,0.1,246,bounded_hebbian,92.00822448730469
51564,0.1,247,predictive_dendrites,1.7974954971577972e-05
51564,0.1,247,hebbian,3.313742438353244e+30
51564,0.1,247,bounded_hebbian,92.00822448730469
51564,0.1,248,predictive_dendrites,1.7008384020300582e-05
51564,0.1,248,hebbian,4.420728006080509e+30
51564,0.1,248,bounded_hebbian,92.00822448730469
51564,0.1,249,predictive_dendrites,1.6094563761726022e-05
51564,0.1,249,hebbian,5.897578988152681e+30
51564,0.1,249,bounded_hebbian,92.00822448730469
51564,0.1,250,predictive_dendrites,1.5229539712890983e-05
51564,0.1,250,hebbian,7.865969537073605e+30
51564,0.1,250,bounded_hebbian,92.00822448730469
51564,0.1,251,predictive_dendrites,1.4410958101507276e-05
51564,0.1,251,hebbian,1.0490571065510447e+31
51564,0.1,251,bounded_hebbian,92.00822448730469
51564,0.1,252,predictive_dendrites,1.3636916264658794e-05
51564,0.1,252,hebbian,1.3991334932620984e+31
51564,0.1,252,bounded_hebbian,92.00822448730469
51564,0.1,253,predictive_dendrites,1.2904078175779432e-05
51564,0.1,253,hebbian,1.86668640024613e+31
51564,0.1,253,bounded_hebbian,92.00822448730469
51564,0.1,254,predictive_dendrites,1.221037109644385e-05
51564,0.1,254,hebbian,2.4910158298323357e+31
51564,0.1,254,bounded_hebbian,92.00822448730469
51564,0.1,255,predictive_dendrites,1.155490281234961e-05
51564,0.1,255,hebbian,3.322699007073023e+31
51564,0.1,255,bounded_hebbian,92.00822448730469
51564,0.1,256,predictive_dendrites,1.0933639714494348e-05
51564,0.1,256,hebbian,4.432854378299317e+31
51564,0.1,256,bounded_hebbian,92.00822448730469
51564,0.1,257,predictive_dendrites,1.0346670933358837e-05
51564,0.1,257,hebbian,5.914737272310472e+31
51564,0.1,257,bounded_hebbian,92.00822448730469
51564,0.1,258,predictive_dendrites,9.790793228603434e-06
51564,0.1,258,hebbian,7.888490495274624e+31
51564,0.1,258,bounded_hebbian,92.00822448730469
51564,0.1,259,predictive_dendrites,9.264685104426462e-06
51564,0.1,259,hebbian,1.051964887467931e+32
51564,0.1,259,bounded_hebbian,92.00822448730469
51564,0.1,260,predictive_dendrites,8.76723242981825e-06
51564,0.1,260,hebbian,1.4028102477143252e+32
51564,0.1,260,bounded_hebbian,92.00822448730469
51564,0.1,261,predictive_dendrites,8.296232408611104e-06
51564,0.1,261,hebbian,1.8718336195297868e+32
51564,0.1,261,bounded_hebbian,92.00822448730469
51564,0.1,262,predictive_dendrites,7.850290785427205e-06
51564,0.1,262,hebbian,2.496638398748265e+32
51564,0.1,262,bounded_hebbian,92.00822448730469
51564,0.1,263,predictive_dendrites,7.428843673551455e-06
51564,0.1,263,hebbian,3.329681133965691e+32
51564,0.1,263,bounded_hebbian,92.00822448730469
51564,0.1,264,predictive_dendrites,7.02948318576091e-06
51564,0.1,264,hebbian,4.441232137515181e+32
51564,0.1,264,bounded_hebbian,92.00822448730469
51564,0.1,265,predictive_dendrites,6.6517864070192445e-06
51564,0.1,265,hebbian,5.92537059696354e+32
51564,0.1,265,bounded_hebbian,92.00822448730469
51564,0.1,266,predictive_dendrites,6.294795639405493e-06
51564,0.1,266,hebbian,7.906100966045983e+32
51564,0.1,266,bounded_hebbian,92.00822448730469
51564,0.1,267,predictive_dendrites,5.956710992904846e-06
51564,0.1,267,hebbian,1.054828900434444e+33
51564,0.1,267,bounded_hebbian,92.00822448730469
51564,0.1,268,predictive_dendrites,5.637162303173682e-06
51564,0.1,268,hebbian,1.407479796228136e+33
51564,0.1,268,bounded_hebbian,92.00822448730469
51564,0.1,269,predictive_dendrites,5.334360594133614e-06
51564,0.1,269,hebbian,1.8768483212008007e+33
51564,0.1,269,bounded_hebbian,92.00822448730469
51564,0.1,270,predictive_dendrites,5.047902050137054e-06
51564,0.1,270,hebbian,2.5038553570635414e+33
51564,0.1,270,bounded_hebbian,92.00822448730469
51564,0.1,271,predictive_dendrites,4.777342383022187e-06
51564,0.1,271,hebbian,3.340305135382838e+33
51564,0.1,271,bounded_hebbian,92.00822448730469
51564,0.1,272,predictive_dendrites,4.520721631706692e-06
51564,0.1,272,hebbian,4.4550066963323096e+33
51564,0.1,272,bounded_hebbian,92.00822448730469
51564,0.1,273,predictive_dendrites,4.277846983313793e-06
51564,0.1,273,hebbian,5.943561816355828e+33
51564,0.1,273,bounded_hebbian,92.00822448730469
51564,0.1,274,predictive_dendrites,4.048602932016365e-06
51564,0.1,274,hebbian,7.928181483556697e+33
51564,0.1,274,bounded_hebbian,92.00822448730469
51564,0.1,275,predictive_dendrites,3.831555204669712e-06
51564,0.1,275,hebbian,1.0567987106249549e+34
51564,0.1,275,bounded_hebbian,92.00822448730469
51564,0.1,276,predictive_dendrites,3.6256487874197774e-06
51564,0.1,276,hebbian,1.4086655880432664e+34
51564,0.1,276,bounded_hebbian,92.00822448730469
51564,0.1,277,predictive_dendrites,3.431357072258834e-06
51564,0.1,277,hebbian,1.880392048357259e+34
51564,0.1,277,bounded_hebbian,92.00822448730469
51564,0.1,278,predictive_dendrites,3.246825372116291e-06
51564,0.1,278,hebbian,2.5075309867311856e+34
51564,0.1,278,bounded_hebbian,92.00822448730469
51564,0.1,279,predictive_dendrites,3.0729008813068504e-06
51564,0.1,279,hebbian,3.346339102722323e+34
51564,0.1,279,bounded_hebbian,92.00822448730469
51564,0.1,280,predictive_dendrites,2.9075858947180677e-06
51564,0.1,280,hebbian,4.466592639056983e+34
51564,0.1,280,bounded_hebbian,92.00822448730469
51564,0.1,281,predictive_dendrites,2.7519809009390883e-06
51564,0.1,281,hebbian,5.957536921459321e+34
51564,0.1,281,bounded_hebbian,92.00822448730469
51564,0.1,282,predictive_dendrites,2.604480641821283e-06
51564,0.1,282,hebbian,7.949566650147344e+34
51564,0.1,282,bounded_hebbian,92.00822448730469
51564,0.1,283,predictive_dendrites,2.464583076289273e-06
51564,0.1,283,hebbian,1.061316795627534e+35
51564,0.1,283,bounded_hebbian,92.00822448730469
51564,0.1,284,predictive_dendrites,2.3326924747379962e-06
51564,0.1,284,hebbian,1.4159575995682745e+35
51564,0.1,284,bounded_hebbian,92.00822448730469
51564,0.1,285,predictive_dendrites,2.207286797784036e-06
51564,0.1,285,hebbian,1.892062604283618e+35
51564,0.1,285,bounded_hebbian,92.00822448730469
51564,0.1,286,predictive_dendrites,2.089061126753222e-06
51564,0.1,286,hebbian,2.5266377989559303e+35
51564,0.1,286,bounded_hebbian,92.00822448730469
51564,0.1,287,predictive_dendrites,1.976942940018489e-06
51564,0.1,287,hebbian,3.372383182374418e+35
51564,0.1,287,bounded_hebbian,92.00822448730469
51564,0.1,288,predictive_dendrites,1.8708798279476468e-06
51564,0.1,288,hebbian,4.496498101279618e+35
51564,0.1,288,bounded_hebbian,92.00822448730469
51564,0.1,289,predictive_dendrites,1.7710583506413968e-06
51564,0.1,289,hebbian,5.999398903757389e+35
51564,0.1,289,bounded_hebbian,92.00822448730469
51564,0.1,290,predictive_dendrites,1.6758378933445783e-06
51564,0.1,290,hebbian,8.012973938959541e+35
51564,0.1,290,bounded_hebbian,92.00822448730469
51564,0.1,291,predictive_dendrites,1.5860615576457349e-06
51564,0.1,291,hebbian,1.0671927324933637e+36
51564,0.1,291,bounded_hebbian,92.00822448730469
51564,0.1,292,predictive_dendrites,1.5010135712145711e-06
51564,0.1,292,hebbian,1.4222057305345557e+36
51564,0.1,292,bounded_hebbian,92.00822448730469
51564,0.1,293,predictive_dendrites,1.4207636240826105e-06
51564,0.1,293,hebbian,1.895048277973887e+36
51564,0.1,293,bounded_hebbian,92.00822448730469
51564,0.1,294,predictive_dendrites,1.3445842341752723e-06
51564,0.1,294,hebbian,2.5226250113668266e+36
51564,0.1,294,bounded_hebbian,92.00822448730469
51564,0.1,295,predictive_dendrites,1.2724668749797274e-06
51564,0.1,295,hebbian,3.364907212959572e+36
51564,0.1,295,bounded_hebbian,92.00822448730469
51564,0.1,296,predictive_dendrites,1.2044517916365294e-06
51564,0.1,296,hebbian,4.4801808235253174e+36
51564,0.1,296,bounded_hebbian,92.00822448730469
51564,0.1,297,predictive_dendrites,1.1397290791137493e-06
51564,0.1,297,hebbian,5.964259312206413e+36
51564,0.1,297,bounded_hebbian,92.00822448730469
51564,0.1,298,predictive_dendrites,1.0786887969516101e-06
51564,0.1,298,hebbian,7.943229229041909e+36
51564,0.1,298,bounded_hebbian,92.00822448730469
51564,0.1,299,predictive_dendrites,1.021084585772769e-06
51564,0.1,299,hebbian,1.0587578170907101e+37
51564,0.1,299,bounded_hebbian,92.00822448730469
51564,0.1,300,predictive_dendrites,9.664561275712913e-07
51564,0.1,300,hebbian,1.4111257036982008e+37
51564,0.1,300,bounded_hebbian,92.00822448730469
51564,0.1,301,predictive_dendrites,9.145904300567054e-07
51564,0.1,301,hebbian,1.8804449430592577e+37
51564,0.1,301,bounded_hebbian,92.00822448730469
51564,0.1,302,predictive_dendrites,8.656768386572367e-07
51564,0.1,302,hebbian,2.5019959627065425e+37
51564,0.1,302,bounded_hebbian,92.00822448730469
51564,0.1,303,predictive_dendrites,8.192855034394597e-07
51564,0.1,303,hebbian,3.3335004721310876e+37
51564,0.1,303,bounded_hebbian,92.00822448730469
51564,0.1,304,predictive_dendrites,7.754847501928452e-07
51564,0.1,304,hebbian,4.439511676673615e+37
51564,0.1,304,bounded_hebbian,92.00822448730469
51564,0.1,305,predictive_dendrites,7.33843023681402e-07
51564,0.1,305,hebbian,5.913966288762838e+37
51564,0.1,305,bounded_hebbian,92.00822448730469
51564,0.1,306,predictive_dendrites,6.946270900698437e-07
51564,0.1,306,hebbian,7.907153160610014e+37
51564,0.1,306,bounded_hebbian,92.00822448730469
51564,0.1,307,predictive_dendrites,6.574974804607336e-07
51564,0.1,307,hebbian,inf
51564,0.1,307,bounded_hebbian,92.00822448730469
51564,0.1,308,predictive_dendrites,6.221865760380751e-07
51564,0.1,308,hebbian,inf
51564,0.1,308,bounded_hebbian,92.00822448730469
51564,0.1,309,predictive_dendrites,5.888497867090337e-07
51564,0.1,309,hebbian,inf
51564,0.1,309,bounded_hebbian,92.00822448730469
51564,0.1,310,predictive_dendrites,5.573563726102293e-07
51564,0.1,310,hebbian,inf
51564,0.1,310,bounded_hebbian,92.00822448730469
51564,0.1,311,predictive_dendrites,5.275705348140036e-07
51564,0.1,311,hebbian,inf
51564,0.1,311,bounded_hebbian,92.00822448730469
51564,0.1,312,predictive_dendrites,4.993490847482462e-07
51564,0.1,312,hebbian,inf
51564,0.1,312,bounded_hebbian,92.00822448730469
51564,0.1,313,predictive_dendrites,4.726746851702046e-07
51564,0.1,313,hebbian,inf
51564,0.1,313,bounded_hebbian,92.00822448730469
51564,0.1,314,predictive_dendrites,4.4726550640916685e-07
51564,0.1,314,hebbian,inf
51564,0.1,314,bounded_hebbian,92.00822448730469
51564,0.1,315,predictive_dendrites,4.233880872561713e-07
51564,0.1,315,hebbian,inf
51564,0.1,315,bounded_hebbian,92.00822448730469
51564,0.1,316,predictive_dendrites,4.007317215837247e-07
51564,0.1,316,hebbian,inf
51564,0.1,316,bounded_hebbian,92.00822448730469
51564,0.1,317,predictive_dendrites,3.7942800190648995e-07
51564,0.1,317,hebbian,inf
51564,0.1,317,bounded_hebbian,92.00822448730469
51564,0.1,318,predictive_dendrites,3.5910204587707995e-07
51564,0.1,318,hebbian,inf
51564,0.1,318,bounded_hebbian,92.00822448730469
51564,0.1,319,predictive_dendrites,3.399551076199714e-07
51564,0.1,319,hebbian,inf
51564,0.1,319,bounded_hebbian,92.00822448730469
51564,0.1,320,predictive_dendrites,3.2175447017834813e-07
51564,0.1,320,hebbian,inf
51564,0.1,320,bounded_hebbian,92.00822448730469
51564,0.1,321,predictive_dendrites,3.0452628152488614e-07
51564,0.1,321,hebbian,inf
51564,0.1,321,bounded_hebbian,92.00822448730469
51564,0.1,322,predictive_dendrites,2.8821980890825216e-07
51564,0.1,322,hebbian,inf
51564,0.1,322,bounded_hebbian,92.00822448730469
51564,0.1,323,predictive_dendrites,2.7276507807982853e-07
51564,0.1,323,hebbian,inf
51564,0.1,323,bounded_hebbian,92.00822448730469
51564,0.1,324,predictive_dendrites,2.581596163508948e-07
51564,0.1,324,hebbian,inf
51564,0.1,324,bounded_hebbian,92.00822448730469
51564,0.1,325,predictive_dendrites,2.4441948198727914e-07
51564,0.1,325,hebbian,inf
51564,0.1,325,bounded_hebbian,92.00822448730469
51564,0.1,326,predictive_dendrites,2.3132579940465803e-07
51564,0.1,326,hebbian,inf
51564,0.1,326,bounded_hebbian,92.00822448730469
51564,0.1,327,predictive_dendrites,2.1904138236550352e-07
51564,0.1,327,hebbian,inf
51564,0.1,327,bounded_hebbian,92.00822448730469
51564,0.1,328,predictive_dendrites,2.0730621486109158e-07
51564,0.1,328,hebbian,inf
51564,0.1,328,bounded_hebbian,92.00822448730469
51564,0.1,329,predictive_dendrites,1.9621559488314233e-07
51564,0.1,329,hebbian,inf
51564,0.1,329,bounded_hebbian,92.00822448730469
51564,0.1,330,predictive_dendrites,1.8572772830793838e-07
51564,0.1,330,hebbian,inf
51564,0.1,330,bounded_hebbian,92.00822448730469
51564,0.1,331,predictive_dendrites,1.7584210354470997e-07
51564,0.1,331,hebbian,inf
51564,0.1,331,bounded_hebbian,92.00822448730469
51564,0.1,332,predictive_dendrites,1.664275686152905e-07
51564,0.1,332,hebbian,inf
51564,0.1,332,bounded_hebbian,92.00822448730469
51564,0.1,333,predictive_dendrites,1.57592552341157e-07
51564,0.1,333,hebbian,inf
51564,0.1,333,bounded_hebbian,92.00822448730469
51564,0.1,334,predictive_dendrites,1.491885086579714e-07
51564,0.1,334,hebbian,inf
51564,0.1,334,bounded_hebbian,92.00822448730469
51564,0.1,335,predictive_dendrites,1.4117289026671642e-07
51564,0.1,335,hebbian,inf
51564,0.1,335,bounded_hebbian,92.00822448730469
51564,0.1,336,predictive_dendrites,1.3360561013087136e-07
51564,0.1,336,hebbian,inf
51564,0.1,336,bounded_hebbian,92.00822448730469
51564,0.1,337,predictive_dendrites,1.264921962729204e-07
51564,0.1,337,hebbian,inf
51564,0.1,337,bounded_hebbian,92.00822448730469
51564,0.1,338,predictive_dendrites,1.1973888547345268e-07
51564,0.1,338,hebbian,inf
51564,0.1,338,bounded_hebbian,92.00822448730469
51564,0.1,339,predictive_dendrites,1.1332109295381088e-07
51564,0.1,339,hebbian,inf
51564,0.1,339,bounded_hebbian,92.00822448730469
51564,0.1,340,predictive_dendrites,1.0731321253842907e-07
51564,0.1,340,hebbian,inf
51564,0.1,340,bounded_hebbian,92.00822448730469
51564,0.1,341,predictive_dendrites,1.0154735008427451e-07
51564,0.1,341,hebbian,inf
51564,0.1,341,bounded_hebbian,92.00822448730469
51564,0.1,342,predictive_dendrites,9.61769472951346e-08
51564,0.1,342,hebbian,inf
51564,0.1,342,bounded_hebbian,92.00822448730469
51564,0.1,343,predictive_dendrites,9.100131848072124e-08
51564,0.1,343,hebbian,inf
51564,0.1,343,bounded_hebbian,92.00822448730469
51564,0.1,344,predictive_dendrites,8.6140964583592e-08
51564,0.1,344,hebbian,inf
51564,0.1,344,bounded_hebbian,92.00822448730469
51564,0.1,345,predictive_dendrites,8.15635701201245e-08
51564,0.1,345,hebbian,inf
51564,0.1,345,bounded_hebbian,92.00822448730469
51564,0.1,346,predictive_dendrites,7.723129158421216e-08
51564,0.1,346,hebbian,inf
51564,0.1,346,bounded_hebbian,92.00822448730469
51564,0.1,347,predictive_dendrites,7.30908666923824e-08
51564,0.1,347,hebbian,inf
51564,0.1,347,bounded_hebbian,92.00822448730469
51564,0.1,348,predictive_dendrites,6.923296069771823e-08
51564,0.1,348,hebbian,inf
51564,0.1,348,bounded_hebbian,92.00822448730469
51564,0.1,349,predictive_dendrites,6.555220721793376e-08
51564,0.1,349,hebbian,inf
51564,0.1,349,bounded_hebbian,92.00822448730469
51564,0.1,350,predictive_dendrites,6.204892599726008e-08
51564,0.1,350,hebbian,inf
51564,0.1,350,bounded_hebbian,92.00822448730469
51564,0.1,351,predictive_dendrites,5.8748085507431824e-08
51564,0.1,351,hebbian,inf
51564,0.1,351,bounded_hebbian,92.00822448730469
51564,0.1,352,predictive_dendrites,5.563044425116459e-08
51564,0.1,352,hebbian,inf
51564,0.1,352,bounded_hebbian,92.00822448730469
51564,0.1,353,predictive_dendrites,5.2629566482664814e-08
51564,0.1,353,hebbian,inf
51564,0.1,353,bounded_hebbian,92.00822448730469
51564,0.1,354,predictive_dendrites,4.9825295889149857e-08
51564,0.1,354,hebbian,inf
51564,0.1,354,bounded_hebbian,92.00822448730469
51564,0.1,355,predictive_dendrites,4.718551949167704e-08
51564,0.1,355,hebbian,inf
51564,0.1,355,bounded_hebbian,92.00822448730469
51564,0.1,356,predictive_dendrites,4.465490022198537e-08
51564,0.1,356,hebbian,inf
51564,0.1,356,bounded_hebbian,92.00822448730469
51564,0.1,357,predictive_dendrites,4.228070693557129e-08
51564,0.1,357,hebbian,inf
51564,0.1,357,bounded_hebbian,92.00822448730469
51564,0.1,358,predictive_dendrites,4.00107182940701e-08
51564,0.1,358,hebbian,inf
51564,0.1,358,bounded_hebbian,92.00822448730469
51564,0.1,359,predictive_dendrites,3.7872030844710025e-08
51564,0.1,359,hebbian,inf
51564,0.1,359,bounded_hebbian,92.00822448730469
51564,0.1,360,predictive_dendrites,3.58664138389031e-08
51564,0.1,360,hebbian,inf
51564,0.1,360,bounded_hebbian,92.00822448730469
51564,0.1,361,predictive_dendrites,3.3976782276567974e-08
51564,0.1,361,hebbian,inf
51564,0.1,361,bounded_hebbian,92.00822448730469
51564,0.1,362,predictive_dendrites,3.214188737388213e-08
51564,0.1,362,hebbian,inf
51564,0.1,362,bounded_hebbian,92.00822448730469
51564,0.1,363,predictive_dendrites,3.0443406018321184e-08
51564,0.1,363,hebbian,inf
51564,0.1,363,bounded_hebbian,92.00822448730469
51564,0.1,364,predictive_dendrites,2.883102823147965e-08
51564,0.1,364,hebbian,inf
51564,0.1,364,bounded_hebbian,92.00822448730469
51564,0.1,365,predictive_dendrites,2.7278623804249946e-08
51564,0.1,365,hebbian,inf
51564,0.1,365,bounded_hebbian,92.00822448730469
51564,0.1,366,predictive_dendrites,2.583229274932819e-08
51564,0.1,366,hebbian,inf
51564,0.1,366,bounded_hebbian,92.00822448730469
51564,0.1,367,predictive_dendrites,2.4462231351662922e-08
51564,0.1,367,hebbian,inf
51564,0.1,367,bounded_hebbian,92.00822448730469
51564,0.1,368,predictive_dendrites,2.3141385696590078e-08
51564,0.1,368,hebbian,inf
51564,0.1,368,bounded_hebbian,92.00822448730469
51564,0.1,369,predictive_dendrites,2.1925117721366405e-08
51564,0.1,369,hebbian,inf
51564,0.1,369,bounded_hebbian,92.00822448730469
51564,0.1,370,predictive_dendrites,2.0747485507399688e-08
51564,0.1,370,hebbian,inf
51564,0.1,370,bounded_hebbian,92.00822448730469
51564,0.1,371,predictive_dendrites,1.964233220519418e-08
51564,0.1,371,hebbian,inf
51564,0.1,371,bounded_hebbian,92.00822448730469
51564,0.1,372,predictive_dendrites,1.8608879770454223e-08
51564,0.1,372,hebbian,inf
51564,0.1,372,bounded_hebbian,92.00822448730469
51564,0.1,373,predictive_dendrites,1.7603415614075857e-08
51564,0.1,373,hebbian,inf
51564,0.1,373,bounded_hebbian,92.00822448730469
51564,0.1,374,predictive_dendrites,1.6679713610301405e-08
51564,0.1,374,hebbian,inf
51564,0.1,374,bounded_hebbian,92.00822448730469
51564,0.1,375,predictive_dendrites,1.578889907705161e-08
51564,0.1,375,hebbian,inf
51564,0.1,375,bounded_hebbian,92.00822448730469
51564,0.1,376,predictive_dendrites,1.4946383686265108e-08
51564,0.1,376,hebbian,inf
51564,0.1,376,bounded_hebbian,92.00822448730469
51564,0.1,377,predictive_dendrites,1.4157155447946934e-08
51564,0.1,377,hebbian,inf
51564,0.1,377,bounded_hebbian,92.00822448730469
51564,0.1,378,predictive_dendrites,1.3411871613300264e-08
51564,0.1,378,hebbian,inf
51564,0.1,378,bounded_hebbian,92.00822448730469
51564,0.1,379,predictive_dendrites,1.2693388562468044e-08
51564,0.1,379,hebbian,inf
51564,0.1,379,bounded_hebbian,92.00822448730469
51564,0.1,380,predictive_dendrites,1.201407329176618e-08
51564,0.1,380,hebbian,inf
51564,0.1,380,bounded_hebbian,92.00822448730469
51564,0.1,381,predictive_dendrites,1.1370460129001003e-08
51564,0.1,381,hebbian,inf
51564,0.1,381,bounded_hebbian,92.00822448730469
51564,0.1,382,predictive_dendrites,1.0764748203939689e-08
51564,0.1,382,hebbian,inf
51564,0.1,382,bounded_hebbian,92.00822448730469
51564,0.1,383,predictive_dendrites,1.0189271648641807e-08
51564,0.1,383,hebbian,inf
51564,0.1,383,bounded_hebbian,92.00822448730469
51564,0.1,384,predictive_dendrites,9.658581490157303e-09
51564,0.1,384,hebbian,inf
51564,0.1,384,bounded_hebbian,92.00822448730469
51564,0.1,385,predictive_dendrites,9.139701440119552e-09
51564,0.1,385,hebbian,inf
51564,0.1,385,bounded_hebbian,92.00822448730469
51564,0.1,386,predictive_dendrites,8.653934457925061e-09
51564,0.1,386,hebbian,inf
51564,0.1,386,bounded_hebbian,92.00822448730469
51564,0.1,387,predictive_dendrites,8.208168367218605e-09
51564,0.1,387,hebbian,inf
51564,0.1,387,bounded_hebbian,92.00822448730469
51564,0.1,388,predictive_dendrites,7.766747245341321e-09
51564,0.1,388,hebbian,inf
51564,0.1,388,bounded_hebbian,92.00822448730469
51564,0.1,389,predictive_dendrites,7.365049015106706e-09
51564,0.1,389,hebbian,inf
51564,0.1,389,bounded_hebbian,92.00822448730469
51564,0.1,390,predictive_dendrites,6.966250687412412e-09
51564,0.1,390,hebbian,inf
51564,0.1,390,bounded_hebbian,92.00822448730469
51564,0.1,391,predictive_dendrites,6.597070445479858e-09
51564,0.1,391,hebbian,inf
51564,0.1,391,bounded_hebbian,92.00822448730469
51564,0.1,392,predictive_dendrites,6.250491679793413e-09
51564,0.1,392,hebbian,inf
51564,0.1,392,bounded_hebbian,92.00822448730469
51564,0.1,393,predictive_dendrites,5.9159335208391894e-09
51564,0.1,393,hebbian,inf
51564,0.1,393,bounded_hebbian,92.00822448730469
51564,0.1,394,predictive_dendrites,5.596207053315538e-09
51564,0.1,394,hebbian,inf
51564,0.1,394,bounded_hebbian,92.00822448730469
51564,0.1,395,predictive_dendrites,5.300219818593632e-09
51564,0.1,395,hebbian,inf
51564,0.1,395,bounded_hebbian,92.00822448730469
51564,0.1,396,predictive_dendrites,5.022919857822217e-09
51564,0.1,396,hebbian,inf
51564,0.1,396,bounded_hebbian,92.00822448730469
51564,0.1,397,predictive_dendrites,4.7479176146225655e-09
51564,0.1,397,hebbian,inf
51564,0.1,397,bounded_hebbian,92.00822448730469
51564,0.1,398,predictive_dendrites,4.48963266563851e-09
51564,0.1,398,hebbian,inf
51564,0.1,398,bounded_hebbian,92.00822448730469
51564,0.1,399,predictive_dendrites,4.253476681981283e-09
51564,0.1,399,hebbian,inf
51564,0.1,399,bounded_hebbian,92.00822448730469
51564,0.1,400,predictive_dendrites,4.028927413912697e-09
51564,0.1,400,hebbian,inf
51564,0.1,400,bounded_hebbian,92.00822448730469
51564,0.1,401,predictive_dendrites,3.8136436231184234e-09
51564,0.1,401,hebbian,inf
51564,0.1,401,bounded_hebbian,92.00822448730469
51564,0.1,402,predictive_dendrites,3.615388211031245e-09
51564,0.1,402,hebbian,inf
51564,0.1,402,bounded_hebbian,92.00822448730469
51564,0.1,403,predictive_dendrites,3.419860172826361e-09
51564,0.1,403,hebbian,inf
51564,0.1,403,bounded_hebbian,92.00822448730469
51564,0.1,404,predictive_dendrites,3.245716806432597e-09
51564,0.1,404,hebbian,inf
51564,0.1,404,bounded_hebbian,92.00822448730469
51564,0.1,405,predictive_dendrites,3.066718656796752e-09
51564,0.1,405,hebbian,inf
51564,0.1,405,bounded_hebbian,92.00822448730469
51564,0.1,406,predictive_dendrites,2.9023443648412695e-09
51564,0.1,406,hebbian,inf
51564,0.1,406,bounded_hebbian,92.00822448730469
51564,0.1,407,predictive_dendrites,2.750614180868638e-09
51564,0.1,407,hebbian,inf
51564,0.1,407,bounded_hebbian,92.00822448730469
51564,0.1,408,predictive_dendrites,2.6075108738865538e-09
51564,0.1,408,hebbian,inf
51564,0.1,408,bounded_hebbian,92.00822448730469
51564,0.1,409,predictive_dendrites,2.468230286822859e-09
51564,0.1,409,hebbian,inf
51564,0.1,409,bounded_hebbian,92.00822448730469
51564,0.1,410,predictive_dendrites,2.3356296896537287e-09
51564,0.1,410,hebbian,inf
51564,0.1,410,bounded_hebbian,92.00822448730469
51564,0.1,411,predictive_dendrites,2.2139963196110557e-09
51564,0.1,411,hebbian,inf
51564,0.1,411,bounded_hebbian,92.00822448730469
51564,0.1,412,predictive_dendrites,2.096297579967654e-09
51564,0.1,412,hebbian,inf
51564,0.1,412,bounded_hebbian,92.00822448730469
51564,0.1,413,predictive_dendrites,1.984773456698008e-09
51564,0.1,413,hebbian,inf
51564,0.1,413,bounded_hebbian,92.00822448730469
51564,0.1,414,predictive_dendrites,1.8750772046161046e-09
51564,0.1,414,hebbian,inf
51564,0.1,414,bounded_hebbian,92.00822448730469
51564,0.1,415,predictive_dendrites,1.7796716322848738e-09
51564,0.1,415,hebbian,inf
51564,0.1,415,bounded_hebbian,92.00822448730469
51564,0.1,416,predictive_dendrites,1.6846125605596285e-09
51564,0.1,416,hebbian,inf
51564,0.1,416,bounded_hebbian,92.00822448730469
51564,0.1,417,predictive_dendrites,1.5948008469379715e-09
51564,0.1,417,hebbian,inf
51564,0.1,417,bounded_hebbian,92.00822448730469
51564,0.1,418,predictive_dendrites,1.5146223164563821e-09
51564,0.1,418,hebbian,inf
51564,0.1,418,bounded_hebbian,92.00822448730469
51564,0.1,419,predictive_dendrites,1.4295268302433328e-09
51564,0.1,419,hebbian,inf
51564,0.1,419,bounded_hebbian,92.00822448730469
51564,0.1,420,predictive_dendrites,1.3534170451023897e-09
51564,0.1,420,hebbian,inf
51564,0.1,420,bounded_hebbian,92.00822448730469
51564,0.1,421,predictive_dendrites,1.2815074557082085e-09
51564,0.1,421,hebbian,inf
51564,0.1,421,bounded_hebbian,92.00822448730469
51564,0.1,422,predictive_dendrites,1.2115607406215645e-09
51564,0.1,422,hebbian,inf
51564,0.1,422,bounded_hebbian,92.00822448730469
51564,0.1,423,predictive_dendrites,1.1515989273291893e-09
51564,0.1,423,hebbian,inf
51564,0.1,423,bounded_hebbian,92.00822448730469
51564,0.1,424,predictive_dendrites,1.091661094854146e-09
51564,0.1,424,hebbian,inf
51564,0.1,424,bounded_hebbian,92.00822448730469
51564,0.1,425,predictive_dendrites,1.0286324014785464e-09
51564,0.1,425,hebbian,inf
51564,0.1,425,bounded_hebbian,92.00822448730469
51564,0.1,426,predictive_dendrites,9.738735373687746e-10
51564,0.1,426,hebbian,inf
51564,0.1,426,bounded_hebbian,92.00822448730469
51564,0.1,427,predictive_dendrites,9.255886612713482e-10
51564,0.1,427,hebbian,inf
51564,0.1,427,bounded_hebbian,92.00822448730469
51564,0.1,428,predictive_dendrites,8.752298330527708e-10
51564,0.1,428,hebbian,inf
51564,0.1,428,bounded_hebbian,92.00822448730469
51564,0.1,429,predictive_dendrites,8.245787941341121e-10
51564,0.1,429,hebbian,inf
51564,0.1,429,bounded_hebbian,92.00822448730469
51564,0.1,430,predictive_dendrites,7.818529712544375e-10
51564,0.1,430,hebbian,inf
51564,0.1,430,bounded_hebbian,92.00822448730469
51564,0.1,431,predictive_dendrites,7.402657931088186e-10
51564,0.1,431,hebbian,inf
51564,0.1,431,bounded_hebbian,92.00822448730469
51564,0.1,432,predictive_dendrites,7.00176083778814e-10
51564,0.1,432,hebbian,inf
51564,0.1,432,bounded_hebbian,92.00822448730469
51564,0.1,433,predictive_dendrites,6.654269912864663e-10
51564,0.1,433,hebbian,inf
51564,0.1,433,bounded_hebbian,92.00822448730469
51564,0.1,434,predictive_dendrites,6.285924558646627e-10
51564,0.1,434,hebbian,inf
51564,0.1,434,bounded_hebbian,92.00822448730469
51564,0.1,435,predictive_dendrites,5.956978799126489e-10
51564,0.1,435,hebbian,inf
51564,0.1,435,bounded_hebbian,92.00822448730469
51564,0.1,436,predictive_dendrites,5.650992451755599e-10
51564,0.1,436,hebbian,inf
51564,0.1,436,bounded_hebbian,92.00822448730469
51564,0.1,437,predictive_dendrites,5.325732632677216e-10
51564,0.1,437,hebbian,inf
51564,0.1,437,bounded_hebbian,92.00822448730469
51564,0.1,438,predictive_dendrites,5.079529574736341e-10
51564,0.1,438,hebbian,inf
51564,0.1,438,bounded_hebbian,92.00822448730469
51564,0.1,439,predictive_dendrites,4.797381936150202e-10
51564,0.1,439,hebbian,inf
51564,0.1,439,bounded_hebbian,92.00822448730469
51564,0.1,440,predictive_dendrites,4.5359729861083053e-10
51564,0.1,440,hebbian,inf
51564,0.1,440,bounded_hebbian,92.00822448730469
51564,0.1,441,predictive_dendrites,4.270905018533e-10
51564,0.1,441,hebbian,inf
51564,0.1,441,bounded_hebbian,92.00822448730469
51564,0.1,442,predictive_dendrites,4.0603445605746913e-10
51564,0.1,442,hebbian,inf
51564,0.1,442,bounded_hebbian,92.00822448730469
51564,0.1,443,predictive_dendrites,3.8562944504327845e-10
51564,0.1,443,hebbian,inf
51564,0.1,443,bounded_hebbian,92.00822448730469
51564,0.1,444,predictive_dendrites,3.645156676501671e-10
51564,0.1,444,hebbian,inf
51564,0.1,444,bounded_hebbian,92.00822448730469
51564,0.1,445,predictive_dendrites,3.4290539852044333e-10
51564,0.1,445,hebbian,inf
51564,0.1,445,bounded_hebbian,92.00822448730469
51564,0.1,446,predictive_dendrites,3.255397340584665e-10
51564,0.1,446,hebbian,inf
51564,0.1,446,bounded_hebbian,92.00822448730469
51564,0.1,447,predictive_dendrites,3.0758698366106785e-10
51564,0.1,447,hebbian,inf
51564,0.1,447,bounded_hebbian,92.00822448730469
51564,0.1,448,predictive_dendrites,2.9420479941144606e-10
51564,0.1,448,hebbian,inf
51564,0.1,448,bounded_hebbian,92.00822448730469
51564,0.1,449,predictive_dendrites,2.780514984923599e-10
51564,0.1,449,hebbian,inf
51564,0.1,449,bounded_hebbian,92.00822448730469
51564,0.1,450,predictive_dendrites,2.6139460040930373e-10
51564,0.1,450,hebbian,inf
51564,0.1,450,bounded_hebbian,92.00822448730469
51564,0.1,451,predictive_dendrites,2.490746775496433e-10
51564,0.1,451,hebbian,inf
51564,0.1,451,bounded_hebbian,92.00822448730469
51564,0.1,452,predictive_dendrites,2.343238103552636e-10
51564,0.1,452,hebbian,inf
51564,0.1,452,bounded_hebbian,92.00822448730469
51564,0.1,453,predictive_dendrites,2.2267358790184488e-10
51564,0.1,453,hebbian,inf
51564,0.1,453,bounded_hebbian,92.00822448730469
51564,0.1,454,predictive_dendrites,2.121859771220258e-10
51564,0.1,454,hebbian,inf
51564,0.1,454,bounded_hebbian,92.00822448730469
51564,0.1,455,predictive_dendrites,1.986004000142927e-10
51564,0.1,455,hebbian,inf
51564,0.1,455,bounded_hebbian,92.00822448730469
51564,0.1,456,predictive_dendrites,1.887096451325121e-10
51564,0.1,456,hebbian,inf
51564,0.1,456,bounded_hebbian,92.00822448730469
51564,0.1,457,predictive_dendrites,1.8066274865002896e-10
51564,0.1,457,hebbian,inf
51564,0.1,457,bounded_hebbian,92.00822448730469
51564,0.1,458,predictive_dendrites,1.7124095197385003e-10
51564,0.1,458,hebbian,inf
51564,0.1,458,bounded_hebbian,92.00822448730469
51564,0.1,459,predictive_dendrites,1.6207495068254474e-10
51564,0.1,459,hebbian,inf
51564,0.1,459,bounded_hebbian,92.00822448730469
51564,0.1,460,predictive_dendrites,1.5307326239888397e-10
51564,0.1,460,hebbian,inf
51564,0.1,460,bounded_hebbian,92.00822448730469
51564,0.1,461,predictive_dendrites,1.4655847369038355e-10
51564,0.1,461,hebbian,inf
51564,0.1,461,bounded_hebbian,92.00822448730469
51564,0.1,462,predictive_dendrites,1.3740224236169496e-10
51564,0.1,462,hebbian,inf
51564,0.1,462,bounded_hebbian,92.00822448730469
51564,0.1,463,predictive_dendrites,1.298891411094516e-10
51564,0.1,463,hebbian,inf
51564,0.1,463,bounded_hebbian,92.00822448730469
51564,0.1,464,predictive_dendrites,1.2390193038225306e-10
51564,0.1,464,hebbian,inf
51564,0.1,464,bounded_hebbian,92.00822448730469
51564,0.1,465,predictive_dendrites,1.1677962763467775e-10
51564,0.1,465,hebbian,inf
51564,0.1,465,bounded_hebbian,92.00822448730469
51564,0.1,466,predictive_dendrites,1.1173477421078104e-10
51564,0.1,466,hebbian,inf
51564,0.1,466,bounded_hebbian,92.00822448730469
51564,0.1,467,predictive_dendrites,1.0558857954645617e-10
51564,0.1,467,hebbian,inf
51564,0.1,467,bounded_hebbian,92.00822448730469
51564,0.1,468,predictive_dendrites,1.0070981548704339e-10
51564,0.1,468,hebbian,inf
51564,0.1,468,bounded_hebbian,92.00822448730469
51564,0.1,469,predictive_dendrites,9.488336505381056e-11
51564,0.1,469,hebbian,inf
51564,0.1,469,bounded_hebbian,92.00822448730469
51564,0.1,470,predictive_dendrites,9.01760194293999e-11
51564,0.1,470,hebbian,inf
51564,0.1,470,bounded_hebbian,92.00822448730469
51564,0.1,471,predictive_dendrites,8.52119902416959e-11
51564,0.1,471,hebbian,inf
51564,0.1,471,bounded_hebbian,92.00822448730469
51564,0.1,472,predictive_dendrites,8.09203121177049e-11
51564,0.1,472,hebbian,inf
51564,0.1,472,bounded_hebbian,92.00822448730469
51564,0.1,473,predictive_dendrites,7.674232083143551e-11
51564,0.1,473,hebbian,inf
51564,0.1,473,bounded_hebbian,92.00822448730469
51564,0.1,474,predictive_dendrites,7.267801638288773e-11
51564,0.1,474,hebbian,inf
51564,0.1,474,bounded_hebbian,92.00822448730469
51564,0.1,475,predictive_dendrites,6.872739877206158e-11
51564,0.1,475,hebbian,inf
51564,0.1,475,bounded_hebbian,92.00822448730469
51564,0.1,476,predictive_dendrites,6.631599436257574e-11
51564,0.1,476,hebbian,inf
51564,0.1,476,bounded_hebbian,92.00822448730469
51564,0.1,477,predictive_dendrites,6.301463517655037e-11
51564,0.1,477,hebbian,inf
51564,0.1,477,bounded_hebbian,92.00822448730469
51564,0.1,478,predictive_dendrites,5.934823466002825e-11
51564,0.1,478,hebbian,inf
51564,0.1,478,bounded_hebbian,92.00822448730469
51564,0.1,479,predictive_dendrites,5.6233392942139915e-11
51564,0.1,479,hebbian,inf
51564,0.1,479,bounded_hebbian,92.00822448730469
51564,0.1,480,predictive_dendrites,5.363280652925795e-11
51564,0.1,480,hebbian,inf
51564,0.1,480,bounded_hebbian,92.00822448730469
51564,0.1,481,predictive_dendrites,5.0264833961755073e-11
51564,0.1,481,hebbian,inf
51564,0.1,481,bounded_hebbian,92.00822448730469
51564,0.1,482,predictive_dendrites,4.8217582704346285e-11
51564,0.1,482,hebbian,inf
51564,0.1,482,bounded_hebbian,92.00822448730469
51564,0.1,483,predictive_dendrites,4.542603793122879e-11
51564,0.1,483,hebbian,inf
51564,0.1,483,bounded_hebbian,92.00822448730469
51564,0.1,484,predictive_dendrites,4.3102563185293263e-11
51564,0.1,484,hebbian,inf
51564,0.1,484,bounded_hebbian,92.00822448730469
51564,0.1,485,predictive_dendrites,4.010407284038564e-11
51564,0.1,485,hebbian,inf
51564,0.1,485,bounded_hebbian,92.00822448730469
51564,0.1,486,predictive_dendrites,3.7573652522659984e-11
51564,0.1,486,hebbian,inf
51564,0.1,486,bounded_hebbian,92.00822448730469
51564,0.1,487,predictive_dendrites,3.6082400955983474e-11
51564,0.1,487,hebbian,inf
51564,0.1,487,bounded_hebbian,92.00822448730469
51564,0.1,488,predictive_dendrites,3.436377571386373e-11
51564,0.1,488,hebbian,inf
51564,0.1,488,bounded_hebbian,92.00822448730469
51564,0.1,489,predictive_dendrites,3.302084994327714e-11
51564,0.1,489,hebbian,inf
51564,0.1,489,bounded_hebbian,92.00822448730469
51564,0.1,490,predictive_dendrites,3.1706345882120957e-11
51564,0.1,490,hebbian,inf
51564,0.1,490,bounded_hebbian,92.00822448730469
51564,0.1,491,predictive_dendrites,3.0420263530395175e-11
51564,0.1,491,hebbian,inf
51564,0.1,491,bounded_hebbian,92.00822448730469
51564,0.1,492,predictive_dendrites,2.885263035434793e-11
51564,0.1,492,hebbian,inf
51564,0.1,492,bounded_hebbian,92.00822448730469
51564,0.1,493,predictive_dendrites,2.7329404364562215e-11
51564,0.1,493,hebbian,inf
51564,0.1,493,bounded_hebbian,92.00822448730469
51564,0.1,494,predictive_dendrites,2.6060197402810736e-11
51564,0.1,494,hebbian,inf
51564,0.1,494,bounded_hebbian,92.00822448730469
51564,0.1,495,predictive_dendrites,2.4902012743521773e-11
51564,0.1,495,hebbian,inf
51564,0.1,495,bounded_hebbian,92.00822448730469
51564,0.1,496,predictive_dendrites,2.3772249793663214e-11
51564,0.1,496,hebbian,inf
51564,0.1,496,bounded_hebbian,92.00822448730469
51564,0.1,497,predictive_dendrites,2.267090855323506e-11
51564,0.1,497,hebbian,inf
51564,0.1,497,bounded_hebbian,92.00822448730469
51564,0.1,498,predictive_dendrites,2.0811951120802696e-11
51564,0.1,498,hebbian,inf
51564,0.1,498,bounded_hebbian,92.00822448730469
51564,0.1,499,predictive_dendrites,2.0041900430922688e-11
51564,0.1,499,hebbian,inf
51564,0.1,499,bounded_hebbian,92.00822448730469
51564,0.1,500,predictive_dendrites,1.928783695259728e-11
51564,0.1,500,hebbian,inf
51564,0.1,500,bounded_hebbian,92.00822448730469
28278,0.1,1,predictive_dendrites,0.5555699467658997
28278,0.1,1,hebbian,0.4986732304096222
28278,0.1,1,bounded_hebbian,0.4995979070663452
28278,0.1,2,predictive_dendrites,0.32630008459091187
28278,0.1,2,hebbian,0.3668275475502014
28278,0.1,2,bounded_hebbian,0.3950965404510498
28278,0.1,3,predictive_dendrites,0.3473055064678192
28278,0.1,3,hebbian,0.24662244319915771
28278,0.1,3,bounded_hebbian,0.29231172800064087
28278,0.1,4,predictive_dendrites,0.35996150970458984
28278,0.1,4,hebbian,0.15344208478927612
28278,0.1,4,bounded_hebbian,0.1999020278453827
28278,0.1,5,predictive_dendrites,0.3652607798576355
28278,0.1,5,hebbian,0.10939016938209534
28278,0.1,5,bounded_hebbian,0.13066938519477844
28278,0.1,6,predictive_dendrites,0.3655892014503479
28278,0.1,6,hebbian,0.1456701159477234
28278,0.1,6,bounded_hebbian,0.10518588870763779
28278,0.1,7,predictive_dendrites,0.36120161414146423
28278,0.1,7,hebbian,0.3057493567466736
28278,0.1,7,bounded_hebbian,0.1456671953201294
28278,0.1,8,predictive_dendrites,0.354901522397995
28278,0.1,8,hebbian,0.649558961391449
28278,0.1,8,bounded_hebbian,0.2927512526512146
28278,0.1,9,predictive_dendrites,0.3482697904109955
28278,0.1,9,hebbian,1.2590603828430176
28278,0.1,9,bounded_hebbian,0.5744370818138123
28278,0.1,10,predictive_dendrites,0.34146183729171753
28278,0.1,10,hebbian,2.2456178665161133
28278,0.1,10,bounded_hebbian,0.9911307692527771
28278,0.1,11,predictive_dendrites,0.3341221809387207
28278,0.1,11,hebbian,3.759748935699463
28278,0.1,11,bounded_hebbian,1.5554691553115845
28278,0.1,12,predictive_dendrites,0.32658830285072327
28278,0.1,12,hebbian,6.004018783569336
28278,0.1,12,bounded_hebbian,2.272331476211548
28278,0.1,13,predictive_dendrites,0.31908997893333435
28278,0.1,13,hebbian,9.25008773803711
28278,0.1,13,bounded_hebbian,3.1272034645080566
28278,0.1,14,predictive_dendrites,0.3117632269859314
28278,0.1,14,hebbian,13.861207962036133
28278,0.1,14,bounded_hebbian,4.17819356918335
28278,0.1,15,predictive_dendrites,0.30469197034835815
28278,0.1,15,hebbian,20.321969985961914
28278,0.1,15,bounded_hebbian,5.508276462554932
28278,0.1,16,predictive_dendrites,0.2979288101196289
28278,0.1,16,hebbian,29.277544021606445
28278,0.1,16,bounded_hebbian,7.111113548278809
28278,0.1,17,predictive_dendrites,0.291506290435791
28278,0.1,17,hebbian,41.585533142089844
28278,0.1,17,bounded_hebbian,8.962059020996094
28278,0.1,18,predictive_dendrites,0.28544288873672485
28278,0.1,18,hebbian,58.38439178466797
28278,0.1,18,bounded_hebbian,11.097881317138672
28278,0.1,19,predictive_dendrites,0.2797577977180481
28278,0.1,19,hebbian,81.1838150024414
28278,0.1,19,bounded_hebbian,13.488540649414062
28278,0.1,20,predictive_dendrites,0.2744133174419403
28278,0.1,20,hebbian,111.98401641845703
28278,0.1,20,bounded_hebbian,16.251264572143555
28278,0.1,21,predictive_dendrites,0.2694016396999359
28278,0.1,21,hebbian,153.43345642089844
28278,0.1,21,bounded_hebbian,19.355318069458008
28278,0.1,22,predictive_dendrites,0.26474475860595703
28278,0.1,22,hebbian,209.03671264648438
28278,0.1,22,bounded_hebbian,22.86514663696289
28278,0.1,23,predictive_dendrites,0.2604285478591919
28278,0.1,23,hebbian,283.42999267578125
28278,0.1,23,bounded_hebbian,26.238367080688477
28278,0.1,24,predictive_dendrites,0.2564360797405243
28278,0.1,24,hebbian,382.7440185546875
28278,0.1,24,bounded_hebbian,29.615358352661133
28278,0.1,25,predictive_dendrites,0.25274860858917236
28278,0.1,25,hebbian,515.0845947265625
28278,0.1,25,bounded_hebbian,33.03252410888672
28278,0.1,26,predictive_dendrites,0.2493458390235901
28278,0.1,26,hebbian,691.1678466796875
28278,0.1,26,bounded_hebbian,36.74831771850586
28278,0.1,27,predictive_dendrites,0.24620726704597473
28278,0.1,27,hebbian,925.159423828125
28278,0.1,27,bounded_hebbian,40.74773406982422
28278,0.1,28,predictive_dendrites,0.2433180809020996
28278,0.1,28,hebbian,1235.7855224609375
28278,0.1,28,bounded_hebbian,44.81426239013672
28278,0.1,29,predictive_dendrites,0.2406449317932129
28278,0.1,29,hebbian,1647.802978515625
28278,0.1,29,bounded_hebbian,48.46559143066406
28278,0.1,30,predictive_dendrites,0.23816540837287903
28278,0.1,30,hebbian,2193.942626953125
28278,0.1,30,bounded_hebbian,51.77535629272461
28278,0.1,31,predictive_dendrites,0.2358568012714386
28278,0.1,31,hebbian,2917.4853515625
28278,0.1,31,bounded_hebbian,54.919918060302734
28278,0.1,32,predictive_dendrites,0.23370423913002014
28278,0.1,32,hebbian,3875.669921875
28278,0.1,32,bounded_hebbian,57.70100021362305
28278,0.1,33,predictive_dendrites,0.23172593116760254
28278,0.1,33,hebbian,5144.20947265625
28278,0.1,33,bounded_hebbian,60.586971282958984
28278,0.1,34,predictive_dendrites,0.22985190153121948
28278,0.1,34,hebbian,6823.27099609375
28278,0.1,34,bounded_hebbian,63.08665084838867
28278,0.1,35,predictive_dendrites,0.2283250391483307
28278,0.1,35,hebbian,9045.40234375
28278,0.1,35,bounded_hebbian,65.73580932617188
28278,0.1,36,predictive_dendrites,0.226861372590065
28278,0.1,36,hebbian,11986.04296875
28278,0.1,36,bounded_hebbian,68.54042053222656
28278,0.1,37,predictive_dendrites,0.22542017698287964
28278,0.1,37,hebbian,15877.4482421875
28278,0.1,37,bounded_hebbian,71.29225158691406
28278,0.1,38,predictive_dendrites,0.2239859402179718
28278,0.1,38,hebbian,21027.1640625
28278,0.1,38,bounded_hebbian,74.17857360839844
28278,0.1,39,predictive_dendrites,0.2225441187620163
28278,0.1,39,hebbian,27842.53125
28278,0.1,39,bounded_hebbian,77.29058837890625
28278,0.1,40,predictive_dendrites,0.22119759023189545
28278,0.1,40,hebbian,36863.203125
28278,0.1,40,bounded_hebbian,79.94084167480469
28278,0.1,41,predictive_dendrites,0.21985623240470886
28278,0.1,41,hebbian,48804.2578125
28278,0.1,41,bounded_hebbian,82.18814086914062
28278,0.1,42,predictive_dendrites,0.2184571623802185
28278,0.1,42,hebbian,64613.515625
28278,0.1,42,bounded_hebbian,84.32193756103516
28278,0.1,43,predictive_dendrites,0.21699258685112
28278,0.1,43,hebbian,85547.5078125
28278,0.1,43,bounded_hebbian,86.40601348876953
28278,0.1,44,predictive_dendrites,0.2154543548822403
28278,0.1,44,hebbian,113272.4609375
28278,0.1,44,bounded_hebbian,88.58843994140625
28278,0.1,45,predictive_dendrites,0.21383731067180634
28278,0.1,45,hebbian,149998.375
28278,0.1,45,bounded_hebbian,90.49938201904297
28278,0.1,46,predictive_dendrites,0.21213799715042114
28278,0.1,46,hebbian,198657.09375
28278,0.1,46,bounded_hebbian,92.63862609863281
28278,0.1,47,predictive_dendrites,0.21035344898700714
28278,0.1,47,hebbian,263138.9375
28278,0.1,47,bounded_hebbian,94.28218078613281
28278,0.1,48,predictive_dendrites,0.20848187804222107
28278,0.1,48,hebbian,348607.25
28278,0.1,48,bounded_hebbian,95.8599853515625
28278,0.1,49,predictive_dendrites,0.20652221143245697
28278,0.1,49,hebbian,461916.125
28278,0.1,49,bounded_hebbian,97.47781372070312
28278,0.1,50,predictive_dendrites,0.20447443425655365
28278,0.1,50,hebbian,612165.875
28278,0.1,50,bounded_hebbian,98.93853759765625
28278,0.1,51,predictive_dendrites,0.20233938097953796
28278,0.1,51,hebbian,811442.1875
28278,0.1,51,bounded_hebbian,100.46281433105469
28278,0.1,52,predictive_dendrites,0.20012840628623962
28278,0.1,52,hebbian,1075797.25
28278,0.1,52,bounded_hebbian,102.13245391845703
28278,0.1,53,predictive_dendrites,0.19785423576831818
28278,0.1,53,hebbian,1426556.5
28278,0.1,53,bounded_hebbian,103.9194107055664
28278,0.1,54,predictive_dendrites,0.19549530744552612
28278,0.1,54,hebbian,1892054.75
28278,0.1,54,bounded_hebbian,105.40925598144531
28278,0.1,55,predictive_dendrites,0.19305478036403656
28278,0.1,55,hebbian,2509948.25
28278,0.1,55,bounded_hebbian,106.951416015625
28278,0.1,56,predictive_dendrites,0.19053669273853302
28278,0.1,56,hebbian,3330286.75
28278,0.1,56,bounded_hebbian,108.505859375
28278,0.1,57,predictive_dendrites,0.1879451870918274
28278,0.1,57,hebbian,4419605.0
28278,0.1,57,bounded_hebbian,109.9135513305664
28278,0.1,58,predictive_dendrites,0.18528400361537933
28278,0.1,58,hebbian,5866364.0
28278,0.1,58,bounded_hebbian,111.08026123046875
28278,0.1,59,predictive_dendrites,0.1825575977563858
28278,0.1,59,hebbian,7788198.0
28278,0.1,59,bounded_hebbian,112.24742889404297
28278,0.1,60,predictive_dendrites,0.17977064847946167
28278,0.1,60,hebbian,10341545.0
28278,0.1,60,bounded_hebbian,113.05712890625
28278,0.1,61,predictive_dendrites,0.17692795395851135
28278,0.1,61,hebbian,13734495.0
28278,0.1,61,bounded_hebbian,113.70391845703125
28278,0.1,62,predictive_dendrites,0.1740344613790512
28278,0.1,62,hebbian,18243854.0
28278,0.1,62,bounded_hebbian,114.41800689697266
28278,0.1,63,predictive_dendrites,0.17109501361846924
28278,0.1,63,hebbian,24237908.0
28278,0.1,63,bounded_hebbian,115.2085952758789
28278,0.1,64,predictive_dendrites,0.168114572763443
28278,0.1,64,hebbian,32206688.0
28278,0.1,64,bounded_hebbian,116.0851821899414
28278,0.1,65,predictive_dendrites,0.165098175406456
28278,0.1,65,hebbian,42802300.0
28278,0.1,65,bounded_hebbian,117.05870056152344
28278,0.1,66,predictive_dendrites,0.16205063462257385
28278,0.1,66,hebbian,56892636.0
28278,0.1,66,bounded_hebbian,118.14165496826172
28278,0.1,67,predictive_dendrites,0.15897683799266815
28278,0.1,67,hebbian,75632864.0
28278,0.1,67,bounded_hebbian,119.168212890625
28278,0.1,68,predictive_dendrites,0.15588153898715973
28278,0.1,68,hebbian,100560736.0
28278,0.1,68,bounded_hebbian,120.18373107910156
28278,0.1,69,predictive_dendrites,0.1527692973613739
28278,0.1,69,hebbian,133723336.0
28278,0.1,69,bounded_hebbian,120.97994232177734
28278,0.1,70,predictive_dendrites,0.14964483678340912
28278,0.1,70,hebbian,177846304.0
28278,0.1,70,bounded_hebbian,121.47531127929688
28278,0.1,71,predictive_dendrites,0.14651237428188324
28278,0.1,71,hebbian,236558736.0
28278,0.1,71,bounded_hebbian,121.78785705566406
28278,0.1,72,predictive_dendrites,0.14337632060050964
28278,0.1,72,hebbian,314693312.0
28278,0.1,72,bounded_hebbian,122.06729888916016
28278,0.1,73,predictive_dendrites,0.1402025669813156
28278,0.1,73,hebbian,418685888.0
28278,0.1,73,bounded_hebbian,122.08960723876953
28278,0.1,74,predictive_dendrites,0.13703159987926483
28278,0.1,74,hebbian,557107712.0
28278,0.1,74,bounded_hebbian,122.113037109375
28278,0.1,75,predictive_dendrites,0.13386939465999603
28278,0.1,75,hebbian,741375744.0
28278,0.1,75,bounded_hebbian,122.13768005371094
28278,0.1,76,predictive_dendrites,0.13071957230567932
28278,0.1,76,hebbian,986696576.0
28278,0.1,76,bounded_hebbian,122.16357421875
28278,0.1,77,predictive_dendrites,0.1275857537984848
28278,0.1,77,hebbian,1313328128.0
28278,0.1,77,bounded_hebbian,122.1907958984375
28278,0.1,78,predictive_dendrites,0.12447120994329453
28278,0.1,78,hebbian,1748257024.0
28278,0.1,78,bounded_hebbian,122.21942138671875
28278,0.1,79,predictive_dendrites,0.1213790699839592
28278,0.1,79,hebbian,2327437568.0
28278,0.1,79,bounded_hebbian,122.24949645996094
28278,0.1,80,predictive_dendrites,0.11831232160329819
28278,0.1,80,hebbian,3098773248.0
28278,0.1,80,bounded_hebbian,122.28113555908203
28278,0.1,81,predictive_dendrites,0.11527371406555176
28278,0.1,81,hebbian,4126091008.0
28278,0.1,81,bounded_hebbian,122.31439208984375
28278,0.1,82,predictive_dendrites,0.1122637540102005
28278,0.1,82,hebbian,5494441984.0
28278,0.1,82,bounded_hebbian,122.3493423461914
28278,0.1,83,predictive_dendrites,0.10923881828784943
28278,0.1,83,hebbian,7317161984.0
28278,0.1,83,bounded_hebbian,122.38609313964844
28278,0.1,84,predictive_dendrites,0.10622860491275787
28278,0.1,84,hebbian,9745281024.0
28278,0.1,84,bounded_hebbian,122.42475891113281
28278,0.1,85,predictive_dendrites,0.10325689613819122
28278,0.1,85,hebbian,12980082688.0
28278,0.1,85,bounded_hebbian,122.46540832519531
28278,0.1,86,predictive_dendrites,0.10032569617033005
28278,0.1,86,hebbian,17289820160.0
28278,0.1,86,bounded_hebbian,122.5081558227539
28278,0.1,87,predictive_dendrites,0.09743672609329224
28278,0.1,87,hebbian,23032020992.0
28278,0.1,87,bounded_hebbian,122.5531005859375
28278,0.1,88,predictive_dendrites,0.09459160268306732
28278,0.1,88,hebbian,30683238400.0
28278,0.1,88,bounded_hebbian,122.60038757324219
28278,0.1,89,predictive_dendrites,0.09182268381118774
28278,0.1,89,hebbian,40878637056.0
28278,0.1,89,bounded_hebbian,122.65013122558594
28278,0.1,90,predictive_dendrites,0.08927902579307556
28278,0.1,90,hebbian,54464905216.0
28278,0.1,90,bounded_hebbian,122.70243835449219
28278,0.1,91,predictive_dendrites,0.08685074746608734
28278,0.1,91,hebbian,72570667008.0
28278,0.1,91,bounded_hebbian,122.7574691772461
28278,0.1,92,predictive_dendrites,0.0844651535153389
28278,0.1,92,hebbian,96700416000.0
28278,0.1,92,bounded_hebbian,122.81534576416016
28278,0.1,93,predictive_dendrites,0.08212299644947052
28278,0.1,93,hebbian,128859799552.0
28278,0.1,93,bounded_hebbian,122.87625122070312
28278,0.1,94,predictive_dendrites,0.07982490211725235
28278,0.1,94,hebbian,171722653696.0
28278,0.1,94,bounded_hebbian,122.94033813476562
28278,0.1,95,predictive_dendrites,0.07757128775119781
28278,0.1,95,hebbian,228853579776.0
28278,0.1,95,bounded_hebbian,123.00775146484375
28278,0.1,96,predictive_dendrites,0.07536263018846512
28278,0.1,96,hebbian,305004937216.0
28278,0.1,96,bounded_hebbian,123.07869720458984
28278,0.1,97,predictive_dendrites,0.07319915294647217
28278,0.1,97,hebbian,406512992256.0
28278,0.1,97,bounded_hebbian,123.15335845947266
28278,0.1,98,predictive_dendrites,0.07108107209205627
28278,0.1,98,hebbian,541825564672.0
28278,0.1,98,bounded_hebbian,123.23192596435547
28278,0.1,99,predictive_dendrites,0.06900793313980103
28278,0.1,99,hebbian,722205933568.0
28278,0.1,99,bounded_hebbian,123.31461334228516
28278,0.1,100,predictive_dendrites,0.06698033958673477
28278,0.1,100,hebbian,962672984064.0
28278,0.1,100,bounded_hebbian,123.40164947509766
28278,0.1,101,predictive_dendrites,0.06499830633401871
28278,0.1,101,hebbian,1283251634176.0
28278,0.1,101,bounded_hebbian,123.49325561523438
28278,0.1,102,predictive_dendrites,0.0630616694688797
28278,0.1,102,hebbian,1710642954240.0
28278,0.1,102,bounded_hebbian,123.58969116210938
28278,0.1,103,predictive_dendrites,0.06117033585906029
28278,0.1,103,hebbian,2280451473408.0
28278,0.1,103,bounded_hebbian,123.69122314453125
28278,0.1,104,predictive_dendrites,0.05932385101914406
28278,0.1,104,hebbian,3040155795456.0
28278,0.1,104,bounded_hebbian,123.79811096191406
28278,0.1,105,predictive_dendrites,0.057522062212228775
28278,0.1,105,hebbian,4053064220672.0
28278,0.1,105,bounded_hebbian,123.91065216064453
28278,0.1,106,predictive_dendrites,0.05576452612876892
28278,0.1,106,hebbian,5403600486400.0
28278,0.1,106,bounded_hebbian,124.02915954589844
28278,0.1,107,predictive_dendrites,0.05405086278915405
28278,0.1,107,hebbian,7204346265600.0
28278,0.1,107,bounded_hebbian,124.15397644042969
28278,0.1,108,predictive_dendrites,0.05238054692745209
28278,0.1,108,hebbian,9605437456384.0
28278,0.1,108,bounded_hebbian,124.28543090820312
28278,0.1,109,predictive_dendrites,0.050753138959407806
28278,0.1,109,hebbian,12807086014464.0
28278,0.1,109,bounded_hebbian,124.42391204833984
28278,0.1,110,predictive_dendrites,0.04916810244321823
28278,0.1,110,hebbian,17076299235328.0
28278,0.1,110,bounded_hebbian,124.56978607177734
28278,0.1,111,predictive_dendrites,0.04762476682662964
28278,0.1,111,hebbian,22769148362752.0
28278,0.1,111,bounded_hebbian,124.72349548339844
28278,0.1,112,predictive_dendrites,0.04612264409661293
28278,0.1,112,hebbian,30360507252736.0
28278,0.1,112,bounded_hebbian,124.88548278808594
28278,0.1,113,predictive_dendrites,0.044660985469818115
28278,0.1,113,hebbian,40483707420672.0
28278,0.1,113,bounded_hebbian,125.05622863769531
28278,0.1,114,predictive_dendrites,0.04323926195502281
28278,0.1,114,hebbian,53983385223168.0
28278,0.1,114,bounded_hebbian,125.23625183105469
28278,0.1,115,predictive_dendrites,0.04185671731829643
28278,0.1,115,hebbian,71985967136768.0
28278,0.1,115,bounded_hebbian,125.42608642578125
28278,0.1,116,predictive_dendrites,0.04051266610622406
28278,0.1,116,hebbian,95993844465664.0
28278,0.1,116,bounded_hebbian,125.62635040283203
28278,0.1,117,predictive_dendrites,0.03920638933777809
28278,0.1,117,hebbian,128010720116736.0
28278,0.1,117,bounded_hebbian,125.83769989013672
28278,0.1,118,predictive_dendrites,0.0379372276365757
28278,0.1,118,hebbian,170709061992448.0
28278,0.1,118,bounded_hebbian,126.06084442138672
28278,0.1,119,predictive_dendrites,0.0367044061422348
28278,0.1,119,hebbian,227652963139584.0
28278,0.1,119,bounded_hebbian,126.29653930664062
28278,0.1,120,predictive_dendrites,0.03550717607140541
28278,0.1,120,hebbian,303596440649728.0
28278,0.1,120,bounded_hebbian,126.54566955566406
28278,0.1,121,predictive_dendrites,0.034344788640737534
28278,0.1,121,hebbian,404879788998656.0
28278,0.1,121,bounded_hebbian,126.80919647216797
28278,0.1,122,predictive_dendrites,0.03321651369333267
28278,0.1,122,hebbian,539959933009920.0
28278,0.1,122,bounded_hebbian,127.0881576538086
28278,0.1,123,predictive_dendrites,0.03212158754467964
28278,0.1,123,hebbian,720116027228160.0
28278,0.1,123,bounded_hebbian,127.38379669189453
28278,0.1,124,predictive_dendrites,0.0310592669993639
28278,0.1,124,hebbian,960392872329216.0
28278,0.1,124,bounded_hebbian,127.69745635986328
28278,0.1,125,predictive_dendrites,0.030028793960809708
28278,0.1,125,hebbian,1280856823955456.0
28278,0.1,125,bounded_hebbian,127.70211029052734
28278,0.1,126,predictive_dendrites,0.02902943640947342
28278,0.1,126,hebbian,1708273984077824.0
28278,0.1,126,bounded_hebbian,127.70211029052734
28278,0.1,127,predictive_dendrites,0.028060412034392357
28278,0.1,127,hebbian,2278341100961792.0
28278,0.1,127,bounded_hebbian,127.70211029052734
28278,0.1,128,predictive_dendrites,0.027121013030409813
28278,0.1,128,hebbian,3038676477018112.0
28278,0.1,128,bounded_hebbian,127.70211029052734
28278,0.1,129,predictive_dendrites,0.026210488751530647
28278,0.1,129,hebbian,4052792075354112.0
28278,0.1,129,bounded_hebbian,127.70211029052734
28278,0.1,130,predictive_dendrites,0.025328120216727257
28278,0.1,130,hebbian,5405406394318848.0
28278,0.1,130,bounded_hebbian,127.70211029052734
28278,0.1,131,predictive_dendrites,0.024473145604133606
28278,0.1,131,hebbian,7209522439389184.0
28278,0.1,131,bounded_hebbian,127.70211029052734
28278,0.1,132,predictive_dendrites,0.023644883185625076
28278,0.1,132,hebbian,9615869135028224.0
28278,0.1,132,bounded_hebbian,127.70211029052734
28278,0.1,133,predictive_dendrites,0.022842654958367348
28278,0.1,133,hebbian,1.2825504637779968e+16
28278,0.1,133,bounded_hebbian,127.70211029052734
28278,0.1,134,predictive_dendrites,0.022065717726945877
28278,0.1,134,hebbian,1.7106582009544704e+16
28278,0.1,134,bounded_hebbian,127.70211029052734
28278,0.1,135,predictive_dendrites,0.02131340093910694
28278,0.1,135,hebbian,2.281683337137357e+16
28278,0.1,135,bounded_hebbian,127.70211029052734
28278,0.1,136,predictive_dendrites,0.020585032179951668
28278,0.1,136,hebbian,3.0433446769721344e+16
28278,0.1,136,bounded_hebbian,127.70211029052734
28278,0.1,137,predictive_dendrites,0.019879968836903572
28278,0.1,137,hebbian,4.059287408082944e+16
28278,0.1,137,bounded_hebbian,127.70211029052734
28278,0.1,138,predictive_dendrites,0.01919754408299923
28278,0.1,138,hebbian,5.414412296493466e+16
28278,0.1,138,bounded_hebbian,127.70211029052734
28278,0.1,139,predictive_dendrites,0.018537113443017006
28278,0.1,139,hebbian,7.221959161439846e+16
28278,0.1,139,bounded_hebbian,127.70211029052734
28278,0.1,140,predictive_dendrites,0.017898058518767357
28278,0.1,140,hebbian,9.633008631519642e+16
28278,0.1,140,bounded_hebbian,127.70211029052734
28278,0.1,141,predictive_dendrites,0.01727975346148014
28278,0.1,141,hebbian,1.2849050936986829e+17
28278,0.1,141,bounded_hebbian,127.70211029052734
28278,0.1,142,predictive_dendrites,0.016681604087352753
28278,0.1,142,hebbian,1.7138898631969997e+17
28278,0.1,142,bounded_hebbian,127.70211029052734
28278,0.1,143,predictive_dendrites,0.016103021800518036
28278,0.1,143,hebbian,2.2861083560430797e+17
28278,0.1,143,bounded_hebbian,127.70211029052734
28278,0.1,144,predictive_dendrites,0.015543438494205475
28278,0.1,144,hebbian,3.049388297253028e+17
28278,0.1,144,bounded_hebbian,127.70211029052734
28278,0.1,145,predictive_dendrites,0.015002268366515636
28278,0.1,145,hebbian,4.067532628599767e+17
28278,0.1,145,bounded_hebbian,127.70211029052734
28278,0.1,146,predictive_dendrites,0.014478962868452072
28278,0.1,146,hebbian,5.425646298852229e+17
28278,0.1,146,bounded_hebbian,127.70211029052734
28278,0.1,147,predictive_dendrites,0.0139729930087924
28278,0.1,147,hebbian,7.2372514783966e+17
28278,0.1,147,bounded_hebbian,127.70211029052734
28278,0.1,148,predictive_dendrites,0.013483851216733456
28278,0.1,148,hebbian,9.653796616829665e+17
28278,0.1,148,bounded_hebbian,127.70211029052734
28278,0.1,149,predictive_dendrites,0.013014749623835087
28278,0.1,149,hebbian,1.2877265779745096e+18
28278,0.1,149,bounded_hebbian,127.70211029052734
28278,0.1,150,predictive_dendrites,0.012566260993480682
28278,0.1,150,hebbian,1.7177156139058463e+18
28278,0.1,150,bounded_hebbian,127.70211029052734
28278,0.1,151,predictive_dendrites,0.012132734060287476
28278,0.1,151,hebbian,2.291291934892753e+18
28278,0.1,151,bounded_hebbian,127.70211029052734
28278,0.1,152,predictive_dendrites,0.011713678948581219
28278,0.1,152,hebbian,3.056402356804518e+18
28278,0.1,152,bounded_hebbian,127.70211029052734
28278,0.1,153,predictive_dendrites,0.011308657936751842
28278,0.1,153,hebbian,4.07701412968294e+18
28278,0.1,153,bounded_hebbian,127.70211029052734
28278,0.1,154,predictive_dendrites,0.01091721374541521
28278,0.1,154,hebbian,5.438452242061459e+18
28278,0.1,154,bounded_hebbian,127.70211029052734
28278,0.1,155,predictive_dendrites,0.01053895428776741
28278,0.1,155,hebbian,7.254543085449773e+18
28278,0.1,155,bounded_hebbian,127.70211029052734
28278,0.1,156,predictive_dendrites,0.010173419490456581
28278,0.1,156,hebbian,9.677119594917003e+18
28278,0.1,156,bounded_hebbian,127.70211029052734
28278,0.1,157,predictive_dendrites,0.009820213541388512
28278,0.1,157,hebbian,1.2908746996671578e+19
28278,0.1,157,bounded_hebbian,127.70211029052734
28278,0.1,158,predictive_dendrites,0.009478951804339886
28278,0.1,158,hebbian,1.7219562653274341e+19
28278,0.1,158,bounded_hebbian,127.70211029052734
28278,0.1,159,predictive_dendrites,0.009149257093667984
28278,0.1,159,hebbian,2.2970084332845138e+19
28278,0.1,159,bounded_hebbian,127.70211029052734
28278,0.1,160,predictive_dendrites,0.008830740116536617
28278,0.1,160,hebbian,3.0641018519047635e+19
28278,0.1,160,bounded_hebbian,127.70211029052734
28278,0.1,161,predictive_dendrites,0.008523042313754559
28278,0.1,161,hebbian,4.087477577113089e+19
28278,0.1,161,bounded_hebbian,127.70211029052734
28278,0.1,162,predictive_dendrites,0.008225811645388603
28278,0.1,162,hebbian,5.452498393155135e+19
28278,0.1,162,bounded_hebbian,127.70211029052734
28278,0.1,163,predictive_dendrites,0.007938719354569912
28278,0.1,163,hebbian,7.2732733759801e+19
28278,0.1,163,bounded_hebbian,127.70211029052734
28278,0.1,164,predictive_dendrites,0.0076614245772361755
28278,0.1,164,hebbian,9.702094121932633e+19
28278,0.1,164,bounded_hebbian,127.70211029052734
28278,0.1,165,predictive_dendrites,0.007393619976937771
28278,0.1,165,hebbian,1.2942157856504807e+20
28278,0.1,165,bounded_hebbian,127.70211029052734
28278,0.1,166,predictive_dendrites,0.007134951651096344
28278,0.1,166,hebbian,1.7264774351506165e+20
28278,0.1,166,bounded_hebbian,127.70211029052734
28278,0.1,167,predictive_dendrites,0.006885165814310312
28278,0.1,167,hebbian,2.302933085720087e+20
28278,0.1,167,bounded_hebbian,127.70211029052734
28278,0.1,168,predictive_dendrites,0.00664394861087203
28278,0.1,168,hebbian,3.072102338313113e+20
28278,0.1,168,bounded_hebbian,127.70211029052734
28278,0.1,169,predictive_dendrites,0.0064110117964446545
28278,0.1,169,hebbian,4.098176440977861e+20
28278,0.1,169,bounded_hebbian,127.70211029052734
28278,0.1,170,predictive_dendrites,0.006186093203723431
28278,0.1,170,hebbian,5.46691360632179e+20
28278,0.1,170,bounded_hebbian,127.70211029052734
28278,0.1,171,predictive_dendrites,0.005968922283500433
28278,0.1,171,hebbian,7.29238825368759e+20
28278,0.1,171,bounded_hebbian,127.70211029052734
28278,0.1,172,predictive_dendrites,0.005759247113019228
28278,0.1,172,hebbian,9.727963783354667e+20
28278,0.1,172,bounded_hebbian,127.70211029052734
28278,0.1,173,predictive_dendrites,0.005556792486459017
28278,0.1,173,hebbian,1.2976826777542538e+21
28278,0.1,173,bounded_hebbian,127.70211029052734
28278,0.1,174,predictive_dendrites,0.005361342802643776
28278,0.1,174,hebbian,1.7310049601510074e+21
28278,0.1,174,bounded_hebbian,127.70211029052734
28278,0.1,175,predictive_dendrites,0.0051726349629461765
28278,0.1,175,hebbian,2.3091485106026955e+21
28278,0.1,175,bounded_hebbian,127.70211029052734
28278,0.1,176,predictive_dendrites,0.00499048363417387
28278,0.1,176,hebbian,3.080048939855608e+21
28278,0.1,176,bounded_hebbian,127.70211029052734
28278,0.1,177,predictive_dendrites,0.00481463223695755
28278,0.1,177,hebbian,4.108668561472239e+21
28278,0.1,177,bounded_hebbian,127.70211029052734
28278,0.1,178,predictive_dendrites,0.0046448856592178345
28278,0.1,178,hebbian,5.480941545104863e+21
28278,0.1,178,bounded_hebbian,127.70211029052734
28278,0.1,179,predictive_dendrites,0.004481029696762562
28278,0.1,179,hebbian,7.310776591703633e+21
28278,0.1,179,bounded_hebbian,127.70211029052734
28278,0.1,180,predictive_dendrites,0.004322863649576902
28278,0.1,180,hebbian,9.751819913530802e+21
28278,0.1,180,bounded_hebbian,127.70211029052734
28278,0.1,181,predictive_dendrites,0.0041702017188072205
28278,0.1,181,hebbian,1.3007971983715572e+22
28278,0.1,181,bounded_hebbian,127.70211029052734
28278,0.1,182,predictive_dendrites,0.004022857174277306
28278,0.1,182,hebbian,1.7350985633273012e+22
28278,0.1,182,bounded_hebbian,127.70211029052734
28278,0.1,183,predictive_dendrites,0.0038806418888270855
28278,0.1,183,hebbian,2.3146655608837128e+22
28278,0.1,183,bounded_hebbian,127.70211029052734
28278,0.1,184,predictive_dendrites,0.003743391251191497
28278,0.1,184,hebbian,3.0877976081944803e+22
28278,0.1,184,bounded_hebbian,127.70211029052734
28278,0.1,185,predictive_dendrites,0.0036109196953475475
28278,0.1,185,hebbian,4.118976906954323e+22
28278,0.1,185,bounded_hebbian,127.70211029052734
28278,0.1,186,predictive_dendrites,0.0034830779768526554
28278,0.1,186,hebbian,5.4949355802269915e+22
28278,0.1,186,bounded_hebbian,127.70211029052734
28278,0.1,187,predictive_dendrites,0.0033597066067159176
28278,0.1,187,hebbian,7.3301731449387545e+22
28278,0.1,187,bounded_hebbian,127.70211029052734
28278,0.1,188,predictive_dendrites,0.003240648191422224
28278,0.1,188,hebbian,9.77876314866151e+22
28278,0.1,188,bounded_hebbian,127.70211029052734
28278,0.1,189,predictive_dendrites,0.0031257583759725094
28278,0.1,189,hebbian,1.3045355463502449e+23
28278,0.1,189,bounded_hebbian,127.70211029052734
28278,0.1,190,predictive_dendrites,0.0030148893129080534
28278,0.1,190,hebbian,1.7402888943438512e+23
28278,0.1,190,bounded_hebbian,127.70211029052734
28278,0.1,191,predictive_dendrites,0.002907906426116824
28278,0.1,191,hebbian,2.3216084902132522e+23
28278,0.1,191,bounded_hebbian,127.70211029052734
28278,0.1,192,predictive_dendrites,0.002804674208164215
28278,0.1,192,hebbian,3.0971052876163595e+23
28278,0.1,192,bounded_hebbian,127.70211029052734
28278,0.1,193,predictive_dendrites,0.0027050613425672054
28278,0.1,193,hebbian,4.131669311712148e+23
28278,0.1,193,bounded_hebbian,127.70211029052734
28278,0.1,194,predictive_dendrites,0.002608952345326543
28278,0.1,194,hebbian,5.511721396758127e+23
28278,0.1,194,bounded_hebbian,127.70211029052734
28278,0.1,195,predictive_dendrites,0.0025162112433463335
28278,0.1,195,hebbian,7.352861379141522e+23
28278,0.1,195,bounded_hebbian,127.70211029052734
28278,0.1,196,predictive_dendrites,0.0024267437402158976
28278,0.1,196,hebbian,9.8090302204612e+23
28278,0.1,196,bounded_hebbian,127.70211029052734
28278,0.1,197,predictive_dendrites,0.002340413397178054
28278,0.1,197,hebbian,1.3085605754668125e+24
28278,0.1,197,bounded_hebbian,127.70211029052734
28278,0.1,198,predictive_dendrites,0.0022571298759430647
28278,0.1,198,hebbian,1.7456432059264335e+24
28278,0.1,198,bounded_hebbian,127.70211029052734
28278,0.1,199,predictive_dendrites,0.0021767611615359783
28278,0.1,199,hebbian,2.328728645195328e+24
28278,0.1,199,bounded_hebbian,127.70211029052734
28278,0.1,200,predictive_dendrites,0.0020992483478039503
28278,0.1,200,hebbian,3.10654094132525e+24
28278,0.1,200,bounded_hebbian,127.70211029052734
28278,0.1,201,predictive_dendrites,0.00202445057220757
28278,0.1,201,hebbian,4.144291640459772e+24
28278,0.1,201,bounded_hebbian,127.70211029052734
28278,0.1,202,predictive_dendrites,0.0019522950751706958
28278,0.1,202,hebbian,5.5287388063965e+24
28278,0.1,202,bounded_hebbian,127.70211029052734
28278,0.1,203,predictive_dendrites,0.0018826934974640608
28278,0.1,203,hebbian,7.375536318718189e+24
28278,0.1,203,bounded_hebbian,127.70211029052734
28278,0.1,204,predictive_dendrites,0.0018155478173866868
28278,0.1,204,hebbian,9.839270775066286e+24
28278,0.1,204,bounded_hebbian,127.70211029052734
28278,0.1,205,predictive_dendrites,0.0017507665324956179
28278,0.1,205,hebbian,1.3125833780037243e+25
28278,0.1,205,bounded_hebbian,127.70211029052734
28278,0.1,206,predictive_dendrites,0.001688277581706643
28278,0.1,206,hebbian,1.750968521533175e+25
28278,0.1,206,bounded_hebbian,127.70211029052734
28278,0.1,207,predictive_dendrites,0.0016280021518468857
28278,0.1,207,hebbian,2.3358328033915273e+25
28278,0.1,207,bounded_hebbian,127.70211029052734
28278,0.1,208,predictive_dendrites,0.0015698615461587906
28278,0.1,208,hebbian,3.1160203195822027e+25
28278,0.1,208,bounded_hebbian,127.70211029052734
28278,0.1,209,predictive_dendrites,0.001513781026005745
28278,0.1,209,hebbian,4.156887077313301e+25
28278,0.1,209,bounded_hebbian,127.70211029052734
28278,0.1,210,predictive_dendrites,0.0014596760738641024
28278,0.1,210,hebbian,5.545514621333583e+25
28278,0.1,210,bounded_hebbian,127.70211029052734
28278,0.1,211,predictive_dendrites,0.0014075011713430285
28278,0.1,211,hebbian,7.397992923784921e+25
28278,0.1,211,bounded_hebbian,127.70211029052734
28278,0.1,212,predictive_dendrites,0.0013571620220318437
28278,0.1,212,hebbian,9.869094779131757e+25
28278,0.1,212,bounded_hebbian,127.70211029052734
28278,0.1,213,predictive_dendrites,0.0013086190447211266
28278,0.1,213,hebbian,1.316617542582064e+26
28278,0.1,213,bounded_hebbian,127.70211029052734
28278,0.1,214,predictive_dendrites,0.0012617915635928512
28278,0.1,214,hebbian,1.7564646597546464e+26
28278,0.1,214,bounded_hebbian,127.70211029052734
28278,0.1,215,predictive_dendrites,0.0012166296364739537
28278,0.1,215,hebbian,2.343185675579308e+26
28278,0.1,215,bounded_hebbian,127.70211029052734
28278,0.1,216,predictive_dendrites,0.0011730679543688893
28278,0.1,216,hebbian,3.125977872033191e+26
28278,0.1,216,bounded_hebbian,127.70211029052734
28278,0.1,217,predictive_dendrites,0.0011310544796288013
28278,0.1,217,hebbian,4.170069120628374e+26
28278,0.1,217,bounded_hebbian,127.70211029052734
28278,0.1,218,predictive_dendrites,0.001090542646124959
28278,0.1,218,hebbian,5.563109679233409e+26
28278,0.1,218,bounded_hebbian,127.70211029052734
28278,0.1,219,predictive_dendrites,0.0010514637688174844
28278,0.1,219,hebbian,7.421303705335986e+26
28278,0.1,219,bounded_hebbian,127.70211029052734
28278,0.1,220,predictive_dendrites,0.001013773726299405
28278,0.1,220,hebbian,9.899918919544044e+26
28278,0.1,220,bounded_hebbian,127.70211029052734
28278,0.1,221,predictive_dendrites,0.0009774216450750828
28278,0.1,221,hebbian,1.3206590766346612e+27
28278,0.1,221,bounded_hebbian,127.70211029052734
28278,0.1,222,predictive_dendrites,0.0009423702140338719
28278,0.1,222,hebbian,1.7618229961862013e+27
28278,0.1,222,bounded_hebbian,127.70211029052734
28278,0.1,223,predictive_dendrites,0.0009085631463676691
28278,0.1,223,hebbian,2.3502660155701435e+27
28278,0.1,223,bounded_hebbian,127.70211029052734
28278,0.1,224,predictive_dendrites,0.0008759631891734898
28278,0.1,224,hebbian,3.1352596833552714e+27
28278,0.1,224,bounded_hebbian,127.70211029052734
28278,0.1,225,predictive_dendrites,0.0008445229614153504
28278,0.1,225,hebbian,4.1822835953232925e+27
28278,0.1,225,bounded_hebbian,127.70211029052734
28278,0.1,226,predictive_dendrites,0.0008142063743434846
28278,0.1,226,hebbian,5.579406344604863e+27
28278,0.1,226,bounded_hebbian,127.70211029052734
28278,0.1,227,predictive_dendrites,0.0007849647663533688
28278,0.1,227,hebbian,7.442928897200572e+27
28278,0.1,227,bounded_hebbian,127.70211029052734
28278,0.1,228,predictive_dendrites,0.000756772409658879
28278,0.1,228,hebbian,9.929967927770354e+27
28278,0.1,228,bounded_hebbian,127.70211029052734
28278,0.1,229,predictive_dendrites,0.0007295770919881761
28278,0.1,229,hebbian,1.3246436323841635e+28
28278,0.1,229,bounded_hebbian,127.70211029052734
28278,0.1,230,predictive_dendrites,0.0007033636793494225
28278,0.1,230,hebbian,1.767155226785543e+28
28278,0.1,230,bounded_hebbian,127.70211029052734
28278,0.1,231,predictive_dendrites,0.0006780785042792559
28278,0.1,231,hebbian,2.357451863558383e+28
28278,0.1,231,bounded_hebbian,127.70211029052734
28278,0.1,232,predictive_dendrites,0.0006536965374834836
28278,0.1,232,hebbian,3.145042006494955e+28
28278,0.1,232,bounded_hebbian,127.70211029052734
28278,0.1,233,predictive_dendrites,0.0006301872199401259
28278,0.1,233,hebbian,4.195338105228537e+28
28278,0.1,233,bounded_hebbian,127.70211029052734
28278,0.1,234,predictive_dendrites,0.0006075240089558065
28278,0.1,234,hebbian,5.59679527858641e+28
28278,0.1,234,bounded_hebbian,127.70211029052734
28278,0.1,235,predictive_dendrites,0.0005856649368070066
28278,0.1,235,hebbian,7.4667532361066495e+28
28278,0.1,235,bounded_hebbian,127.70211029052734
28278,0.1,236,predictive_dendrites,0.0005645948695018888
28278,0.1,236,hebbian,9.961887819538014e+28
28278,0.1,236,bounded_hebbian,127.70211029052734
28278,0.1,237,predictive_dendrites,0.0005442711990326643
28278,0.1,237,hebbian,1.328937396885048e+29
28278,0.1,237,bounded_hebbian,127.70211029052734
28278,0.1,238,predictive_dendrites,0.0005246760556474328
28278,0.1,238,hebbian,1.7729682946431286e+29
28278,0.1,238,bounded_hebbian,127.70211029052734
28278,0.1,239,predictive_dendrites,0.0005057820817455649
28278,0.1,239,hebbian,2.3654503717887436e+29
28278,0.1,239,bounded_hebbian,127.70211029052734
28278,0.1,240,predictive_dendrites,0.0004875698359683156
28278,0.1,240,hebbian,3.155409725989771e+29
28278,0.1,240,bounded_hebbian,127.70211029052734
28278,0.1,241,predictive_dendrites,0.00047000328777357936
28278,0.1,241,hebbian,4.209389790040305e+29
28278,0.1,241,bounded_hebbian,127.70211029052734
28278,0.1,242,predictive_dendrites,0.0004530676524154842
28278,0.1,242,hebbian,5.614384865919814e+29
28278,0.1,242,bounded_hebbian,127.70211029052734
28278,0.1,243,predictive_dendrites,0.00043674054904840887
28278,0.1,243,hebbian,7.490001918538465e+29
28278,0.1,243,bounded_hebbian,127.70211029052734
28278,0.1,244,predictive_dendrites,0.00042099840356968343
28278,0.1,244,hebbian,9.991830834248616e+29
28278,0.1,244,bounded_hebbian,127.70211029052734
28278,0.1,245,predictive_dendrites,0.0004058191552758217
28278,0.1,245,hebbian,1.3326469857625354e+30
28278,0.1,245,bounded_hebbian,127.70211029052734
28278,0.1,246,predictive_dendrites,0.00039118537097238004
28278,0.1,246,hebbian,1.777713328485116e+30
28278,0.1,246,bounded_hebbian,127.70211029052734
28278,0.1,247,predictive_dendrites,0.00037707615410909057
28278,0.1,247,hebbian,2.37124543326293e+30
28278,0.1,247,bounded_hebbian,127.70211029052734
28278,0.1,248,predictive_dendrites,0.0003634740423876792
28278,0.1,248,hebbian,3.163455429550761e+30
28278,0.1,248,bounded_hebbian,127.70211029052734
28278,0.1,249,predictive_dendrites,0.00035036075860261917
28278,0.1,249,hebbian,4.219382921980967e+30
28278,0.1,249,bounded_hebbian,127.70211029052734
28278,0.1,250,predictive_dendrites,0.0003377164248377085
28278,0.1,250,hebbian,5.62811184081222e+30
28278,0.1,250,bounded_hebbian,127.70211029052734
28278,0.1,251,predictive_dendrites,0.0003255282645113766
28278,0.1,251,hebbian,7.508132330170953e+30
28278,0.1,251,bounded_hebbian,127.70211029052734
28278,0.1,252,predictive_dendrites,0.0003137761086691171
28278,0.1,252,hebbian,1.0016131149917235e+31
28278,0.1,252,bounded_hebbian,127.70211029052734
28278,0.1,253,predictive_dendrites,0.00030244654044508934
28278,0.1,253,hebbian,1.335894946315803e+31
28278,0.1,253,bounded_hebbian,127.70211029052734
28278,0.1,254,predictive_dendrites,0.00029152576462365687
28278,0.1,254,hebbian,1.782221171081295e+31
28278,0.1,254,bounded_hebbian,127.70211029052734
28278,0.1,255,predictive_dendrites,0.0002809989091474563
28278,0.1,255,hebbian,2.3771079376862783e+31
28278,0.1,255,bounded_hebbian,127.70211029052734
28278,0.1,256,predictive_dendrites,0.0002708492102101445
28278,0.1,256,hebbian,3.1706352399934526e+31
28278,0.1,256,bounded_hebbian,127.70211029052734
28278,0.1,257,predictive_dendrites,0.00026106450241059065
28278,0.1,257,hebbian,4.230249049479118e+31
28278,0.1,257,bounded_hebbian,127.70211029052734
28278,0.1,258,predictive_dendrites,0.0002516308450140059
28278,0.1,258,hebbian,5.6423952993709665e+31
28278,0.1,258,bounded_hebbian,127.70211029052734
28278,0.1,259,predictive_dendrites,0.0002425369602860883
28278,0.1,259,hebbian,7.527730589310472e+31
28278,0.1,259,bounded_hebbian,127.70211029052734
28278,0.1,260,predictive_dendrites,0.0002337689948035404
28278,0.1,260,hebbian,1.004017051894769e+32
28278,0.1,260,bounded_hebbian,127.70211029052734
28278,0.1,261,predictive_dendrites,0.00022531770810019225
28278,0.1,261,hebbian,1.3392524718161024e+32
28278,0.1,261,bounded_hebbian,127.70211029052734
28278,0.1,262,predictive_dendrites,0.0002171714004362002
28278,0.1,262,hebbian,1.7865202080099103e+32
28278,0.1,262,bounded_hebbian,127.70211029052734
28278,0.1,263,predictive_dendrites,0.00020931912877131253
28278,0.1,263,hebbian,2.383044440459045e+32
28278,0.1,263,bounded_hebbian,127.70211029052734
28278,0.1,264,predictive_dendrites,0.00020174760720692575
28278,0.1,264,hebbian,3.18031012825673e+32
28278,0.1,264,bounded_hebbian,127.70211029052734
28278,0.1,265,predictive_dendrites,0.00019445226644165814
28278,0.1,265,hebbian,4.2429342597473016e+32
28278,0.1,265,bounded_hebbian,127.70211029052734
28278,0.1,266,predictive_dendrites,0.0001874152076197788
28278,0.1,266,hebbian,5.65948660903835e+32
28278,0.1,266,bounded_hebbian,127.70211029052734
28278,0.1,267,predictive_dendrites,0.0001806333748390898
28278,0.1,267,hebbian,7.5500817901479e+32
28278,0.1,267,bounded_hebbian,127.70211029052734
28278,0.1,268,predictive_dendrites,0.00017409656720701605
28278,0.1,268,hebbian,1.006967043665573e+33
28278,0.1,268,bounded_hebbian,127.70211029052734
28278,0.1,269,predictive_dendrites,0.0001677959517110139
28278,0.1,269,hebbian,1.343089737767251e+33
28278,0.1,269,bounded_hebbian,127.70211029052734
28278,0.1,270,predictive_dendrites,0.00016172227333299816
28278,0.1,270,hebbian,1.7914716199964157e+33
28278,0.1,270,bounded_hebbian,127.70211029052734
28278,0.1,271,predictive_dendrites,0.0001558667718200013
28278,0.1,271,hebbian,2.3892047782651652e+33
28278,0.1,271,bounded_hebbian,127.70211029052734
28278,0.1,272,predictive_dendrites,0.00015022247680462897
28278,0.1,272,hebbian,3.188056460681306e+33
28278,0.1,272,bounded_hebbian,127.70211029052734
28278,0.1,273,predictive_dendrites,0.0001447835093131289
28278,0.1,273,hebbian,4.253485222702131e+33
28278,0.1,273,bounded_hebbian,127.70211029052734
28278,0.1,274,predictive_dendrites,0.00013954004680272192
28278,0.1,274,hebbian,5.673938475799473e+33
28278,0.1,274,bounded_hebbian,127.70211029052734
28278,0.1,275,predictive_dendrites,0.0001344854972558096
28278,0.1,275,hebbian,7.56821946863349e+33
28278,0.1,275,bounded_hebbian,127.70211029052734
28278,0.1,276,predictive_dendrites,0.00012961329775862396
28278,0.1,276,hebbian,1.0091403711985424e+34
28278,0.1,276,bounded_hebbian,127.70211029052734
28278,0.1,277,predictive_dendrites,0.00012491697270888835
28278,0.1,277,hebbian,1.3462226545216725e+34
28278,0.1,277,bounded_hebbian,127.70211029052734
28278,0.1,278,predictive_dendrites,0.00012039122520945966
28278,0.1,278,hebbian,1.794506368105722e+34
28278,0.1,278,bounded_hebbian,127.70211029052734
28278,0.1,279,predictive_dendrites,0.0001160272367997095
28278,0.1,279,hebbian,2.391857126696336e+34
28278,0.1,279,bounded_hebbian,127.70211029052734
28278,0.1,280,predictive_dendrites,0.00011182432353962213
28278,0.1,280,hebbian,3.1914371511345903e+34
28278,0.1,280,bounded_hebbian,127.70211029052734
28278,0.1,281,predictive_dendrites,0.00010777067654998973
28278,0.1,281,hebbian,4.256106189353306e+34
28278,0.1,281,bounded_hebbian,127.70211029052734
28278,0.1,282,predictive_dendrites,0.00010386348003521562
28278,0.1,282,hebbian,5.676724583651888e+34
28278,0.1,282,bounded_hebbian,127.70211029052734
28278,0.1,283,predictive_dendrites,0.00010009861580329016
28278,0.1,283,hebbian,7.577211617490851e+34
28278,0.1,283,bounded_hebbian,127.70211029052734
28278,0.1,284,predictive_dendrites,9.646848047850654e-05
28278,0.1,284,hebbian,1.0111442742577352e+35
28278,0.1,284,bounded_hebbian,127.70211029052734
28278,0.1,285,predictive_dendrites,9.297022188547999e-05
28278,0.1,285,hebbian,1.3491302290507428e+35
28278,0.1,285,bounded_hebbian,127.70211029052734
28278,0.1,286,predictive_dendrites,8.959940896602347e-05
28278,0.1,286,hebbian,1.801554134060979e+35
28278,0.1,286,bounded_hebbian,127.70211029052734
28278,0.1,287,predictive_dendrites,8.634864207124338e-05
28278,0.1,287,hebbian,2.403563979024647e+35
28278,0.1,287,bounded_hebbian,127.70211029052734
28278,0.1,288,predictive_dendrites,8.321630593854934e-05
28278,0.1,288,hebbian,3.205644147166242e+35
28278,0.1,288,bounded_hebbian,127.70211029052734
28278,0.1,289,predictive_dendrites,8.019808592507616e-05
28278,0.1,289,hebbian,4.274040870431254e+35
28278,0.1,289,bounded_hebbian,127.70211029052734
28278,0.1,290,predictive_dendrites,7.728752098046243e-05
28278,0.1,290,hebbian,5.700017465360676e+35
28278,0.1,290,bounded_hebbian,127.70211029052734
28278,0.1,291,predictive_dendrites,7.448399264831096e-05
28278,0.1,291,hebbian,7.60378583258537e+35
28278,0.1,291,bounded_hebbian,127.70211029052734
28278,0.1,292,predictive_dendrites,7.178114901762456e-05
28278,0.1,292,hebbian,1.013106359702401e+36
28278,0.1,292,bounded_hebbian,127.70211029052734
28278,0.1,293,predictive_dendrites,6.91744644427672e-05
28278,0.1,293,hebbian,1.35199642667194e+36
28278,0.1,293,bounded_hebbian,127.70211029052734
28278,0.1,294,predictive_dendrites,6.666422268608585e-05
28278,0.1,294,hebbian,1.803708347799742e+36
28278,0.1,294,bounded_hebbian,127.70211029052734
28278,0.1,295,predictive_dendrites,6.424535968108103e-05
28278,0.1,295,hebbian,2.4057900923208915e+36
28278,0.1,295,bounded_hebbian,127.70211029052734
28278,0.1,296,predictive_dendrites,6.191284046508372e-05
28278,0.1,296,hebbian,3.206216689482651e+36
28278,0.1,296,bounded_hebbian,127.70211029052734
28278,0.1,297,predictive_dendrites,5.966575918137096e-05
28278,0.1,297,hebbian,4.275459054540259e+36
28278,0.1,297,bounded_hebbian,127.70211029052734
28278,0.1,298,predictive_dendrites,5.750086347688921e-05
28278,0.1,298,hebbian,5.699331745614115e+36
28278,0.1,298,bounded_hebbian,127.70211029052734
28278,0.1,299,predictive_dendrites,5.541269638342783e-05
28278,0.1,299,hebbian,7.61142485355867e+36
28278,0.1,299,bounded_hebbian,127.70211029052734
28278,0.1,300,predictive_dendrites,5.3399708122015e-05
28278,0.1,300,hebbian,1.0140532947007714e+37
28278,0.1,300,bounded_hebbian,127.70211029052734
28278,0.1,301,predictive_dendrites,5.146104740560986e-05
28278,0.1,301,hebbian,1.3526256567386284e+37
28278,0.1,301,bounded_hebbian,127.70211029052734
28278,0.1,302,predictive_dendrites,4.95921412948519e-05
28278,0.1,302,hebbian,1.8023615958020594e+37
28278,0.1,302,bounded_hebbian,127.70211029052734
28278,0.1,303,predictive_dendrites,4.7789759264560416e-05
28278,0.1,303,hebbian,2.401299376687053e+37
28278,0.1,303,bounded_hebbian,127.70211029052734
28278,0.1,304,predictive_dendrites,4.605345748132095e-05
28278,0.1,304,hebbian,3.199729107240803e+37
28278,0.1,304,bounded_hebbian,127.70211029052734
28278,0.1,305,predictive_dendrites,4.438083851709962e-05
28278,0.1,305,hebbian,4.264068833602028e+37
28278,0.1,305,bounded_hebbian,127.70211029052734
28278,0.1,306,predictive_dendrites,4.276907930034213e-05
28278,0.1,306,hebbian,5.677139747146279e+37
28278,0.1,306,bounded_hebbian,127.70211029052734
28278,0.1,307,predictive_dendrites,4.12157314713113e-05
28278,0.1,307,hebbian,7.566850328737785e+37
28278,0.1,307,bounded_hebbian,127.70211029052734
28278,0.1,308,predictive_dendrites,3.971896512666717e-05
28278,0.1,308,hebbian,inf
28278,0.1,308,bounded_hebbian,127.70211029052734
28278,0.1,309,predictive_dendrites,3.827526597888209e-05
28278,0.1,309,hebbian,inf
28278,0.1,309,bounded_hebbian,127.70211029052734
28278,0.1,310,predictive_dendrites,3.6883819120703265e-05
28278,0.1,310,hebbian,inf
28278,0.1,310,bounded_hebbian,127.70211029052734
28278,0.1,311,predictive_dendrites,3.554314753273502e-05
28278,0.1,311,hebbian,inf
28278,0.1,311,bounded_hebbian,127.70211029052734
28278,0.1,312,predictive_dendrites,3.424981696298346e-05
28278,0.1,312,hebbian,inf
28278,0.1,312,bounded_hebbian,127.70211029052734
28278,0.1,313,predictive_dendrites,3.3005271689035e-05
28278,0.1,313,hebbian,inf
28278,0.1,313,bounded_hebbian,127.70211029052734
28278,0.1,314,predictive_dendrites,3.180405838065781e-05
28278,0.1,314,hebbian,inf
28278,0.1,314,bounded_hebbian,127.70211029052734
28278,0.1,315,predictive_dendrites,3.064836346311495e-05
28278,0.1,315,hebbian,inf
28278,0.1,315,bounded_hebbian,127.70211029052734
28278,0.1,316,predictive_dendrites,2.9533648557844572e-05
28278,0.1,316,hebbian,inf
28278,0.1,316,bounded_hebbian,127.70211029052734
28278,0.1,317,predictive_dendrites,2.8460050089051947e-05
28278,0.1,317,hebbian,inf
28278,0.1,317,bounded_hebbian,127.70211029052734
28278,0.1,318,predictive_dendrites,2.7424828658695333e-05
28278,0.1,318,hebbian,inf
28278,0.1,318,bounded_hebbian,127.70211029052734
28278,0.1,319,predictive_dendrites,2.642789331730455e-05
28278,0.1,319,hebbian,inf
28278,0.1,319,bounded_hebbian,127.70211029052734
28278,0.1,320,predictive_dendrites,2.546701034589205e-05
28278,0.1,320,hebbian,inf
28278,0.1,320,bounded_hebbian,127.70211029052734
28278,0.1,321,predictive_dendrites,2.4539916921639815e-05
28278,0.1,321,hebbian,inf
28278,0.1,321,bounded_hebbian,127.70211029052734
28278,0.1,322,predictive_dendrites,2.3647478883503936e-05
28278,0.1,322,hebbian,inf
28278,0.1,322,bounded_hebbian,127.70211029052734
28278,0.1,323,predictive_dendrites,2.2788195565226488e-05
28278,0.1,323,hebbian,inf
28278,0.1,323,bounded_hebbian,127.70211029052734
28278,0.1,324,predictive_dendrites,2.1958863726467825e-05
28278,0.1,324,hebbian,inf
28278,0.1,324,bounded_hebbian,127.70211029052734
28278,0.1,325,predictive_dendrites,2.1159754396649078e-05
28278,0.1,325,hebbian,inf
28278,0.1,325,bounded_hebbian,127.70211029052734
28278,0.1,326,predictive_dendrites,2.0389832570799626e-05
28278,0.1,326,hebbian,inf
28278,0.1,326,bounded_hebbian,127.70211029052734
28278,0.1,327,predictive_dendrites,1.9648488887469284e-05
28278,0.1,327,hebbian,inf
28278,0.1,327,bounded_hebbian,127.70211029052734
28278,0.1,328,predictive_dendrites,1.8933125829789788e-05
28278,0.1,328,hebbian,inf
28278,0.1,328,bounded_hebbian,127.70211029052734
28278,0.1,329,predictive_dendrites,1.8244854800286703e-05
28278,0.1,329,hebbian,inf
28278,0.1,329,bounded_hebbian,127.70211029052734
28278,0.1,330,predictive_dendrites,1.7581072825123556e-05
28278,0.1,330,hebbian,inf
28278,0.1,330,bounded_hebbian,127.70211029052734
28278,0.1,331,predictive_dendrites,1.6941481590038165e-05
28278,0.1,331,hebbian,inf
28278,0.1,331,bounded_hebbian,127.70211029052734
28278,0.1,332,predictive_dendrites,1.632481871638447e-05
28278,0.1,332,hebbian,inf
28278,0.1,332,bounded_hebbian,127.70211029052734
28278,0.1,333,predictive_dendrites,1.5730769518995658e-05
28278,0.1,333,hebbian,inf
28278,0.1,333,bounded_hebbian,127.70211029052734
28278,0.1,334,predictive_dendrites,1.5157975212787278e-05
28278,0.1,334,hebbian,inf
28278,0.1,334,bounded_hebbian,127.70211029052734
28278,0.1,335,predictive_dendrites,1.4606123841076624e-05
28278,0.1,335,hebbian,inf
28278,0.1,335,bounded_hebbian,127.70211029052734
28278,0.1,336,predictive_dendrites,1.407478703185916e-05
28278,0.1,336,hebbian,inf
28278,0.1,336,bounded_hebbian,127.70211029052734
28278,0.1,337,predictive_dendrites,1.3562360436480958e-05
28278,0.1,337,hebbian,inf
28278,0.1,337,bounded_hebbian,127.70211029052734
28278,0.1,338,predictive_dendrites,1.3068929547443986e-05
28278,0.1,338,hebbian,inf
28278,0.1,338,bounded_hebbian,127.70211029052734
28278,0.1,339,predictive_dendrites,1.2592920029419474e-05
28278,0.1,339,hebbian,inf
28278,0.1,339,bounded_hebbian,127.70211029052734
28278,0.1,340,predictive_dendrites,1.2134091775806155e-05
28278,0.1,340,hebbian,inf
28278,0.1,340,bounded_hebbian,127.70211029052734
28278,0.1,341,predictive_dendrites,1.169236384157557e-05
28278,0.1,341,hebbian,inf
28278,0.1,341,bounded_hebbian,127.70211029052734
28278,0.1,342,predictive_dendrites,1.1266855835856404e-05
28278,0.1,342,hebbian,inf
28278,0.1,342,bounded_hebbian,127.70211029052734
28278,0.1,343,predictive_dendrites,1.0856316293939017e-05
28278,0.1,343,hebbian,inf
28278,0.1,343,bounded_hebbian,127.70211029052734
28278,0.1,344,predictive_dendrites,1.0461139936523978e-05
28278,0.1,344,hebbian,inf
28278,0.1,344,bounded_hebbian,127.70211029052734
28278,0.1,345,predictive_dendrites,1.0079741514346097e-05
28278,0.1,345,hebbian,inf
28278,0.1,345,bounded_hebbian,127.70211029052734
28278,0.1,346,predictive_dendrites,9.712501196190715e-06
28278,0.1,346,hebbian,inf
28278,0.1,346,bounded_hebbian,127.70211029052734
28278,0.1,347,predictive_dendrites,9.358656825497746e-06
28278,0.1,347,hebbian,inf
28278,0.1,347,bounded_hebbian,127.70211029052734
28278,0.1,348,predictive_dendrites,9.018560376716778e-06
28278,0.1,348,hebbian,inf
28278,0.1,348,bounded_hebbian,127.70211029052734
28278,0.1,349,predictive_dendrites,8.689513379067648e-06
28278,0.1,349,hebbian,inf
28278,0.1,349,bounded_hebbian,127.70211029052734
28278,0.1,350,predictive_dendrites,8.373005584871862e-06
28278,0.1,350,hebbian,inf
28278,0.1,350,bounded_hebbian,127.70211029052734
28278,0.1,351,predictive_dendrites,8.068271199590527e-06
28278,0.1,351,hebbian,inf
28278,0.1,351,bounded_hebbian,127.70211029052734
28278,0.1,352,predictive_dendrites,7.774213372613303e-06
28278,0.1,352,hebbian,inf
28278,0.1,352,bounded_hebbian,127.70211029052734
28278,0.1,353,predictive_dendrites,7.490995812986512e-06
28278,0.1,353,hebbian,inf
28278,0.1,353,bounded_hebbian,127.70211029052734
28278,0.1,354,predictive_dendrites,7.218336577352602e-06
28278,0.1,354,hebbian,inf
28278,0.1,354,bounded_hebbian,127.70211029052734
28278,0.1,355,predictive_dendrites,6.955142453080043e-06
28278,0.1,355,hebbian,inf
28278,0.1,355,bounded_hebbian,127.70211029052734
28278,0.1,356,predictive_dendrites,6.702257905999431e-06
28278,0.1,356,hebbian,inf
28278,0.1,356,bounded_hebbian,127.70211029052734
28278,0.1,357,predictive_dendrites,6.457682502514217e-06
28278,0.1,357,hebbian,inf
28278,0.1,357,bounded_hebbian,127.70211029052734
28278,0.1,358,predictive_dendrites,6.222877345862798e-06
28278,0.1,358,hebbian,inf
28278,0.1,358,bounded_hebbian,127.70211029052734
28278,0.1,359,predictive_dendrites,5.996076652081683e-06
28278,0.1,359,hebbian,inf
28278,0.1,359,bounded_hebbian,127.70211029052734
28278,0.1,360,predictive_dendrites,5.777214937552344e-06
28278,0.1,360,hebbian,inf
28278,0.1,360,bounded_hebbian,127.70211029052734
28278,0.1,361,predictive_dendrites,5.566928848566022e-06
28278,0.1,361,hebbian,inf
28278,0.1,361,bounded_hebbian,127.70211029052734
28278,0.1,362,predictive_dendrites,5.363873242458794e-06
28278,0.1,362,hebbian,inf
28278,0.1,362,bounded_hebbian,127.70211029052734
28278,0.1,363,predictive_dendrites,5.168647021491779e-06
28278,0.1,363,hebbian,inf
28278,0.1,363,bounded_hebbian,127.70211029052734
28278,0.1,364,predictive_dendrites,4.9803788897406776e-06
28278,0.1,364,hebbian,inf
28278,0.1,364,bounded_hebbian,127.70211029052734
28278,0.1,365,predictive_dendrites,4.799012003786629e-06
28278,0.1,365,hebbian,inf
28278,0.1,365,bounded_hebbian,127.70211029052734
28278,0.1,366,predictive_dendrites,4.623952918336727e-06
28278,0.1,366,hebbian,inf
28278,0.1,366,bounded_hebbian,127.70211029052734
28278,0.1,367,predictive_dendrites,4.45530395154492e-06
28278,0.1,367,hebbian,inf
28278,0.1,367,bounded_hebbian,127.70211029052734
28278,0.1,368,predictive_dendrites,4.292995072319172e-06
28278,0.1,368,hebbian,inf
28278,0.1,368,bounded_hebbian,127.70211029052734
28278,0.1,369,predictive_dendrites,4.136255483899731e-06
28278,0.1,369,hebbian,inf
28278,0.1,369,bounded_hebbian,127.70211029052734
28278,0.1,370,predictive_dendrites,3.9855303839431144e-06
28278,0.1,370,hebbian,inf
28278,0.1,370,bounded_hebbian,127.70211029052734
28278,0.1,371,predictive_dendrites,3.8406415114877746e-06
28278,0.1,371,hebbian,inf
28278,0.1,371,bounded_hebbian,127.70211029052734
28278,0.1,372,predictive_dendrites,3.700498382386286e-06
28278,0.1,372,hebbian,inf
28278,0.1,372,bounded_hebbian,127.70211029052734
28278,0.1,373,predictive_dendrites,3.565449787856778e-06
28278,0.1,373,hebbian,inf
28278,0.1,373,bounded_hebbian,127.70211029052734
28278,0.1,374,predictive_dendrites,3.435562121012481e-06
28278,0.1,374,hebbian,inf
28278,0.1,374,bounded_hebbian,127.70211029052734
28278,0.1,375,predictive_dendrites,3.3102578527177684e-06
28278,0.1,375,hebbian,inf
28278,0.1,375,bounded_hebbian,127.70211029052734
28278,0.1,376,predictive_dendrites,3.189620429111528e-06
28278,0.1,376,hebbian,inf
28278,0.1,376,bounded_hebbian,127.70211029052734
28278,0.1,377,predictive_dendrites,3.0731075639778282e-06
28278,0.1,377,hebbian,inf
28278,0.1,377,bounded_hebbian,127.70211029052734
28278,0.1,378,predictive_dendrites,2.9612260732392315e-06
28278,0.1,378,hebbian,inf
28278,0.1,378,bounded_hebbian,127.70211029052734
28278,0.1,379,predictive_dendrites,2.853436853911262e-06
28278,0.1,379,hebbian,inf
28278,0.1,379,bounded_hebbian,127.70211029052734
28278,0.1,380,predictive_dendrites,2.7492314984556288e-06
28278,0.1,380,hebbian,inf
28278,0.1,380,bounded_hebbian,127.70211029052734
28278,0.1,381,predictive_dendrites,2.6488996809348464e-06
28278,0.1,381,hebbian,inf
28278,0.1,381,bounded_hebbian,127.70211029052734
28278,0.1,382,predictive_dendrites,2.5523499971313868e-06
28278,0.1,382,hebbian,inf
28278,0.1,382,bounded_hebbian,127.70211029052734
28278,0.1,383,predictive_dendrites,2.4592702629888663e-06
28278,0.1,383,hebbian,inf
28278,0.1,383,bounded_hebbian,127.70211029052734
28278,0.1,384,predictive_dendrites,2.3695708932791604e-06
28278,0.1,384,hebbian,inf
28278,0.1,384,bounded_hebbian,127.70211029052734
28278,0.1,385,predictive_dendrites,2.2831663955003023e-06
28278,0.1,385,hebbian,inf
28278,0.1,385,bounded_hebbian,127.70211029052734
28278,0.1,386,predictive_dendrites,2.199865321017569e-06
28278,0.1,386,hebbian,inf
28278,0.1,386,bounded_hebbian,127.70211029052734
28278,0.1,387,predictive_dendrites,2.119681312251487e-06
28278,0.1,387,hebbian,inf
28278,0.1,387,bounded_hebbian,127.70211029052734
28278,0.1,388,predictive_dendrites,2.042600499407854e-06
28278,0.1,388,hebbian,inf
28278,0.1,388,bounded_hebbian,127.70211029052734
28278,0.1,389,predictive_dendrites,1.9681244793900987e-06
28278,0.1,389,hebbian,inf
28278,0.1,389,bounded_hebbian,127.70211029052734
28278,0.1,390,predictive_dendrites,1.8963430648000212e-06
28278,0.1,390,hebbian,inf
28278,0.1,390,bounded_hebbian,127.70211029052734
28278,0.1,391,predictive_dendrites,1.8271064163855044e-06
28278,0.1,391,hebbian,inf
28278,0.1,391,bounded_hebbian,127.70211029052734
28278,0.1,392,predictive_dendrites,1.76058210854535e-06
28278,0.1,392,hebbian,inf
28278,0.1,392,bounded_hebbian,127.70211029052734
28278,0.1,393,predictive_dendrites,1.6964556834864197e-06
28278,0.1,393,hebbian,inf
28278,0.1,393,bounded_hebbian,127.70211029052734
28278,0.1,394,predictive_dendrites,1.634509430914477e-06
28278,0.1,394,hebbian,inf
28278,0.1,394,bounded_hebbian,127.70211029052734
28278,0.1,395,predictive_dendrites,1.5749131989650778e-06
28278,0.1,395,hebbian,inf
28278,0.1,395,bounded_hebbian,127.70211029052734
28278,0.1,396,predictive_dendrites,1.51752487909107e-06
28278,0.1,396,hebbian,inf
28278,0.1,396,bounded_hebbian,127.70211029052734
28278,0.1,397,predictive_dendrites,1.4619971580032143e-06
28278,0.1,397,hebbian,inf
28278,0.1,397,bounded_hebbian,127.70211029052734
28278,0.1,398,predictive_dendrites,1.4088504940446e-06
28278,0.1,398,hebbian,inf
28278,0.1,398,bounded_hebbian,127.70211029052734
28278,0.1,399,predictive_dendrites,1.3575199773185886e-06
28278,0.1,399,hebbian,inf
28278,0.1,399,bounded_hebbian,127.70211029052734
28278,0.1,400,predictive_dendrites,1.3078963547741296e-06
28278,0.1,400,hebbian,inf
28278,0.1,400,bounded_hebbian,127.70211029052734
28278,0.1,401,predictive_dendrites,1.260260091839882e-06
28278,0.1,401,hebbian,inf
28278,0.1,401,bounded_hebbian,127.70211029052734
28278,0.1,402,predictive_dendrites,1.2143011645093793e-06
28278,0.1,402,hebbian,inf
28278,0.1,402,bounded_hebbian,127.70211029052734
28278,0.1,403,predictive_dendrites,1.1700338973241742e-06
28278,0.1,403,hebbian,inf
28278,0.1,403,bounded_hebbian,127.70211029052734
28278,0.1,404,predictive_dendrites,1.1273489235463785e-06
28278,0.1,404,hebbian,inf
28278,0.1,404,bounded_hebbian,127.70211029052734
28278,0.1,405,predictive_dendrites,1.0862004273803905e-06
28278,0.1,405,hebbian,inf
28278,0.1,405,bounded_hebbian,127.70211029052734
28278,0.1,406,predictive_dendrites,1.0466134199305088e-06
28278,0.1,406,hebbian,inf
28278,0.1,406,bounded_hebbian,127.70211029052734
28278,0.1,407,predictive_dendrites,1.0083576853503473e-06
28278,0.1,407,hebbian,inf
28278,0.1,407,bounded_hebbian,127.70211029052734
28278,0.1,408,predictive_dendrites,9.715788564790273e-07
28278,0.1,408,hebbian,inf
28278,0.1,408,bounded_hebbian,127.70211029052734
28278,0.1,409,predictive_dendrites,9.361778552374744e-07
28278,0.1,409,hebbian,inf
28278,0.1,409,bounded_hebbian,127.70211029052734
28278,0.1,410,predictive_dendrites,9.021113100970979e-07
28278,0.1,410,hebbian,inf
28278,0.1,410,bounded_hebbian,127.70211029052734
28278,0.1,411,predictive_dendrites,8.692325081938179e-07
28278,0.1,411,hebbian,inf
28278,0.1,411,bounded_hebbian,127.70211029052734
28278,0.1,412,predictive_dendrites,8.376193818548927e-07
28278,0.1,412,hebbian,inf
28278,0.1,412,bounded_hebbian,127.70211029052734
28278,0.1,413,predictive_dendrites,8.06913078577054e-07
28278,0.1,413,hebbian,inf
28278,0.1,413,bounded_hebbian,127.70211029052734
28278,0.1,414,predictive_dendrites,7.775667540954601e-07
28278,0.1,414,hebbian,inf
28278,0.1,414,bounded_hebbian,127.70211029052734
28278,0.1,415,predictive_dendrites,7.491782412216708e-07
28278,0.1,415,hebbian,inf
28278,0.1,415,bounded_hebbian,127.70211029052734
28278,0.1,416,predictive_dendrites,7.219266535685165e-07
28278,0.1,416,hebbian,inf
28278,0.1,416,bounded_hebbian,127.70211029052734
28278,0.1,417,predictive_dendrites,6.954788887014729e-07
28278,0.1,417,hebbian,inf
28278,0.1,417,bounded_hebbian,127.70211029052734
28278,0.1,418,predictive_dendrites,6.701602046632615e-07
28278,0.1,418,hebbian,inf
28278,0.1,418,bounded_hebbian,127.70211029052734
28278,0.1,419,predictive_dendrites,6.457398740167264e-07
28278,0.1,419,hebbian,inf
28278,0.1,419,bounded_hebbian,127.70211029052734
28278,0.1,420,predictive_dendrites,6.222427941793285e-07
28278,0.1,420,hebbian,inf
28278,0.1,420,bounded_hebbian,127.70211029052734
28278,0.1,421,predictive_dendrites,5.994119760543981e-07
28278,0.1,421,hebbian,inf
28278,0.1,421,bounded_hebbian,127.70211029052734
28278,0.1,422,predictive_dendrites,5.776419129688293e-07
28278,0.1,422,hebbian,inf
28278,0.1,422,bounded_hebbian,127.70211029052734
28278,0.1,423,predictive_dendrites,5.566302547777013e-07
28278,0.1,423,hebbian,inf
28278,0.1,423,bounded_hebbian,127.70211029052734
28278,0.1,424,predictive_dendrites,5.362708748180012e-07
28278,0.1,424,hebbian,inf
28278,0.1,424,bounded_hebbian,127.70211029052734
28278,0.1,425,predictive_dendrites,5.166763230590732e-07
28278,0.1,425,hebbian,inf
28278,0.1,425,bounded_hebbian,127.70211029052734
28278,0.1,426,predictive_dendrites,4.97867972626409e-07
28278,0.1,426,hebbian,inf
28278,0.1,426,bounded_hebbian,127.70211029052734
28278,0.1,427,predictive_dendrites,4.796972916665254e-07
28278,0.1,427,hebbian,inf
28278,0.1,427,bounded_hebbian,127.70211029052734
28278,0.1,428,predictive_dendrites,4.621874154508987e-07
28278,0.1,428,hebbian,inf
28278,0.1,428,bounded_hebbian,127.70211029052734
28278,0.1,429,predictive_dendrites,4.4524267650558613e-07
28278,0.1,429,hebbian,inf
28278,0.1,429,bounded_hebbian,127.70211029052734
28278,0.1,430,predictive_dendrites,4.290056949685095e-07
28278,0.1,430,hebbian,inf
28278,0.1,430,bounded_hebbian,127.70211029052734
28278,0.1,431,predictive_dendrites,4.1341326095789555e-07
28278,0.1,431,hebbian,inf
28278,0.1,431,bounded_hebbian,127.70211029052734
28278,0.1,432,predictive_dendrites,3.984112595389888e-07
28278,0.1,432,hebbian,inf
28278,0.1,432,bounded_hebbian,127.70211029052734
28278,0.1,433,predictive_dendrites,3.8387111089832615e-07
28278,0.1,433,hebbian,inf
28278,0.1,433,bounded_hebbian,127.70211029052734
28278,0.1,434,predictive_dendrites,3.69819588286191e-07
28278,0.1,434,hebbian,inf
28278,0.1,434,bounded_hebbian,127.70211029052734
28278,0.1,435,predictive_dendrites,3.563146151464025e-07
28278,0.1,435,hebbian,inf
28278,0.1,435,bounded_hebbian,127.70211029052734
28278,0.1,436,predictive_dendrites,3.433393658269779e-07
28278,0.1,436,hebbian,inf
28278,0.1,436,bounded_hebbian,127.70211029052734
28278,0.1,437,predictive_dendrites,3.3074113048314757e-07
28278,0.1,437,hebbian,inf
28278,0.1,437,bounded_hebbian,127.70211029052734
28278,0.1,438,predictive_dendrites,3.187170136698114e-07
28278,0.1,438,hebbian,inf
28278,0.1,438,bounded_hebbian,127.70211029052734
28278,0.1,439,predictive_dendrites,3.0707886367054016e-07
28278,0.1,439,hebbian,inf
28278,0.1,439,bounded_hebbian,127.70211029052734
28278,0.1,440,predictive_dendrites,2.958530558316852e-07
28278,0.1,440,hebbian,inf
28278,0.1,440,bounded_hebbian,127.70211029052734
28278,0.1,441,predictive_dendrites,2.851855924745905e-07
28278,0.1,441,hebbian,inf
28278,0.1,441,bounded_hebbian,127.70211029052734
28278,0.1,442,predictive_dendrites,2.7477716457724455e-07
28278,0.1,442,hebbian,inf
28278,0.1,442,bounded_hebbian,127.70211029052734
28278,0.1,443,predictive_dendrites,2.646845587150892e-07
28278,0.1,443,hebbian,inf
28278,0.1,443,bounded_hebbian,127.70211029052734
28278,0.1,444,predictive_dendrites,2.549619466662989e-07
28278,0.1,444,hebbian,inf
28278,0.1,444,bounded_hebbian,127.70211029052734
28278,0.1,445,predictive_dendrites,2.4568680601078086e-07
28278,0.1,445,hebbian,inf
28278,0.1,445,bounded_hebbian,127.70211029052734
28278,0.1,446,predictive_dendrites,2.367574296613384e-07
28278,0.1,446,hebbian,inf
28278,0.1,446,bounded_hebbian,127.70211029052734
28278,0.1,447,predictive_dendrites,2.281650210989028e-07
28278,0.1,447,hebbian,inf
28278,0.1,447,bounded_hebbian,127.70211029052734
28278,0.1,448,predictive_dendrites,2.1981412601235206e-07
28278,0.1,448,hebbian,inf
28278,0.1,448,bounded_hebbian,127.70211029052734
28278,0.1,449,predictive_dendrites,2.1181088527555403e-07
28278,0.1,449,hebbian,inf
28278,0.1,449,bounded_hebbian,127.70211029052734
28278,0.1,450,predictive_dendrites,2.0409120793374314e-07
28278,0.1,450,hebbian,inf
28278,0.1,450,bounded_hebbian,127.70211029052734
28278,0.1,451,predictive_dendrites,1.9662078898363688e-07
28278,0.1,451,hebbian,inf
28278,0.1,451,bounded_hebbian,127.70211029052734
28278,0.1,452,predictive_dendrites,1.8949666014123068e-07
28278,0.1,452,hebbian,inf
28278,0.1,452,bounded_hebbian,127.70211029052734
28278,0.1,453,predictive_dendrites,1.8260658407598385e-07
28278,0.1,453,hebbian,inf
28278,0.1,453,bounded_hebbian,127.70211029052734
28278,0.1,454,predictive_dendrites,1.758683936259331e-07
28278,0.1,454,hebbian,inf
28278,0.1,454,bounded_hebbian,127.70211029052734
28278,0.1,455,predictive_dendrites,1.694533153795419e-07
28278,0.1,455,hebbian,inf
28278,0.1,455,bounded_hebbian,127.70211029052734
28278,0.1,456,predictive_dendrites,1.6322967155701917e-07
28278,0.1,456,hebbian,inf
28278,0.1,456,bounded_hebbian,127.70211029052734
28278,0.1,457,predictive_dendrites,1.5733495217773452e-07
28278,0.1,457,hebbian,inf
28278,0.1,457,bounded_hebbian,127.70211029052734
28278,0.1,458,predictive_dendrites,1.515492584758249e-07
28278,0.1,458,hebbian,inf
28278,0.1,458,bounded_hebbian,127.70211029052734
28278,0.1,459,predictive_dendrites,1.4607650200559874e-07
28278,0.1,459,hebbian,inf
28278,0.1,459,bounded_hebbian,127.70211029052734
28278,0.1,460,predictive_dendrites,1.4079382992804312e-07
28278,0.1,460,hebbian,inf
28278,0.1,460,bounded_hebbian,127.70211029052734
28278,0.1,461,predictive_dendrites,1.3558651801304222e-07
28278,0.1,461,hebbian,inf
28278,0.1,461,bounded_hebbian,127.70211029052734
28278,0.1,462,predictive_dendrites,1.3064961024156219e-07
28278,0.1,462,hebbian,inf
28278,0.1,462,bounded_hebbian,127.70211029052734
28278,0.1,463,predictive_dendrites,1.2586804132297402e-07
28278,0.1,463,hebbian,inf
28278,0.1,463,bounded_hebbian,127.70211029052734
28278,0.1,464,predictive_dendrites,1.2129996207477234e-07
28278,0.1,464,hebbian,inf
28278,0.1,464,bounded_hebbian,127.70211029052734
28278,0.1,465,predictive_dendrites,1.168772882920166e-07
28278,0.1,465,hebbian,inf
28278,0.1,465,bounded_hebbian,127.70211029052734
28278,0.1,466,predictive_dendrites,1.1261720800348485e-07
28278,0.1,466,hebbian,inf
28278,0.1,466,bounded_hebbian,127.70211029052734
28278,0.1,467,predictive_dendrites,1.0849463905060475e-07
28278,0.1,467,hebbian,inf
28278,0.1,467,bounded_hebbian,127.70211029052734
28278,0.1,468,predictive_dendrites,1.0456455612484206e-07
28278,0.1,468,hebbian,inf
28278,0.1,468,bounded_hebbian,127.70211029052734
28278,0.1,469,predictive_dendrites,1.0072619005541128e-07
28278,0.1,469,hebbian,inf
28278,0.1,469,bounded_hebbian,127.70211029052734
28278,0.1,470,predictive_dendrites,9.707097348155003e-08
28278,0.1,470,hebbian,inf
28278,0.1,470,bounded_hebbian,127.70211029052734
28278,0.1,471,predictive_dendrites,9.353760077601692e-08
28278,0.1,471,hebbian,inf
28278,0.1,471,bounded_hebbian,127.70211029052734
28278,0.1,472,predictive_dendrites,9.010603463366351e-08
28278,0.1,472,hebbian,inf
28278,0.1,472,bounded_hebbian,127.70211029052734
28278,0.1,473,predictive_dendrites,8.680844842956503e-08
28278,0.1,473,hebbian,inf
28278,0.1,473,bounded_hebbian,127.70211029052734
28278,0.1,474,predictive_dendrites,8.365864090364994e-08
28278,0.1,474,hebbian,inf
28278,0.1,474,bounded_hebbian,127.70211029052734
28278,0.1,475,predictive_dendrites,8.060087708372521e-08
28278,0.1,475,hebbian,inf
28278,0.1,475,bounded_hebbian,127.70211029052734
28278,0.1,476,predictive_dendrites,7.765008547266916e-08
28278,0.1,476,hebbian,inf
28278,0.1,476,bounded_hebbian,127.70211029052734
28278,0.1,477,predictive_dendrites,7.478691799178705e-08
28278,0.1,477,hebbian,inf
28278,0.1,477,bounded_hebbian,127.70211029052734
28278,0.1,478,predictive_dendrites,7.210550734271237e-08
28278,0.1,478,hebbian,inf
28278,0.1,478,bounded_hebbian,127.70211029052734
28278,0.1,479,predictive_dendrites,6.947285413616555e-08
28278,0.1,479,hebbian,inf
28278,0.1,479,bounded_hebbian,127.70211029052734
28278,0.1,480,predictive_dendrites,6.692008724940024e-08
28278,0.1,480,hebbian,inf
28278,0.1,480,bounded_hebbian,127.70211029052734
28278,0.1,481,predictive_dendrites,6.44606856781138e-08
28278,0.1,481,hebbian,inf
28278,0.1,481,bounded_hebbian,127.70211029052734
28278,0.1,482,predictive_dendrites,6.209169356452549e-08
28278,0.1,482,hebbian,inf
28278,0.1,482,bounded_hebbian,127.70211029052734
28278,0.1,483,predictive_dendrites,5.984011153259416e-08
28278,0.1,483,hebbian,inf
28278,0.1,483,bounded_hebbian,127.70211029052734
28278,0.1,484,predictive_dendrites,5.762992572044823e-08
28278,0.1,484,hebbian,inf
28278,0.1,484,bounded_hebbian,127.70211029052734
28278,0.1,485,predictive_dendrites,5.554558768494644e-08
28278,0.1,485,hebbian,inf
28278,0.1,485,bounded_hebbian,127.70211029052734
28278,0.1,486,predictive_dendrites,5.352721643703262e-08
28278,0.1,486,hebbian,inf
28278,0.1,486,bounded_hebbian,127.70211029052734
28278,0.1,487,predictive_dendrites,5.1573429971085716e-08
28278,0.1,487,hebbian,inf
28278,0.1,487,bounded_hebbian,127.70211029052734
28278,0.1,488,predictive_dendrites,4.9695660919724105e-08
28278,0.1,488,hebbian,inf
28278,0.1,488,bounded_hebbian,127.70211029052734
28278,0.1,489,predictive_dendrites,4.790503638218979e-08
28278,0.1,489,hebbian,inf
28278,0.1,489,bounded_hebbian,127.70211029052734
28278,0.1,490,predictive_dendrites,4.610886250588919e-08
28278,0.1,490,hebbian,inf
28278,0.1,490,bounded_hebbian,127.70211029052734
28278,0.1,491,predictive_dendrites,4.4472617588553476e-08
28278,0.1,491,hebbian,inf
28278,0.1,491,bounded_hebbian,127.70211029052734
28278,0.1,492,predictive_dendrites,4.282876631123145e-08
28278,0.1,492,hebbian,inf
28278,0.1,492,bounded_hebbian,127.70211029052734
28278,0.1,493,predictive_dendrites,4.127654307239936e-08
28278,0.1,493,hebbian,inf
28278,0.1,493,bounded_hebbian,127.70211029052734
28278,0.1,494,predictive_dendrites,3.9776459459517355e-08
28278,0.1,494,hebbian,inf
28278,0.1,494,bounded_hebbian,127.70211029052734
28278,0.1,495,predictive_dendrites,3.830441386298844e-08
28278,0.1,495,hebbian,inf
28278,0.1,495,bounded_hebbian,127.70211029052734
28278,0.1,496,predictive_dendrites,3.691736338851115e-08
28278,0.1,496,hebbian,inf
28278,0.1,496,bounded_hebbian,127.70211029052734
28278,0.1,497,predictive_dendrites,3.5567133238600945e-08
28278,0.1,497,hebbian,inf
28278,0.1,497,bounded_hebbian,127.70211029052734
28278,0.1,498,predictive_dendrites,3.428618811085471e-08
28278,0.1,498,hebbian,inf
28278,0.1,498,bounded_hebbian,127.70211029052734
28278,0.1,499,predictive_dendrites,3.3007076183366735e-08
28278,0.1,499,hebbian,inf
28278,0.1,499,bounded_hebbian,127.70211029052734
28278,0.1,500,predictive_dendrites,3.180527485824314e-08
28278,0.1,500,hebbian,inf
28278,0.1,500,bounded_hebbian,127.70211029052734
15273,0.1,1,predictive_dendrites,0.5964936017990112
15273,0.1,1,hebbian,0.7658889293670654
15273,0.1,1,bounded_hebbian,0.4567532241344452
15273,0.1,2,predictive_dendrites,0.3225284218788147
15273,0.1,2,hebbian,0.6336863040924072
15273,0.1,2,bounded_hebbian,0.3872615396976471
15273,0.1,3,predictive_dendrites,0.30442070960998535
15273,0.1,3,hebbian,0.49359723925590515
15273,0.1,3,bounded_hebbian,0.32132697105407715
15273,0.1,4,predictive_dendrites,0.30509644746780396
15273,0.1,4,hebbian,0.3519528806209564
15273,0.1,4,bounded_hebbian,0.26529473066329956
15273,0.1,5,predictive_dendrites,0.30527007579803467
15273,0.1,5,hebbian,0.2186204195022583
15273,0.1,5,bounded_hebbian,0.2282903492450714
15273,0.1,6,predictive_dendrites,0.30512744188308716
15273,0.1,6,hebbian,0.10836134850978851
15273,0.1,6,bounded_hebbian,0.21917149424552917
15273,0.1,7,predictive_dendrites,0.3020937442779541
15273,0.1,7,hebbian,0.0426570400595665
15273,0.1,7,bounded_hebbian,0.24106000363826752
15273,0.1,8,predictive_dendrites,0.29869717359542847
15273,0.1,8,hebbian,0.05215507745742798
15273,0.1,8,bounded_hebbian,0.29161831736564636
15273,0.1,9,predictive_dendrites,0.2940608263015747
15273,0.1,9,hebbian,0.17994019389152527
15273,0.1,9,bounded_hebbian,0.3951854109764099
15273,0.1,10,predictive_dendrites,0.2883555591106415
15273,0.1,10,hebbian,0.4859001636505127
15273,0.1,10,bounded_hebbian,0.5641974210739136
15273,0.1,11,predictive_dendrites,0.2820549011230469
15273,0.1,11,hebbian,1.0525448322296143
15273,0.1,11,bounded_hebbian,0.8210303783416748
15273,0.1,12,predictive_dendrites,0.2756010890007019
15273,0.1,12,hebbian,1.9927515983581543
15273,0.1,12,bounded_hebbian,1.1938018798828125
15273,0.1,13,predictive_dendrites,0.2694863975048065
15273,0.1,13,hebbian,3.460066795349121
15273,0.1,13,bounded_hebbian,1.670485258102417
15273,0.1,14,predictive_dendrites,0.2633749544620514
15273,0.1,14,hebbian,5.662390232086182
15273,0.1,14,bounded_hebbian,2.2759854793548584
15273,0.1,15,predictive_dendrites,0.2573404908180237
15273,0.1,15,hebbian,8.880157470703125
15273,0.1,15,bounded_hebbian,3.0655317306518555
15273,0.1,16,predictive_dendrites,0.2513919472694397
15273,0.1,16,hebbian,13.490456581115723
15273,0.1,16,bounded_hebbian,4.029947757720947
15273,0.1,17,predictive_dendrites,0.24555307626724243
15273,0.1,17,hebbian,19.999040603637695
15273,0.1,17,bounded_hebbian,5.175601482391357
15273,0.1,18,predictive_dendrites,0.23991107940673828
15273,0.1,18,hebbian,29.08277130126953
15273,0.1,18,bounded_hebbian,6.42087984085083
15273,0.1,19,predictive_dendrites,0.23451504111289978
15273,0.1,19,hebbian,41.64595031738281
15273,0.1,19,bounded_hebbian,7.839573383331299
15273,0.1,20,predictive_dendrites,0.2293965220451355
15273,0.1,20,hebbian,58.8948974609375
15273,0.1,20,bounded_hebbian,9.43333625793457
15273,0.1,21,predictive_dendrites,0.224574476480484
15273,0.1,21,hebbian,82.43697357177734
15273,0.1,21,bounded_hebbian,11.235429763793945
15273,0.1,22,predictive_dendrites,0.22005869448184967
15273,0.1,22,hebbian,114.41175842285156
15273,0.1,22,bounded_hebbian,13.3107271194458
15273,0.1,23,predictive_dendrites,0.21585142612457275
15273,0.1,23,hebbian,157.66497802734375
15273,0.1,23,bounded_hebbian,15.69938850402832
15273,0.1,24,predictive_dendrites,0.21194937825202942
15273,0.1,24,hebbian,215.9791259765625
15273,0.1,24,bounded_hebbian,18.42183494567871
15273,0.1,25,predictive_dendrites,0.2083444446325302
15273,0.1,25,hebbian,294.3792419433594
15273,0.1,25,bounded_hebbian,21.2513427734375
15273,0.1,26,predictive_dendrites,0.20502464473247528
15273,0.1,26,hebbian,399.538330078125
15273,0.1,26,bounded_hebbian,24.26759910583496
15273,0.1,27,predictive_dendrites,0.2021455466747284
15273,0.1,27,hebbian,540.3151245117188
15273,0.1,27,bounded_hebbian,27.256072998046875
15273,0.1,28,predictive_dendrites,0.19978418946266174
15273,0.1,28,hebbian,728.4671020507812
15273,0.1,28,bounded_hebbian,30.525741577148438
15273,0.1,29,predictive_dendrites,0.1976289004087448
15273,0.1,29,hebbian,979.5968017578125
15273,0.1,29,bounded_hebbian,33.777923583984375
15273,0.1,30,predictive_dendrites,0.19565817713737488
15273,0.1,30,hebbian,1314.4071044921875
15273,0.1,30,bounded_hebbian,36.55537796020508
15273,0.1,31,predictive_dendrites,0.1938561201095581
15273,0.1,31,hebbian,1760.365966796875
15273,0.1,31,bounded_hebbian,39.476173400878906
15273,0.1,32,predictive_dendrites,0.1921955943107605
15273,0.1,32,hebbian,2353.918701171875
15273,0.1,32,bounded_hebbian,42.33633804321289
15273,0.1,33,predictive_dendrites,0.1906161606311798
15273,0.1,33,hebbian,3143.4189453125
15273,0.1,33,bounded_hebbian,44.96417999267578
15273,0.1,34,predictive_dendrites,0.18912801146507263
15273,0.1,34,hebbian,4193.02685546875
15273,0.1,34,bounded_hebbian,47.27360916137695
15273,0.1,35,predictive_dendrites,0.18771976232528687
15273,0.1,35,hebbian,5587.880859375
15273,0.1,35,bounded_hebbian,49.28044891357422
15273,0.1,36,predictive_dendrites,0.1863628625869751
15273,0.1,36,hebbian,7440.9638671875
15273,0.1,36,bounded_hebbian,50.9481201171875
15273,0.1,37,predictive_dendrites,0.18504798412322998
15273,0.1,37,hebbian,9902.2294921875
15273,0.1,37,bounded_hebbian,52.658748626708984
15273,0.1,38,predictive_dendrites,0.18376052379608154
15273,0.1,38,hebbian,13170.720703125
15273,0.1,38,bounded_hebbian,54.476078033447266
15273,0.1,39,predictive_dendrites,0.18248525261878967
15273,0.1,39,hebbian,17510.671875
15273,0.1,39,bounded_hebbian,56.118064880371094
15273,0.1,40,predictive_dendrites,0.1813034862279892
15273,0.1,40,hebbian,23272.90625
15273,0.1,40,bounded_hebbian,57.662109375
15273,0.1,41,predictive_dendrites,0.18010622262954712
15273,0.1,41,hebbian,30923.283203125
15273,0.1,41,bounded_hebbian,59.35255813598633
15273,0.1,42,predictive_dendrites,0.17887352406978607
15273,0.1,42,hebbian,41080.4921875
15273,0.1,42,bounded_hebbian,61.171443939208984
15273,0.1,43,predictive_dendrites,0.17759662866592407
15273,0.1,43,hebbian,54566.3359375
15273,0.1,43,bounded_hebbian,63.137176513671875
15273,0.1,44,predictive_dendrites,0.17626824975013733
15273,0.1,44,hebbian,72472.5234375
15273,0.1,44,bounded_hebbian,65.25440979003906
15273,0.1,45,predictive_dendrites,0.17488226294517517
15273,0.1,45,hebbian,96249.5390625
15273,0.1,45,bounded_hebbian,67.29168701171875
15273,0.1,46,predictive_dendrites,0.17343392968177795
15273,0.1,46,hebbian,127824.90625
15273,0.1,46,bounded_hebbian,69.34748840332031
15273,0.1,47,predictive_dendrites,0.17191949486732483
15273,0.1,47,hebbian,169760.3125
15273,0.1,47,bounded_hebbian,71.1971206665039
15273,0.1,48,predictive_dendrites,0.17033647000789642
15273,0.1,48,hebbian,225460.75
15273,0.1,48,bounded_hebbian,73.0011978149414
15273,0.1,49,predictive_dendrites,0.1686832308769226
15273,0.1,49,hebbian,299452.90625
15273,0.1,49,bounded_hebbian,74.7650146484375
15273,0.1,50,predictive_dendrites,0.16695912182331085
15273,0.1,50,hebbian,397755.25
15273,0.1,50,bounded_hebbian,76.34951782226562
15273,0.1,51,predictive_dendrites,0.1651642620563507
15273,0.1,51,hebbian,528370.8125
15273,0.1,51,bounded_hebbian,77.60568237304688
15273,0.1,52,predictive_dendrites,0.1632995903491974
15273,0.1,52,hebbian,701943.125
15273,0.1,52,bounded_hebbian,78.89495086669922
15273,0.1,53,predictive_dendrites,0.16136664152145386
15273,0.1,53,hebbian,932628.8125
15273,0.1,53,bounded_hebbian,80.05416107177734
15273,0.1,54,predictive_dendrites,0.15936754643917084
15273,0.1,54,hebbian,1239259.75
15273,0.1,54,bounded_hebbian,81.19855499267578
15273,0.1,55,predictive_dendrites,0.15730495750904083
15273,0.1,55,hebbian,1646889.0
15273,0.1,55,bounded_hebbian,82.14299011230469
15273,0.1,56,predictive_dendrites,0.1551818549633026
15273,0.1,56,hebbian,2188852.0
15273,0.1,56,bounded_hebbian,83.14387512207031
15273,0.1,57,predictive_dendrites,0.15300172567367554
15273,0.1,57,hebbian,2909507.25
15273,0.1,57,bounded_hebbian,84.20589447021484
15273,0.1,58,predictive_dendrites,0.15076826512813568
15273,0.1,58,hebbian,3867887.5
15273,0.1,58,bounded_hebbian,85.33442687988281
15273,0.1,59,predictive_dendrites,0.14848542213439941
15273,0.1,59,hebbian,5142565.0
15273,0.1,59,bounded_hebbian,86.54651641845703
15273,0.1,60,predictive_dendrites,0.1462014615535736
15273,0.1,60,hebbian,6838122.0
15273,0.1,60,bounded_hebbian,87.85398864746094
15273,0.1,61,predictive_dendrites,0.14390702545642853
15273,0.1,61,hebbian,9093784.0
15273,0.1,61,bounded_hebbian,89.2345962524414
15273,0.1,62,predictive_dendrites,0.1415756791830063
15273,0.1,62,hebbian,12094908.0
15273,0.1,62,bounded_hebbian,90.71068572998047
15273,0.1,63,predictive_dendrites,0.13920918107032776
15273,0.1,63,hebbian,16088279.0
15273,0.1,63,bounded_hebbian,91.9623794555664
15273,0.1,64,predictive_dendrites,0.13680756092071533
15273,0.1,64,hebbian,21402508.0
15273,0.1,64,bounded_hebbian,93.06089782714844
15273,0.1,65,predictive_dendrites,0.13438114523887634
15273,0.1,65,hebbian,28475200.0
15273,0.1,65,bounded_hebbian,93.85643768310547
15273,0.1,66,predictive_dendrites,0.1319308876991272
15273,0.1,66,hebbian,37889128.0
15273,0.1,66,bounded_hebbian,94.61772155761719
15273,0.1,67,predictive_dendrites,0.12943385541439056
15273,0.1,67,hebbian,50420472.0
15273,0.1,67,bounded_hebbian,95.45051574707031
15273,0.1,68,predictive_dendrites,0.12692339718341827
15273,0.1,68,hebbian,67103064.0
15273,0.1,68,bounded_hebbian,96.36248016357422
15273,0.1,69,predictive_dendrites,0.12440349906682968
15273,0.1,69,hebbian,89314016.0
15273,0.1,69,bounded_hebbian,97.12345123291016
15273,0.1,70,predictive_dendrites,0.1218780130147934
15273,0.1,70,hebbian,118887768.0
15273,0.1,70,bounded_hebbian,97.6007308959961
15273,0.1,71,predictive_dendrites,0.11935056746006012
15273,0.1,71,hebbian,158268256.0
15273,0.1,71,bounded_hebbian,97.93350219726562
15273,0.1,72,predictive_dendrites,0.1168246790766716
15273,0.1,72,hebbian,210711392.0
15273,0.1,72,bounded_hebbian,98.28669738769531
15273,0.1,73,predictive_dendrites,0.11430381238460541
15273,0.1,73,hebbian,280555360.0
15273,0.1,73,bounded_hebbian,98.66187286376953
15273,0.1,74,predictive_dendrites,0.11179113388061523
15273,0.1,74,hebbian,373580352.0
15273,0.1,74,bounded_hebbian,99.06078338623047
15273,0.1,75,predictive_dendrites,0.10928967595100403
15273,0.1,75,hebbian,497488448.0
15273,0.1,75,bounded_hebbian,99.4853744506836
15273,0.1,76,predictive_dendrites,0.10680122673511505
15273,0.1,76,hebbian,662543360.0
15273,0.1,76,bounded_hebbian,99.96233367919922
15273,0.1,77,predictive_dendrites,0.104328952729702
15273,0.1,77,hebbian,882422528.0
15273,0.1,77,bounded_hebbian,100.37944793701172
15273,0.1,78,predictive_dendrites,0.10187622904777527
15273,0.1,78,hebbian,1175353984.0
15273,0.1,78,bounded_hebbian,100.55113983154297
15273,0.1,79,predictive_dendrites,0.0994453877210617
15273,0.1,79,hebbian,1565630720.0
15273,0.1,79,bounded_hebbian,100.7408676147461
15273,0.1,80,predictive_dendrites,0.09703856706619263
15273,0.1,80,hebbian,2085630848.0
15273,0.1,80,bounded_hebbian,100.95055389404297
15273,0.1,81,predictive_dendrites,0.09465774893760681
15273,0.1,81,hebbian,2778509312.0
15273,0.1,81,bounded_hebbian,101.18234252929688
15273,0.1,82,predictive_dendrites,0.09230475127696991
15273,0.1,82,hebbian,3701787904.0
15273,0.1,82,bounded_hebbian,101.43859100341797
15273,0.1,83,predictive_dendrites,0.08998124301433563
15273,0.1,83,hebbian,4932139008.0
15273,0.1,83,bounded_hebbian,101.72193908691406
15273,0.1,84,predictive_dendrites,0.08768881112337112
15273,0.1,84,hebbian,6571767808.0
15273,0.1,84,bounded_hebbian,102.03533935546875
15273,0.1,85,predictive_dendrites,0.08542868494987488
15273,0.1,85,hebbian,8756921344.0
15273,0.1,85,bounded_hebbian,102.3820571899414
15273,0.1,86,predictive_dendrites,0.0832023099064827
15273,0.1,86,hebbian,11669217280.0
15273,0.1,86,bounded_hebbian,102.76570892333984
15273,0.1,87,predictive_dendrites,0.08101119846105576
15273,0.1,87,hebbian,15550792704.0
15273,0.1,87,bounded_hebbian,103.19039154052734
15273,0.1,88,predictive_dendrites,0.07893719524145126
15273,0.1,88,hebbian,20724434944.0
15273,0.1,88,bounded_hebbian,103.66063690185547
15273,0.1,89,predictive_dendrites,0.07690209150314331
15273,0.1,89,hebbian,27620499456.0
15273,0.1,89,bounded_hebbian,104.18152618408203
15273,0.1,90,predictive_dendrites,0.07490301132202148
15273,0.1,90,hebbian,36812750848.0
15273,0.1,90,bounded_hebbian,104.75873565673828
15273,0.1,91,predictive_dendrites,0.07294044643640518
15273,0.1,91,hebbian,49066164224.0
15273,0.1,91,bounded_hebbian,105.39862823486328
15273,0.1,92,predictive_dendrites,0.07101481407880783
15273,0.1,92,hebbian,65400676352.0
15273,0.1,92,bounded_hebbian,106.10839080810547
15273,0.1,93,predictive_dendrites,0.0691264197230339
15273,0.1,93,hebbian,87176216576.0
15273,0.1,93,bounded_hebbian,106.89604949951172
15273,0.1,94,predictive_dendrites,0.0672755315899849
15273,0.1,94,hebbian,116206092288.0
15273,0.1,94,bounded_hebbian,107.7706527709961
15273,0.1,95,predictive_dendrites,0.06546224653720856
15273,0.1,95,hebbian,154908065792.0
15273,0.1,95,bounded_hebbian,108.74242401123047
15273,0.1,96,predictive_dendrites,0.06368661671876907
15273,0.1,96,hebbian,206506065920.0
15273,0.1,96,bounded_hebbian,109.4627914428711
15273,0.1,97,predictive_dendrites,0.06194867193698883
15273,0.1,97,hebbian,275299041280.0
15273,0.1,97,bounded_hebbian,109.9241714477539
15273,0.1,98,predictive_dendrites,0.06024828553199768
15273,0.1,98,hebbian,367019589632.0
15273,0.1,98,bounded_hebbian,110.33837127685547
15273,0.1,99,predictive_dendrites,0.05858534947037697
15273,0.1,99,hebbian,489311830016.0
15273,0.1,99,bounded_hebbian,110.79816436767578
15273,0.1,100,predictive_dendrites,0.05695968121290207
15273,0.1,100,hebbian,652369592320.0
15273,0.1,100,bounded_hebbian,111.3086929321289
15273,0.1,101,predictive_dendrites,0.0553709976375103
15273,0.1,101,hebbian,869786714112.0
15273,0.1,101,bounded_hebbian,111.8756332397461
15273,0.1,102,predictive_dendrites,0.053818974643945694
15273,0.1,102,hebbian,1159690846208.0
15273,0.1,102,bounded_hebbian,112.50540924072266
15273,0.1,103,predictive_dendrites,0.05230332911014557
15273,0.1,103,hebbian,1546256908288.0
15273,0.1,103,bounded_hebbian,113.20520782470703
15273,0.1,104,predictive_dendrites,0.050823625177145004
15273,0.1,104,hebbian,2061725073408.0
15273,0.1,104,bounded_hebbian,113.71012115478516
15273,0.1,105,predictive_dendrites,0.04937949404120445
15273,0.1,105,hebbian,2749092593664.0
15273,0.1,105,bounded_hebbian,114.12215423583984
15273,0.1,106,predictive_dendrites,0.047970473766326904
15273,0.1,106,hebbian,3665697439744.0
15273,0.1,106,bounded_hebbian,114.26679229736328
15273,0.1,107,predictive_dendrites,0.046596091240644455
15273,0.1,107,hebbian,4888011472896.0
15273,0.1,107,bounded_hebbian,114.26679229736328
15273,0.1,108,predictive_dendrites,0.045255858451128006
15273,0.1,108,hebbian,6518027059200.0
15273,0.1,108,bounded_hebbian,114.26679229736328
15273,0.1,109,predictive_dendrites,0.043949224054813385
15273,0.1,109,hebbian,8691761283072.0
15273,0.1,109,bounded_hebbian,114.26679229736328
15273,0.1,110,predictive_dendrites,0.042675722390413284
15273,0.1,110,hebbian,11590626705408.0
15273,0.1,110,bounded_hebbian,114.26679229736328
15273,0.1,111,predictive_dendrites,0.04143472760915756
15273,0.1,111,hebbian,15456567033856.0
15273,0.1,111,bounded_hebbian,114.26679229736328
15273,0.1,112,predictive_dendrites,0.04022570699453354
15273,0.1,112,hebbian,20612273668096.0
15273,0.1,112,bounded_hebbian,114.26679229736328
15273,0.1,113,predictive_dendrites,0.03904810547828674
15273,0.1,113,hebbian,27488130433024.0
15273,0.1,113,bounded_hebbian,114.26679229736328
15273,0.1,114,predictive_dendrites,0.037901297211647034
15273,0.1,114,hebbian,36658149851136.0
15273,0.1,114,bounded_hebbian,114.26679229736328
15273,0.1,115,predictive_dendrites,0.03678474947810173
15273,0.1,115,hebbian,48887964368896.0
15273,0.1,115,bounded_hebbian,114.26679229736328
15273,0.1,116,predictive_dendrites,0.0356978215277195
15273,0.1,116,hebbian,65198727626752.0
15273,0.1,116,bounded_hebbian,114.26679229736328
15273,0.1,117,predictive_dendrites,0.034639954566955566
15273,0.1,117,hebbian,86952434991104.0
15273,0.1,117,bounded_hebbian,114.26679229736328
15273,0.1,118,predictive_dendrites,0.03361048921942711
15273,0.1,118,hebbian,115965735993344.0
15273,0.1,118,bounded_hebbian,114.26679229736328
15273,0.1,119,predictive_dendrites,0.03260890021920204
15273,0.1,119,hebbian,154661487116288.0
15273,0.1,119,bounded_hebbian,114.26679229736328
15273,0.1,120,predictive_dendrites,0.03163452818989754
15273,0.1,120,hebbian,206271642861568.0
15273,0.1,120,bounded_hebbian,114.26679229736328
15273,0.1,121,predictive_dendrites,0.030686844140291214
15273,0.1,121,hebbian,275107050160128.0
15273,0.1,121,bounded_hebbian,114.26679229736328
15273,0.1,122,predictive_dendrites,0.0297651719301939
15273,0.1,122,hebbian,366917244157952.0
15273,0.1,122,bounded_hebbian,114.26679229736328
15273,0.1,123,predictive_dendrites,0.028868958353996277
15273,0.1,123,hebbian,489371761377280.0
15273,0.1,123,bounded_hebbian,114.26679229736328
15273,0.1,124,predictive_dendrites,0.027997585013508797
15273,0.1,124,hebbian,652699871739904.0
15273,0.1,124,bounded_hebbian,114.26679229736328
15273,0.1,125,predictive_dendrites,0.027150528505444527
15273,0.1,125,hebbian,870546250137600.0
15273,0.1,125,bounded_hebbian,114.26679229736328
15273,0.1,126,predictive_dendrites,0.026327213272452354
15273,0.1,126,hebbian,1161111927783424.0
15273,0.1,126,bounded_hebbian,114.26679229736328
15273,0.1,127,predictive_dendrites,0.02551620453596115
15273,0.1,127,hebbian,1548671522963456.0
15273,0.1,127,bounded_hebbian,114.26679229736328
15273,0.1,128,predictive_dendrites,0.024725817143917084
15273,0.1,128,hebbian,2065610431266816.0
15273,0.1,128,bounded_hebbian,114.26679229736328
15273,0.1,129,predictive_dendrites,0.02395792491734028
15273,0.1,129,hebbian,2755120857088000.0
15273,0.1,129,bounded_hebbian,114.26679229736328
15273,0.1,130,predictive_dendrites,0.023212037980556488
15273,0.1,130,hebbian,3674821263097856.0
15273,0.1,130,bounded_hebbian,114.26679229736328
15273,0.1,131,predictive_dendrites,0.022487536072731018
15273,0.1,131,hebbian,4901558412115968.0
15273,0.1,131,bounded_hebbian,114.26679229736328
15273,0.1,132,predictive_dendrites,0.021783944219350815
15273,0.1,132,hebbian,6537855052546048.0
15273,0.1,132,bounded_hebbian,114.26679229736328
15273,0.1,133,predictive_dendrites,0.02110072784125805
15273,0.1,133,hebbian,8720447910707200.0
15273,0.1,133,bounded_hebbian,114.26679229736328
15273,0.1,134,predictive_dendrites,0.020436152815818787
15273,0.1,134,hebbian,1.1631756058820608e+16
15273,0.1,134,bounded_hebbian,114.26679229736328
15273,0.1,135,predictive_dendrites,0.01979077234864235
15273,0.1,135,hebbian,1.55150861729792e+16
15273,0.1,135,bounded_hebbian,114.26679229736328
15273,0.1,136,predictive_dendrites,0.019164374098181725
15273,0.1,136,hebbian,2.0695005710516224e+16
15273,0.1,136,bounded_hebbian,114.26679229736328
15273,0.1,137,predictive_dendrites,0.01855647750198841
15273,0.1,137,hebbian,2.7604446301126656e+16
15273,0.1,137,bounded_hebbian,114.26679229736328
15273,0.1,138,predictive_dendrites,0.017966561019420624
15273,0.1,138,hebbian,3.682087488769229e+16
15273,0.1,138,bounded_hebbian,114.26679229736328
15273,0.1,139,predictive_dendrites,0.01739419437944889
15273,0.1,139,hebbian,4.911474632608973e+16
15273,0.1,139,bounded_hebbian,114.26679229736328
15273,0.1,140,predictive_dendrites,0.016838887706398964
15273,0.1,140,hebbian,6.551366160665805e+16
15273,0.1,140,bounded_hebbian,114.26679229736328
15273,0.1,141,predictive_dendrites,0.016300220042467117
15273,0.1,141,hebbian,8.738823928283136e+16
15273,0.1,141,bounded_hebbian,114.26679229736328
15273,0.1,142,predictive_dendrites,0.01577768474817276
15273,0.1,142,hebbian,1.1656688988218982e+17
15273,0.1,142,bounded_hebbian,114.26679229736328
15273,0.1,143,predictive_dendrites,0.015270883217453957
15273,0.1,143,hebbian,1.5548934380742246e+17
15273,0.1,143,bounded_hebbian,114.26679229736328
15273,0.1,144,predictive_dendrites,0.014779357239603996
15273,0.1,144,hebbian,2.0740898724564173e+17
15273,0.1,144,bounded_hebbian,114.26679229736328
15273,0.1,145,predictive_dendrites,0.014302733354270458
15273,0.1,145,hebbian,2.7666581592997888e+17
15273,0.1,145,bounded_hebbian,114.26679229736328
15273,0.1,146,predictive_dendrites,0.013840556144714355
15273,0.1,146,hebbian,3.6905069990589235e+17
15273,0.1,146,bounded_hebbian,114.26679229736328
15273,0.1,147,predictive_dendrites,0.013392494060099125
15273,0.1,147,hebbian,4.922846159820554e+17
15273,0.1,147,bounded_hebbian,114.26679229736328
15273,0.1,148,predictive_dendrites,0.012958074919879436
15273,0.1,148,hebbian,6.566720496950313e+17
15273,0.1,148,bounded_hebbian,114.26679229736328
15273,0.1,149,predictive_dendrites,0.012536987662315369
15273,0.1,149,hebbian,8.759580302633861e+17
15273,0.1,149,bounded_hebbian,114.26679229736328
15273,0.1,150,predictive_dendrites,0.012128803879022598
15273,0.1,150,hebbian,1.1684734093869711e+18
15273,0.1,150,bounded_hebbian,114.26679229736328
15273,0.1,151,predictive_dendrites,0.011733206920325756
15273,0.1,151,hebbian,1.5586719441428152e+18
15273,0.1,151,bounded_hebbian,114.26679229736328
15273,0.1,152,predictive_dendrites,0.011349809356033802
15273,0.1,152,hebbian,2.0791839098279035e+18
15273,0.1,152,bounded_hebbian,114.26679229736328
15273,0.1,153,predictive_dendrites,0.010978271253407001
15273,0.1,153,hebbian,2.773531824960307e+18
15273,0.1,153,bounded_hebbian,114.26679229736328
15273,0.1,154,predictive_dendrites,0.010618267580866814
15273,0.1,154,hebbian,3.699753273373229e+18
15273,0.1,154,bounded_hebbian,114.26679229736328
15273,0.1,155,predictive_dendrites,0.010269450023770332
15273,0.1,155,hebbian,4.935299228516745e+18
15273,0.1,155,bounded_hebbian,114.26679229736328
15273,0.1,156,predictive_dendrites,0.009931517764925957
15273,0.1,156,hebbian,6.583469357576225e+18
15273,0.1,156,bounded_hebbian,114.26679229736328
15273,0.1,157,predictive_dendrites,0.009604167193174362
15273,0.1,157,hebbian,8.782076447977112e+18
15273,0.1,157,bounded_hebbian,114.26679229736328
15273,0.1,158,predictive_dendrites,0.009287059307098389
15273,0.1,158,hebbian,1.1714967639976575e+19
15273,0.1,158,bounded_hebbian,114.26679229736328
15273,0.1,159,predictive_dendrites,0.008979910984635353
15273,0.1,159,hebbian,1.56273829548361e+19
15273,0.1,159,bounded_hebbian,114.26679229736328
15273,0.1,160,predictive_dendrites,0.008682441897690296
15273,0.1,160,hebbian,2.0846450191563227e+19
15273,0.1,160,bounded_hebbian,114.26679229736328
15273,0.1,161,predictive_dendrites,0.008394371718168259
15273,0.1,161,hebbian,2.780786072826885e+19
15273,0.1,161,bounded_hebbian,114.26679229736328
15273,0.1,162,predictive_dendrites,0.008115407079458237
15273,0.1,162,hebbian,3.709499784246487e+19
15273,0.1,162,bounded_hebbian,114.26679229736328
15273,0.1,163,predictive_dendrites,0.007845277898013592
15273,0.1,163,hebbian,4.948378469084955e+19
15273,0.1,163,bounded_hebbian,114.26679229736328
15273,0.1,164,predictive_dendrites,0.007583741098642349
15273,0.1,164,hebbian,6.600851646850898e+19
15273,0.1,164,bounded_hebbian,114.26679229736328
15273,0.1,165,predictive_dendrites,0.007330533117055893
15273,0.1,165,hebbian,8.80521105223482e+19
15273,0.1,165,bounded_hebbian,114.26679229736328
15273,0.1,166,predictive_dendrites,0.007085426244884729
15273,0.1,166,hebbian,1.174651108926119e+20
15273,0.1,166,bounded_hebbian,114.26679229736328
15273,0.1,167,predictive_dendrites,0.006848147604614496
15273,0.1,167,hebbian,1.566898363697998e+20
15273,0.1,167,bounded_hebbian,114.26679229736328
15273,0.1,168,predictive_dendrites,0.006618476938456297
15273,0.1,168,hebbian,2.090321313905414e+20
15273,0.1,168,bounded_hebbian,114.26679229736328
15273,0.1,169,predictive_dendrites,0.006396195851266384
15273,0.1,169,hebbian,2.7883730988827253e+20
15273,0.1,169,bounded_hebbian,114.26679229736328
15273,0.1,170,predictive_dendrites,0.00618107570335269
15273,0.1,170,hebbian,3.7196872432629475e+20
15273,0.1,170,bounded_hebbian,114.26679229736328
15273,0.1,171,predictive_dendrites,0.005972885526716709
15273,0.1,171,hebbian,4.961831741518701e+20
15273,0.1,171,bounded_hebbian,114.26679229736328
15273,0.1,172,predictive_dendrites,0.0057714348658919334
15273,0.1,172,hebbian,6.618927705972466e+20
15273,0.1,172,bounded_hebbian,114.26679229736328
15273,0.1,173,predictive_dendrites,0.005576505791395903
15273,0.1,173,hebbian,8.829228256466378e+20
15273,0.1,173,bounded_hebbian,114.26679229736328
15273,0.1,174,predictive_dendrites,0.005387917160987854
15273,0.1,174,hebbian,1.1777128353931031e+21
15273,0.1,174,bounded_hebbian,114.26679229736328
15273,0.1,175,predictive_dendrites,0.005205449648201466
15273,0.1,175,hebbian,1.5708093881306485e+21
15273,0.1,175,bounded_hebbian,114.26679229736328
15273,0.1,176,predictive_dendrites,0.005028944928199053
15273,0.1,176,hebbian,2.0951827737813e+21
15273,0.1,176,bounded_hebbian,114.26679229736328
15273,0.1,177,predictive_dendrites,0.004858196247369051
15273,0.1,177,hebbian,2.794971646393009e+21
15273,0.1,177,bounded_hebbian,114.26679229736328
15273,0.1,178,predictive_dendrites,0.004693032242357731
15273,0.1,178,hebbian,3.7280738605627857e+21
15273,0.1,178,bounded_hebbian,114.26679229736328
15273,0.1,179,predictive_dendrites,0.004533285740762949
15273,0.1,179,hebbian,4.972599988965232e+21
15273,0.1,179,bounded_hebbian,114.26679229736328
15273,0.1,180,predictive_dendrites,0.004378786776214838
15273,0.1,180,hebbian,6.632688736108873e+21
15273,0.1,180,bounded_hebbian,114.26679229736328
15273,0.1,181,predictive_dendrites,0.004229370970278978
15273,0.1,181,hebbian,8.846552478332966e+21
15273,0.1,181,bounded_hebbian,114.26679229736328
15273,0.1,182,predictive_dendrites,0.00408487394452095
15273,0.1,182,hebbian,1.1800685276206922e+22
15273,0.1,182,bounded_hebbian,114.26679229736328
15273,0.1,183,predictive_dendrites,0.003945153206586838
15273,0.1,183,hebbian,1.5741879885711018e+22
15273,0.1,183,bounded_hebbian,114.26679229736328
15273,0.1,184,predictive_dendrites,0.00381005578674376
15273,0.1,184,hebbian,2.100073542239136e+22
15273,0.1,184,bounded_hebbian,114.26679229736328
15273,0.1,185,predictive_dendrites,0.0036794308107346296
15273,0.1,185,hebbian,2.8013833085925057e+22
15273,0.1,185,bounded_hebbian,114.26679229736328
15273,0.1,186,predictive_dendrites,0.0035531502217054367
15273,0.1,186,hebbian,3.7370534189748137e+22
15273,0.1,186,bounded_hebbian,114.26679229736328
15273,0.1,187,predictive_dendrites,0.003431063611060381
15273,0.1,187,hebbian,4.985342473750914e+22
15273,0.1,187,bounded_hebbian,114.26679229736328
15273,0.1,188,predictive_dendrites,0.0033130438532680273
15273,0.1,188,hebbian,6.65078622603148e+22
15273,0.1,188,bounded_hebbian,114.26679229736328
15273,0.1,189,predictive_dendrites,0.0031989587005227804
15273,0.1,189,hebbian,8.872615484916503e+22
15273,0.1,189,bounded_hebbian,114.26679229736328
15273,0.1,190,predictive_dendrites,0.003088685916736722
15273,0.1,190,hebbian,1.1836712722145998e+23
15273,0.1,190,bounded_hebbian,114.26679229736328
15273,0.1,191,predictive_dendrites,0.00298210047185421
15273,0.1,191,hebbian,1.5790823655381392e+23
15273,0.1,191,bounded_hebbian,114.26679229736328
15273,0.1,192,predictive_dendrites,0.002879093401134014
15273,0.1,192,hebbian,2.106563769734132e+23
15273,0.1,192,bounded_hebbian,114.26679229736328
15273,0.1,193,predictive_dendrites,0.002779536647722125
15273,0.1,193,hebbian,2.81027553094876e+23
15273,0.1,193,bounded_hebbian,114.26679229736328
15273,0.1,194,predictive_dendrites,0.002683335216715932
15273,0.1,194,hebbian,3.7491277947557753e+23
15273,0.1,194,bounded_hebbian,114.26679229736328
15273,0.1,195,predictive_dendrites,0.0025903580244630575
15273,0.1,195,hebbian,5.001583895159093e+23
15273,0.1,195,bounded_hebbian,114.26679229736328
15273,0.1,196,predictive_dendrites,0.0025005268398672342
15273,0.1,196,hebbian,6.67261607414527e+23
15273,0.1,196,bounded_hebbian,114.26679229736328
15273,0.1,197,predictive_dendrites,0.002413730835542083
15273,0.1,197,hebbian,8.901689643246896e+23
15273,0.1,197,bounded_hebbian,114.26679229736328
15273,0.1,198,predictive_dendrites,0.0023298596497625113
15273,0.1,198,hebbian,1.1875199583841581e+24
15273,0.1,198,bounded_hebbian,114.26679229736328
15273,0.1,199,predictive_dendrites,0.0022488380782306194
15273,0.1,199,hebbian,1.5841954282958825e+24
15273,0.1,199,bounded_hebbian,114.26679229736328
15273,0.1,200,predictive_dendrites,0.0021705536637455225
15273,0.1,200,hebbian,2.1133314910237684e+24
15273,0.1,200,bounded_hebbian,114.26679229736328
15273,0.1,201,predictive_dendrites,0.0020949405152350664
15273,0.1,201,hebbian,2.8193236949457115e+24
15273,0.1,201,bounded_hebbian,114.26679229736328
15273,0.1,202,predictive_dendrites,0.002021883148699999
15273,0.1,202,hebbian,3.7612034945950275e+24
15273,0.1,202,bounded_hebbian,114.26679229736328
15273,0.1,203,predictive_dendrites,0.00195132486987859
15273,0.1,203,hebbian,5.017585869182284e+24
15273,0.1,203,bounded_hebbian,114.26679229736328
15273,0.1,204,predictive_dendrites,0.0018831613706424832
15273,0.1,204,hebbian,6.69368355291414e+24
15273,0.1,204,bounded_hebbian,114.26679229736328
15273,0.1,205,predictive_dendrites,0.0018173331627622247
15273,0.1,205,hebbian,8.929741952836238e+24
15273,0.1,205,bounded_hebbian,114.26679229736328
15273,0.1,206,predictive_dendrites,0.0017537550302222371
15273,0.1,206,hebbian,1.1912954592583317e+25
15273,0.1,206,bounded_hebbian,114.26679229736328
15273,0.1,207,predictive_dendrites,0.0016923495568335056
15273,0.1,207,hebbian,1.589248106789822e+25
15273,0.1,207,bounded_hebbian,114.26679229736328
15273,0.1,208,predictive_dendrites,0.00163304025772959
15273,0.1,208,hebbian,2.120068847243277e+25
15273,0.1,208,bounded_hebbian,114.26679229736328
15273,0.1,209,predictive_dendrites,0.001575771253556013
15273,0.1,209,hebbian,2.8282663305961945e+25
15273,0.1,209,bounded_hebbian,114.26679229736328
15273,0.1,210,predictive_dendrites,0.001520466641522944
15273,0.1,210,hebbian,3.773061061685608e+25
15273,0.1,210,bounded_hebbian,114.26679229736328
15273,0.1,211,predictive_dendrites,0.0014670720556750894
15273,0.1,211,hebbian,5.033209800244114e+25
15273,0.1,211,bounded_hebbian,114.26679229736328
15273,0.1,212,predictive_dendrites,0.0014155078679323196
15273,0.1,212,hebbian,6.71460561945824e+25
15273,0.1,212,bounded_hebbian,114.26679229736328
15273,0.1,213,predictive_dendrites,0.0013657192466780543
15273,0.1,213,hebbian,8.957426249881309e+25
15273,0.1,213,bounded_hebbian,114.26679229736328
15273,0.1,214,predictive_dendrites,0.001317640533670783
15273,0.1,214,hebbian,1.1950032317587173e+26
15273,0.1,214,bounded_hebbian,114.26679229736328
15273,0.1,215,predictive_dendrites,0.0012712301686406136
15273,0.1,215,hebbian,1.594153787791924e+26
15273,0.1,215,bounded_hebbian,114.26679229736328
15273,0.1,216,predictive_dendrites,0.001226425520144403
15273,0.1,216,hebbian,2.1267111047324782e+26
15273,0.1,216,bounded_hebbian,114.26679229736328
15273,0.1,217,predictive_dendrites,0.0011831639567390084
15273,0.1,217,hebbian,2.8372226860125824e+26
15273,0.1,217,bounded_hebbian,114.26679229736328
15273,0.1,218,predictive_dendrites,0.0011414065957069397
15273,0.1,218,hebbian,3.785078193112426e+26
15273,0.1,218,bounded_hebbian,114.26679229736328
15273,0.1,219,predictive_dendrites,0.001101093483157456
15273,0.1,219,hebbian,5.049192612711898e+26
15273,0.1,219,bounded_hebbian,114.26679229736328
15273,0.1,220,predictive_dendrites,0.0010621832916513085
15273,0.1,220,hebbian,6.735401371922296e+26
15273,0.1,220,bounded_hebbian,114.26679229736328
15273,0.1,221,predictive_dendrites,0.0010246208403259516
15273,0.1,221,hebbian,8.985110201049928e+26
15273,0.1,221,bounded_hebbian,114.26679229736328
15273,0.1,222,predictive_dendrites,0.0009883708553388715
15273,0.1,222,hebbian,1.198569669917696e+27
15273,0.1,222,bounded_hebbian,114.26679229736328
15273,0.1,223,predictive_dendrites,0.0009533726260997355
15273,0.1,223,hebbian,1.5990272331087575e+27
15273,0.1,223,bounded_hebbian,114.26679229736328
15273,0.1,224,predictive_dendrites,0.00091960234567523
15273,0.1,224,hebbian,2.1331637758094618e+27
15273,0.1,224,bounded_hebbian,114.26679229736328
15273,0.1,225,predictive_dendrites,0.0008870039018802345
15273,0.1,225,hebbian,2.8461953667974754e+27
15273,0.1,225,bounded_hebbian,114.26679229736328
15273,0.1,226,predictive_dendrites,0.0008555430104024708
15273,0.1,226,hebbian,3.796699420517934e+27
15273,0.1,226,bounded_hebbian,114.26679229736328
15273,0.1,227,predictive_dendrites,0.0008251789840869606
15273,0.1,227,hebbian,5.065111119829841e+27
15273,0.1,227,bounded_hebbian,114.26679229736328
15273,0.1,228,predictive_dendrites,0.0007958830101415515
15273,0.1,228,hebbian,6.757586016641149e+27
15273,0.1,228,bounded_hebbian,114.26679229736328
15273,0.1,229,predictive_dendrites,0.0007676061941310763
15273,0.1,229,hebbian,9.014107449716132e+27
15273,0.1,229,bounded_hebbian,114.26679229736328
15273,0.1,230,predictive_dendrites,0.0007403236231766641
15273,0.1,230,hebbian,1.2024873451518847e+28
15273,0.1,230,bounded_hebbian,114.26679229736328
15273,0.1,231,predictive_dendrites,0.0007139925146475434
15273,0.1,231,hebbian,1.6041085584739063e+28
15273,0.1,231,bounded_hebbian,114.26679229736328
15273,0.1,232,predictive_dendrites,0.0006885892944410443
15273,0.1,232,hebbian,2.1398180624204734e+28
15273,0.1,232,bounded_hebbian,114.26679229736328
15273,0.1,233,predictive_dendrites,0.0006640720530413091
15273,0.1,233,hebbian,2.8544925056782963e+28
15273,0.1,233,bounded_hebbian,114.26679229736328
15273,0.1,234,predictive_dendrites,0.0006404206505976617
15273,0.1,234,hebbian,3.807608205152525e+28
15273,0.1,234,bounded_hebbian,114.26679229736328
15273,0.1,235,predictive_dendrites,0.0006175951566547155
15273,0.1,235,hebbian,5.079689537399108e+28
15273,0.1,235,bounded_hebbian,114.26679229736328
15273,0.1,236,predictive_dendrites,0.0005955738597549498
15273,0.1,236,hebbian,6.776793770073573e+28
15273,0.1,236,bounded_hebbian,114.26679229736328
15273,0.1,237,predictive_dendrites,0.0005743281217291951
15273,0.1,237,hebbian,9.040870517284499e+28
15273,0.1,237,bounded_hebbian,114.26679229736328
15273,0.1,238,predictive_dendrites,0.0005538341938517988
15273,0.1,238,hebbian,1.2060980665646868e+29
15273,0.1,238,bounded_hebbian,114.26679229736328
15273,0.1,239,predictive_dendrites,0.000534059654455632
15273,0.1,239,hebbian,1.608896282508899e+29
15273,0.1,239,bounded_hebbian,114.26679229736328
15273,0.1,240,predictive_dendrites,0.0005149838980287313
15273,0.1,240,hebbian,2.146172950996471e+29
15273,0.1,240,bounded_hebbian,114.26679229736328
15273,0.1,241,predictive_dendrites,0.0004965841653756797
15273,0.1,241,hebbian,2.8628506221163273e+29
15273,0.1,241,bounded_hebbian,114.26679229736328
15273,0.1,242,predictive_dendrites,0.00047883327351883054
15273,0.1,242,hebbian,3.819394098525812e+29
15273,0.1,242,bounded_hebbian,114.26679229736328
15273,0.1,243,predictive_dendrites,0.00046170587302185595
15273,0.1,243,hebbian,5.095287986128675e+29
15273,0.1,243,bounded_hebbian,114.26679229736328
15273,0.1,244,predictive_dendrites,0.00044518569484353065
15273,0.1,244,hebbian,6.79670638392723e+29
15273,0.1,244,bounded_hebbian,114.26679229736328
15273,0.1,245,predictive_dendrites,0.00042924872832372785
15273,0.1,245,hebbian,9.067972745213666e+29
15273,0.1,245,bounded_hebbian,114.26679229736328
15273,0.1,246,predictive_dendrites,0.0004138793738093227
15273,0.1,246,hebbian,1.2098694617747021e+30
15273,0.1,246,bounded_hebbian,114.26679229736328
15273,0.1,247,predictive_dendrites,0.00039905053563416004
15273,0.1,247,hebbian,1.6138047480101254e+30
15273,0.1,247,bounded_hebbian,114.26679229736328
15273,0.1,248,predictive_dendrites,0.0003847534826491028
15273,0.1,248,hebbian,2.1523131985710894e+30
15273,0.1,248,bounded_hebbian,114.26679229736328
15273,0.1,249,predictive_dendrites,0.00037095657899044454
15273,0.1,249,hebbian,2.870274295564194e+30
15273,0.1,249,bounded_hebbian,114.26679229736328
15273,0.1,250,predictive_dendrites,0.0003576545277610421
15273,0.1,250,hebbian,3.829312428181385e+30
15273,0.1,250,bounded_hebbian,114.26679229736328
15273,0.1,251,predictive_dendrites,0.0003448227362241596
15273,0.1,251,hebbian,5.107067834872863e+30
15273,0.1,251,bounded_hebbian,114.26679229736328
15273,0.1,252,predictive_dendrites,0.0003324453136883676
15273,0.1,252,hebbian,6.813025975797663e+30
15273,0.1,252,bounded_hebbian,114.26679229736328
15273,0.1,253,predictive_dendrites,0.0003205089597031474
15273,0.1,253,hebbian,9.090200962027465e+30
15273,0.1,253,bounded_hebbian,114.26679229736328
15273,0.1,254,predictive_dendrites,0.0003089976089540869
15273,0.1,254,hebbian,1.2122087785703747e+31
15273,0.1,254,bounded_hebbian,114.26679229736328
15273,0.1,255,predictive_dendrites,0.0002978967095259577
15273,0.1,255,hebbian,1.6174017858938068e+31
15273,0.1,255,bounded_hebbian,114.26679229736328
15273,0.1,256,predictive_dendrites,0.00028719109832309186
15273,0.1,256,hebbian,2.1574287077304977e+31
15273,0.1,256,bounded_hebbian,114.26679229736328
15273,0.1,257,predictive_dendrites,0.00027686625253409147
15273,0.1,257,hebbian,2.8780715648692535e+31
15273,0.1,257,bounded_hebbian,114.26679229736328
15273,0.1,258,predictive_dendrites,0.0002669087261892855
15273,0.1,258,hebbian,3.838858831808554e+31
15273,0.1,258,bounded_hebbian,114.26679229736328
15273,0.1,259,predictive_dendrites,0.00025730603374540806
15273,0.1,259,hebbian,5.119672216360748e+31
15273,0.1,259,bounded_hebbian,114.26679229736328
15273,0.1,260,predictive_dendrites,0.00024804839631542563
15273,0.1,260,hebbian,6.829442946642866e+31
15273,0.1,260,bounded_hebbian,114.26679229736328
15273,0.1,261,predictive_dendrites,0.0002391200396232307
15273,0.1,261,hebbian,9.10913709249558e+31
15273,0.1,261,bounded_hebbian,114.26679229736328
15273,0.1,262,predictive_dendrites,0.00023051112657412887
15273,0.1,262,hebbian,1.2157074098923394e+32
15273,0.1,262,bounded_hebbian,114.26679229736328
15273,0.1,263,predictive_dendrites,0.00022220953542273492
15273,0.1,263,hebbian,1.6222349262495277e+32
15273,0.1,263,bounded_hebbian,114.26679229736328
15273,0.1,264,predictive_dendrites,0.00021420432312879711
15273,0.1,264,hebbian,2.1637319502399028e+32
15273,0.1,264,bounded_hebbian,114.26679229736328
15273,0.1,265,predictive_dendrites,0.0002064839209197089
15273,0.1,265,hebbian,2.8857138619734965e+32
15273,0.1,265,bounded_hebbian,114.26679229736328
15273,0.1,266,predictive_dendrites,0.00019903994689229876
15273,0.1,266,hebbian,3.847079720810065e+32
15273,0.1,266,bounded_hebbian,114.26679229736328
15273,0.1,267,predictive_dendrites,0.00019186320423614234
15273,0.1,267,hebbian,5.12982545239233e+32
15273,0.1,267,bounded_hebbian,114.26679229736328
15273,0.1,268,predictive_dendrites,0.00018494234245736152
15273,0.1,268,hebbian,6.839064738884146e+32
15273,0.1,268,bounded_hebbian,114.26679229736328
15273,0.1,269,predictive_dendrites,0.0001782720792107284
15273,0.1,269,hebbian,9.123785211438556e+32
15273,0.1,269,bounded_hebbian,114.26679229736328
15273,0.1,270,predictive_dendrites,0.00017183927411679178
15273,0.1,270,hebbian,1.2166010478581985e+33
15273,0.1,270,bounded_hebbian,114.26679229736328
15273,0.1,271,predictive_dendrites,0.00016563601093366742
15273,0.1,271,hebbian,1.6225666168088037e+33
15273,0.1,271,bounded_hebbian,114.26679229736328
15273,0.1,272,predictive_dendrites,0.00015965677448548377
15273,0.1,272,hebbian,2.165070937134895e+33
15273,0.1,272,bounded_hebbian,114.26679229736328
15273,0.1,273,predictive_dendrites,0.0001538910873932764
15273,0.1,273,hebbian,2.888332608069726e+33
15273,0.1,273,bounded_hebbian,114.26679229736328
15273,0.1,274,predictive_dendrites,0.00014833240129519254
15273,0.1,274,hebbian,3.853777595392618e+33
15273,0.1,274,bounded_hebbian,114.26679229736328
15273,0.1,275,predictive_dendrites,0.0001429743570042774
15273,0.1,275,hebbian,5.139292598842765e+33
15273,0.1,275,bounded_hebbian,114.26679229736328
15273,0.1,276,predictive_dendrites,0.00013780729204881936
15273,0.1,276,hebbian,6.85442262301152e+33
15273,0.1,276,bounded_hebbian,114.26679229736328
15273,0.1,277,predictive_dendrites,0.00013282675354275852
15273,0.1,277,hebbian,9.13841704373289e+33
15273,0.1,277,bounded_hebbian,114.26679229736328
15273,0.1,278,predictive_dendrites,0.00012802358833141625
15273,0.1,278,hebbian,1.2176295284428368e+34
15273,0.1,278,bounded_hebbian,114.26679229736328
15273,0.1,279,predictive_dendrites,0.000123394958791323
15273,0.1,279,hebbian,1.6219713223924124e+34
15273,0.1,279,bounded_hebbian,114.26679229736328
15273,0.1,280,predictive_dendrites,0.00011893155897269025
15273,0.1,280,hebbian,2.162110310685441e+34
15273,0.1,280,bounded_hebbian,114.26679229736328
15273,0.1,281,predictive_dendrites,0.00011462955444585532
15273,0.1,281,hebbian,2.889104958860236e+34
15273,0.1,281,bounded_hebbian,114.26679229736328
15273,0.1,282,predictive_dendrites,0.00011048262967960909
15273,0.1,282,hebbian,3.857751939991742e+34
15273,0.1,282,bounded_hebbian,114.26679229736328
15273,0.1,283,predictive_dendrites,0.00010648470197338611
15273,0.1,283,hebbian,5.150812992642359e+34
15273,0.1,283,bounded_hebbian,114.26679229736328
15273,0.1,284,predictive_dendrites,0.00010262809519190341
15273,0.1,284,hebbian,6.874029488735734e+34
15273,0.1,284,bounded_hebbian,114.26679229736328
15273,0.1,285,predictive_dendrites,9.891379158943892e-05
15273,0.1,285,hebbian,9.17565415632059e+34
15273,0.1,285,bounded_hebbian,114.26679229736328
15273,0.1,286,predictive_dendrites,9.533083357382566e-05
15273,0.1,286,hebbian,1.222689707388619e+35
15273,0.1,286,bounded_hebbian,114.26679229736328
15273,0.1,287,predictive_dendrites,9.187796240439638e-05
15273,0.1,287,hebbian,1.6301756957263739e+35
15273,0.1,287,bounded_hebbian,114.26679229736328
15273,0.1,288,predictive_dendrites,8.855049964040518e-05
15273,0.1,288,hebbian,2.173950464397182e+35
15273,0.1,288,bounded_hebbian,114.26679229736328
15273,0.1,289,predictive_dendrites,8.53405799716711e-05
15273,0.1,289,hebbian,2.896476049994954e+35
15273,0.1,289,bounded_hebbian,114.26679229736328
15273,0.1,290,predictive_dendrites,8.22483270894736e-05
15273,0.1,290,hebbian,3.856933116932157e+35
15273,0.1,290,bounded_hebbian,114.26679229736328
15273,0.1,291,predictive_dendrites,7.926620310172439e-05
15273,0.1,291,hebbian,5.152161059827539e+35
15273,0.1,291,bounded_hebbian,114.26679229736328
15273,0.1,292,predictive_dendrites,7.639334216946736e-05
15273,0.1,292,hebbian,6.877749250965779e+35
15273,0.1,292,bounded_hebbian,114.26679229736328
15273,0.1,293,predictive_dendrites,7.362415635725483e-05
15273,0.1,293,hebbian,9.186811264236255e+35
15273,0.1,293,bounded_hebbian,114.26679229736328
15273,0.1,294,predictive_dendrites,7.095378532540053e-05
15273,0.1,294,hebbian,1.2247713679375594e+36
15273,0.1,294,bounded_hebbian,114.26679229736328
15273,0.1,295,predictive_dendrites,6.838057743152604e-05
15273,0.1,295,hebbian,1.6353874827128872e+36
15273,0.1,295,bounded_hebbian,114.26679229736328
15273,0.1,296,predictive_dendrites,6.589988333871588e-05
15273,0.1,296,hebbian,2.1816265245364578e+36
15273,0.1,296,bounded_hebbian,114.26679229736328
15273,0.1,297,predictive_dendrites,6.350824696710333e-05
15273,0.1,297,hebbian,2.906933890148268e+36
15273,0.1,297,bounded_hebbian,114.26679229736328
15273,0.1,298,predictive_dendrites,6.120512989582494e-05
15273,0.1,298,hebbian,3.8590177683442324e+36
15273,0.1,298,bounded_hebbian,114.26679229736328
15273,0.1,299,predictive_dendrites,5.898346353205852e-05
15273,0.1,299,hebbian,5.1351546555156897e+36
15273,0.1,299,bounded_hebbian,114.26679229736328
15273,0.1,300,predictive_dendrites,5.684286588802934e-05
15273,0.1,300,hebbian,6.841938755334631e+36
15273,0.1,300,bounded_hebbian,114.26679229736328
15273,0.1,301,predictive_dendrites,5.477800368680619e-05
15273,0.1,301,hebbian,9.10979927188384e+36
15273,0.1,301,bounded_hebbian,114.26679229736328
15273,0.1,302,predictive_dendrites,5.278946628095582e-05
15273,0.1,302,hebbian,1.212338694528231e+37
15273,0.1,302,bounded_hebbian,114.26679229736328
15273,0.1,303,predictive_dendrites,5.08729754074011e-05
15273,0.1,303,hebbian,1.611224731239407e+37
15273,0.1,303,bounded_hebbian,114.26679229736328
15273,0.1,304,predictive_dendrites,4.902530417894013e-05
15273,0.1,304,hebbian,2.1487762782782284e+37
15273,0.1,304,bounded_hebbian,114.26679229736328
15273,0.1,305,predictive_dendrites,4.724458995042369e-05
15273,0.1,305,hebbian,2.8623735630141053e+37
15273,0.1,305,bounded_hebbian,114.26679229736328
15273,0.1,306,predictive_dendrites,4.5529395720222965e-05
15273,0.1,306,hebbian,3.8029244194317233e+37
15273,0.1,306,bounded_hebbian,114.26679229736328
15273,0.1,307,predictive_dendrites,4.387474473332986e-05
15273,0.1,307,hebbian,5.0607096556287365e+37
15273,0.1,307,bounded_hebbian,114.26679229736328
15273,0.1,308,predictive_dendrites,4.228016405249946e-05
15273,0.1,308,hebbian,6.734074365761211e+37
15273,0.1,308,bounded_hebbian,114.26679229736328
15273,0.1,309,predictive_dendrites,4.074401658726856e-05
15273,0.1,309,hebbian,inf
15273,0.1,309,bounded_hebbian,114.26679229736328
15273,0.1,310,predictive_dendrites,3.926280987798236e-05
15273,0.1,310,hebbian,inf
15273,0.1,310,bounded_hebbian,114.26679229736328
15273,0.1,311,predictive_dendrites,3.783579813898541e-05
15273,0.1,311,hebbian,inf
15273,0.1,311,bounded_hebbian,114.26679229736328
15273,0.1,312,predictive_dendrites,3.6459674447542056e-05
15273,0.1,312,hebbian,inf
15273,0.1,312,bounded_hebbian,114.26679229736328
15273,0.1,313,predictive_dendrites,3.5134471545461565e-05
15273,0.1,313,hebbian,inf
15273,0.1,313,bounded_hebbian,114.26679229736328
15273,0.1,314,predictive_dendrites,3.385634772712365e-05
15273,0.1,314,hebbian,inf
15273,0.1,314,bounded_hebbian,114.26679229736328
15273,0.1,315,predictive_dendrites,3.262539757997729e-05
15273,0.1,315,hebbian,inf
15273,0.1,315,bounded_hebbian,114.26679229736328
15273,0.1,316,predictive_dendrites,3.143929279758595e-05
15273,0.1,316,hebbian,inf
15273,0.1,316,bounded_hebbian,114.26679229736328
15273,0.1,317,predictive_dendrites,3.029615072591696e-05
15273,0.1,317,hebbian,inf
15273,0.1,317,bounded_hebbian,114.26679229736328
15273,0.1,318,predictive_dendrites,2.9193815862527117e-05
15273,0.1,318,hebbian,inf
15273,0.1,318,bounded_hebbian,114.26679229736328
15273,0.1,319,predictive_dendrites,2.813151149894111e-05
15273,0.1,319,hebbian,inf
15273,0.1,319,bounded_hebbian,114.26679229736328
15273,0.1,320,predictive_dendrites,2.7108448193757795e-05
15273,0.1,320,hebbian,inf
15273,0.1,320,bounded_hebbian,114.26679229736328
15273,0.1,321,predictive_dendrites,2.612169373605866e-05
15273,0.1,321,hebbian,inf
15273,0.1,321,bounded_hebbian,114.26679229736328
15273,0.1,322,predictive_dendrites,2.5171771994791925e-05
15273,0.1,322,hebbian,inf
15273,0.1,322,bounded_hebbian,114.26679229736328
15273,0.1,323,predictive_dendrites,2.4255587049992755e-05
15273,0.1,323,hebbian,inf
15273,0.1,323,bounded_hebbian,114.26679229736328
15273,0.1,324,predictive_dendrites,2.3372522264253348e-05
15273,0.1,324,hebbian,inf
15273,0.1,324,bounded_hebbian,114.26679229736328
15273,0.1,325,predictive_dendrites,2.2522235667565838e-05
15273,0.1,325,hebbian,inf
15273,0.1,325,bounded_hebbian,114.26679229736328
15273,0.1,326,predictive_dendrites,2.1702144294977188e-05
15273,0.1,326,hebbian,inf
15273,0.1,326,bounded_hebbian,114.26679229736328
15273,0.1,327,predictive_dendrites,2.091197711706627e-05
15273,0.1,327,hebbian,inf
15273,0.1,327,bounded_hebbian,114.26679229736328
15273,0.1,328,predictive_dendrites,2.015064274019096e-05
15273,0.1,328,hebbian,inf
15273,0.1,328,bounded_hebbian,114.26679229736328
15273,0.1,329,predictive_dendrites,1.941708251251839e-05
15273,0.1,329,hebbian,inf
15273,0.1,329,bounded_hebbian,114.26679229736328
15273,0.1,330,predictive_dendrites,1.8710270524024963e-05
15273,0.1,330,hebbian,inf
15273,0.1,330,bounded_hebbian,114.26679229736328
15273,0.1,331,predictive_dendrites,1.8028455087915063e-05
15273,0.1,331,hebbian,inf
15273,0.1,331,bounded_hebbian,114.26679229736328
15273,0.1,332,predictive_dendrites,1.7371716239722446e-05
15273,0.1,332,hebbian,inf
15273,0.1,332,bounded_hebbian,114.26679229736328
15273,0.1,333,predictive_dendrites,1.6738866179366596e-05
15273,0.1,333,hebbian,inf
15273,0.1,333,bounded_hebbian,114.26679229736328
15273,0.1,334,predictive_dendrites,1.612900450709276e-05
15273,0.1,334,hebbian,inf
15273,0.1,334,bounded_hebbian,114.26679229736328
15273,0.1,335,predictive_dendrites,1.5541509128524922e-05
15273,0.1,335,hebbian,inf
15273,0.1,335,bounded_hebbian,114.26679229736328
15273,0.1,336,predictive_dendrites,1.4975745216361247e-05
15273,0.1,336,hebbian,inf
15273,0.1,336,bounded_hebbian,114.26679229736328
15273,0.1,337,predictive_dendrites,1.4429983821173664e-05
15273,0.1,337,hebbian,inf
15273,0.1,337,bounded_hebbian,114.26679229736328
15273,0.1,338,predictive_dendrites,1.3903906619816553e-05
15273,0.1,338,hebbian,inf
15273,0.1,338,bounded_hebbian,114.26679229736328
15273,0.1,339,predictive_dendrites,1.3396979738899972e-05
15273,0.1,339,hebbian,inf
15273,0.1,339,bounded_hebbian,114.26679229736328
15273,0.1,340,predictive_dendrites,1.2908884855278302e-05
15273,0.1,340,hebbian,inf
15273,0.1,340,bounded_hebbian,114.26679229736328
15273,0.1,341,predictive_dendrites,1.243846691068029e-05
15273,0.1,341,hebbian,inf
15273,0.1,341,bounded_hebbian,114.26679229736328
15273,0.1,342,predictive_dendrites,1.1985443961748388e-05
15273,0.1,342,hebbian,inf
15273,0.1,342,bounded_hebbian,114.26679229736328
15273,0.1,343,predictive_dendrites,1.1548522707016673e-05
15273,0.1,343,hebbian,inf
15273,0.1,343,bounded_hebbian,114.26679229736328
15273,0.1,344,predictive_dendrites,1.1127865036542062e-05
15273,0.1,344,hebbian,inf
15273,0.1,344,bounded_hebbian,114.26679229736328
15273,0.1,345,predictive_dendrites,1.0722034858190455e-05
15273,0.1,345,hebbian,inf
15273,0.1,345,bounded_hebbian,114.26679229736328
15273,0.1,346,predictive_dendrites,1.0331214070902206e-05
15273,0.1,346,hebbian,inf
15273,0.1,346,bounded_hebbian,114.26679229736328
15273,0.1,347,predictive_dendrites,9.954043889592867e-06
15273,0.1,347,hebbian,inf
15273,0.1,347,bounded_hebbian,114.26679229736328
15273,0.1,348,predictive_dendrites,9.591452908352949e-06
15273,0.1,348,hebbian,inf
15273,0.1,348,bounded_hebbian,114.26679229736328
15273,0.1,349,predictive_dendrites,9.241566658602096e-06
15273,0.1,349,hebbian,inf
15273,0.1,349,bounded_hebbian,114.26679229736328
15273,0.1,350,predictive_dendrites,8.904584319679998e-06
15273,0.1,350,hebbian,inf
15273,0.1,350,bounded_hebbian,114.26679229736328
15273,0.1,351,predictive_dendrites,8.579620953241829e-06
15273,0.1,351,hebbian,inf
15273,0.1,351,bounded_hebbian,114.26679229736328
15273,0.1,352,predictive_dendrites,8.26686664368026e-06
15273,0.1,352,hebbian,inf
15273,0.1,352,bounded_hebbian,114.26679229736328
15273,0.1,353,predictive_dendrites,7.965300937939901e-06
15273,0.1,353,hebbian,inf
15273,0.1,353,bounded_hebbian,114.26679229736328
15273,0.1,354,predictive_dendrites,7.674953849345911e-06
15273,0.1,354,hebbian,inf
15273,0.1,354,bounded_hebbian,114.26679229736328
15273,0.1,355,predictive_dendrites,7.394857675535604e-06
15273,0.1,355,hebbian,inf
15273,0.1,355,bounded_hebbian,114.26679229736328
15273,0.1,356,predictive_dendrites,7.125057891244069e-06
15273,0.1,356,hebbian,inf
15273,0.1,356,bounded_hebbian,114.26679229736328
15273,0.1,357,predictive_dendrites,6.865269369882299e-06
15273,0.1,357,hebbian,inf
15273,0.1,357,bounded_hebbian,114.26679229736328
15273,0.1,358,predictive_dendrites,6.6147495090262964e-06
15273,0.1,358,hebbian,inf
15273,0.1,358,bounded_hebbian,114.26679229736328
15273,0.1,359,predictive_dendrites,6.37339962850092e-06
15273,0.1,359,hebbian,inf
15273,0.1,359,bounded_hebbian,114.26679229736328
15273,0.1,360,predictive_dendrites,6.140818186395336e-06
15273,0.1,360,hebbian,inf
15273,0.1,360,bounded_hebbian,114.26679229736328
15273,0.1,361,predictive_dendrites,5.916763711866224e-06
15273,0.1,361,hebbian,inf
15273,0.1,361,bounded_hebbian,114.26679229736328
15273,0.1,362,predictive_dendrites,5.700571819033939e-06
15273,0.1,362,hebbian,inf
15273,0.1,362,bounded_hebbian,114.26679229736328
15273,0.1,363,predictive_dendrites,5.493013304658234e-06
15273,0.1,363,hebbian,inf
15273,0.1,363,bounded_hebbian,114.26679229736328
15273,0.1,364,predictive_dendrites,5.2925938689440954e-06
15273,0.1,364,hebbian,inf
15273,0.1,364,bounded_hebbian,114.26679229736328
15273,0.1,365,predictive_dendrites,5.099398549646139e-06
15273,0.1,365,hebbian,inf
15273,0.1,365,bounded_hebbian,114.26679229736328
15273,0.1,366,predictive_dendrites,4.9129653234558646e-06
15273,0.1,366,hebbian,inf
15273,0.1,366,bounded_hebbian,114.26679229736328
15273,0.1,367,predictive_dendrites,4.733893092634389e-06
15273,0.1,367,hebbian,inf
15273,0.1,367,bounded_hebbian,114.26679229736328
15273,0.1,368,predictive_dendrites,4.561073183140252e-06
15273,0.1,368,hebbian,inf
15273,0.1,368,bounded_hebbian,114.26679229736328
15273,0.1,369,predictive_dendrites,4.394715233502211e-06
15273,0.1,369,hebbian,inf
15273,0.1,369,bounded_hebbian,114.26679229736328
15273,0.1,370,predictive_dendrites,4.234389507473679e-06
15273,0.1,370,hebbian,inf
15273,0.1,370,bounded_hebbian,114.26679229736328
15273,0.1,371,predictive_dendrites,4.079933205503039e-06
15273,0.1,371,hebbian,inf
15273,0.1,371,bounded_hebbian,114.26679229736328
15273,0.1,372,predictive_dendrites,3.930708771804348e-06
15273,0.1,372,hebbian,inf
15273,0.1,372,bounded_hebbian,114.26679229736328
15273,0.1,373,predictive_dendrites,3.7872803204663796e-06
15273,0.1,373,hebbian,inf
15273,0.1,373,bounded_hebbian,114.26679229736328
15273,0.1,374,predictive_dendrites,3.64936317964748e-06
15273,0.1,374,hebbian,inf
15273,0.1,374,bounded_hebbian,114.26679229736328
15273,0.1,375,predictive_dendrites,3.5160157949576387e-06
15273,0.1,375,hebbian,inf
15273,0.1,375,bounded_hebbian,114.26679229736328
15273,0.1,376,predictive_dendrites,3.38756376550009e-06
15273,0.1,376,hebbian,inf
15273,0.1,376,bounded_hebbian,114.26679229736328
15273,0.1,377,predictive_dendrites,3.263869984948542e-06
15273,0.1,377,hebbian,inf
15273,0.1,377,bounded_hebbian,114.26679229736328
15273,0.1,378,predictive_dendrites,3.1448016670765355e-06
15273,0.1,378,hebbian,inf
15273,0.1,378,bounded_hebbian,114.26679229736328
15273,0.1,379,predictive_dendrites,3.0300204798550112e-06
15273,0.1,379,hebbian,inf
15273,0.1,379,bounded_hebbian,114.26679229736328
15273,0.1,380,predictive_dendrites,2.9195116439950652e-06
15273,0.1,380,hebbian,inf
15273,0.1,380,bounded_hebbian,114.26679229736328
15273,0.1,381,predictive_dendrites,2.812754701153608e-06
15273,0.1,381,hebbian,inf
15273,0.1,381,bounded_hebbian,114.26679229736328
15273,0.1,382,predictive_dendrites,2.710046373977093e-06
15273,0.1,382,hebbian,inf
15273,0.1,382,bounded_hebbian,114.26679229736328
15273,0.1,383,predictive_dendrites,2.6108850761374924e-06
15273,0.1,383,hebbian,inf
15273,0.1,383,bounded_hebbian,114.26679229736328
15273,0.1,384,predictive_dendrites,2.5155572984658647e-06
15273,0.1,384,hebbian,inf
15273,0.1,384,bounded_hebbian,114.26679229736328
15273,0.1,385,predictive_dendrites,2.4238574951596092e-06
15273,0.1,385,hebbian,inf
15273,0.1,385,bounded_hebbian,114.26679229736328
15273,0.1,386,predictive_dendrites,2.335408680664841e-06
15273,0.1,386,hebbian,inf
15273,0.1,386,bounded_hebbian,114.26679229736328
15273,0.1,387,predictive_dendrites,2.2499446004076162e-06
15273,0.1,387,hebbian,inf
15273,0.1,387,bounded_hebbian,114.26679229736328
15273,0.1,388,predictive_dendrites,2.1677406039088964e-06
15273,0.1,388,hebbian,inf
15273,0.1,388,bounded_hebbian,114.26679229736328
15273,0.1,389,predictive_dendrites,2.0887027858407237e-06
15273,0.1,389,hebbian,inf
15273,0.1,389,bounded_hebbian,114.26679229736328
15273,0.1,390,predictive_dendrites,2.0124009552091593e-06
15273,0.1,390,hebbian,inf
15273,0.1,390,bounded_hebbian,114.26679229736328
15273,0.1,391,predictive_dendrites,1.938680497914902e-06
15273,0.1,391,hebbian,inf
15273,0.1,391,bounded_hebbian,114.26679229736328
15273,0.1,392,predictive_dendrites,1.8679647837416269e-06
15273,0.1,392,hebbian,inf
15273,0.1,392,bounded_hebbian,114.26679229736328
15273,0.1,393,predictive_dendrites,1.799841811589431e-06
15273,0.1,393,hebbian,inf
15273,0.1,393,bounded_hebbian,114.26679229736328
15273,0.1,394,predictive_dendrites,1.7340829572276562e-06
15273,0.1,394,hebbian,inf
15273,0.1,394,bounded_hebbian,114.26679229736328
15273,0.1,395,predictive_dendrites,1.670703454692557e-06
15273,0.1,395,hebbian,inf
15273,0.1,395,bounded_hebbian,114.26679229736328
15273,0.1,396,predictive_dendrites,1.6097891375466133e-06
15273,0.1,396,hebbian,inf
15273,0.1,396,bounded_hebbian,114.26679229736328
15273,0.1,397,predictive_dendrites,1.5509708646277431e-06
15273,0.1,397,hebbian,inf
15273,0.1,397,bounded_hebbian,114.26679229736328
15273,0.1,398,predictive_dendrites,1.4942670532036573e-06
15273,0.1,398,hebbian,inf
15273,0.1,398,bounded_hebbian,114.26679229736328
15273,0.1,399,predictive_dendrites,1.4398349321709247e-06
15273,0.1,399,hebbian,inf
15273,0.1,399,bounded_hebbian,114.26679229736328
15273,0.1,400,predictive_dendrites,1.3871847386326408e-06
15273,0.1,400,hebbian,inf
15273,0.1,400,bounded_hebbian,114.26679229736328
15273,0.1,401,predictive_dendrites,1.3363419384404551e-06
15273,0.1,401,hebbian,inf
15273,0.1,401,bounded_hebbian,114.26679229736328
15273,0.1,402,predictive_dendrites,1.2875979109594482e-06
15273,0.1,402,hebbian,inf
15273,0.1,402,bounded_hebbian,114.26679229736328
15273,0.1,403,predictive_dendrites,1.2405560028128093e-06
15273,0.1,403,hebbian,inf
15273,0.1,403,bounded_hebbian,114.26679229736328
15273,0.1,404,predictive_dendrites,1.1951713076996384e-06
15273,0.1,404,hebbian,inf
15273,0.1,404,bounded_hebbian,114.26679229736328
15273,0.1,405,predictive_dendrites,1.1516555105117732e-06
15273,0.1,405,hebbian,inf
15273,0.1,405,bounded_hebbian,114.26679229736328
15273,0.1,406,predictive_dendrites,1.1095744412159547e-06
15273,0.1,406,hebbian,inf
15273,0.1,406,bounded_hebbian,114.26679229736328
15273,0.1,407,predictive_dendrites,1.0690158660509042e-06
15273,0.1,407,hebbian,inf
15273,0.1,407,bounded_hebbian,114.26679229736328
15273,0.1,408,predictive_dendrites,1.0300592521161889e-06
15273,0.1,408,hebbian,inf
15273,0.1,408,bounded_hebbian,114.26679229736328
15273,0.1,409,predictive_dendrites,9.923601282935124e-07
15273,0.1,409,hebbian,inf
15273,0.1,409,bounded_hebbian,114.26679229736328
15273,0.1,410,predictive_dendrites,9.560628768667812e-07
15273,0.1,410,hebbian,inf
15273,0.1,410,bounded_hebbian,114.26679229736328
15273,0.1,411,predictive_dendrites,9.21242701679148e-07
15273,0.1,411,hebbian,inf
15273,0.1,411,bounded_hebbian,114.26679229736328
15273,0.1,412,predictive_dendrites,8.876860420059529e-07
15273,0.1,412,hebbian,inf
15273,0.1,412,bounded_hebbian,114.26679229736328
15273,0.1,413,predictive_dendrites,8.551928090128058e-07
15273,0.1,413,hebbian,inf
15273,0.1,413,bounded_hebbian,114.26679229736328
15273,0.1,414,predictive_dendrites,8.239545650212676e-07
15273,0.1,414,hebbian,inf
15273,0.1,414,bounded_hebbian,114.26679229736328
15273,0.1,415,predictive_dendrites,7.937222790133092e-07
15273,0.1,415,hebbian,inf
15273,0.1,415,bounded_hebbian,114.26679229736328
15273,0.1,416,predictive_dendrites,7.646803510397149e-07
15273,0.1,416,hebbian,inf
15273,0.1,416,bounded_hebbian,114.26679229736328
15273,0.1,417,predictive_dendrites,7.366911631834228e-07
15273,0.1,417,hebbian,inf
15273,0.1,417,bounded_hebbian,114.26679229736328
15273,0.1,418,predictive_dendrites,7.098263381521974e-07
15273,0.1,418,hebbian,inf
15273,0.1,418,bounded_hebbian,114.26679229736328
15273,0.1,419,predictive_dendrites,6.838054673607985e-07
15273,0.1,419,hebbian,inf
15273,0.1,419,bounded_hebbian,114.26679229736328
15273,0.1,420,predictive_dendrites,6.589477266061294e-07
15273,0.1,420,hebbian,inf
15273,0.1,420,bounded_hebbian,114.26679229736328
15273,0.1,421,predictive_dendrites,6.347401040329714e-07
15273,0.1,421,hebbian,inf
15273,0.1,421,bounded_hebbian,114.26679229736328
15273,0.1,422,predictive_dendrites,6.115446922194678e-07
15273,0.1,422,hebbian,inf
15273,0.1,422,bounded_hebbian,114.26679229736328
15273,0.1,423,predictive_dendrites,5.892384820072039e-07
15273,0.1,423,hebbian,inf
15273,0.1,423,bounded_hebbian,114.26679229736328
15273,0.1,424,predictive_dendrites,5.677059107256355e-07
15273,0.1,424,hebbian,inf
15273,0.1,424,bounded_hebbian,114.26679229736328
15273,0.1,425,predictive_dendrites,5.469707957672654e-07
15273,0.1,425,hebbian,inf
15273,0.1,425,bounded_hebbian,114.26679229736328
15273,0.1,426,predictive_dendrites,5.269242251415562e-07
15273,0.1,426,hebbian,inf
15273,0.1,426,bounded_hebbian,114.26679229736328
15273,0.1,427,predictive_dendrites,5.076765319245169e-07
15273,0.1,427,hebbian,inf
15273,0.1,427,bounded_hebbian,114.26679229736328
15273,0.1,428,predictive_dendrites,4.890787295153132e-07
15273,0.1,428,hebbian,inf
15273,0.1,428,bounded_hebbian,114.26679229736328
15273,0.1,429,predictive_dendrites,4.7123700142037706e-07
15273,0.1,429,hebbian,inf
15273,0.1,429,bounded_hebbian,114.26679229736328
15273,0.1,430,predictive_dendrites,4.540881946013542e-07
15273,0.1,430,hebbian,inf
15273,0.1,430,bounded_hebbian,114.26679229736328
15273,0.1,431,predictive_dendrites,4.374543323137914e-07
15273,0.1,431,hebbian,inf
15273,0.1,431,bounded_hebbian,114.26679229736328
15273,0.1,432,predictive_dendrites,4.214403475089057e-07
15273,0.1,432,hebbian,inf
15273,0.1,432,bounded_hebbian,114.26679229736328
15273,0.1,433,predictive_dendrites,4.059907325881795e-07
15273,0.1,433,hebbian,inf
15273,0.1,433,bounded_hebbian,114.26679229736328
15273,0.1,434,predictive_dendrites,3.910905377324525e-07
15273,0.1,434,hebbian,inf
15273,0.1,434,bounded_hebbian,114.26679229736328
15273,0.1,435,predictive_dendrites,3.7683469145122217e-07
15273,0.1,435,hebbian,inf
15273,0.1,435,bounded_hebbian,114.26679229736328
15273,0.1,436,predictive_dendrites,3.62987151447669e-07
15273,0.1,436,hebbian,inf
15273,0.1,436,bounded_hebbian,114.26679229736328
15273,0.1,437,predictive_dendrites,3.4975121820934874e-07
15273,0.1,437,hebbian,inf
15273,0.1,437,bounded_hebbian,114.26679229736328
15273,0.1,438,predictive_dendrites,3.370033141436579e-07
15273,0.1,438,hebbian,inf
15273,0.1,438,bounded_hebbian,114.26679229736328
15273,0.1,439,predictive_dendrites,3.246957760438818e-07
15273,0.1,439,hebbian,inf
15273,0.1,439,bounded_hebbian,114.26679229736328
15273,0.1,440,predictive_dendrites,3.1275050105250557e-07
15273,0.1,440,hebbian,inf
15273,0.1,440,bounded_hebbian,114.26679229736328
15273,0.1,441,predictive_dendrites,3.0135620932014717e-07
15273,0.1,441,hebbian,inf
15273,0.1,441,bounded_hebbian,114.26679229736328
15273,0.1,442,predictive_dendrites,2.9033392934252333e-07
15273,0.1,442,hebbian,inf
15273,0.1,442,bounded_hebbian,114.26679229736328
15273,0.1,443,predictive_dendrites,2.7970608584837464e-07
15273,0.1,443,hebbian,inf
15273,0.1,443,bounded_hebbian,114.26679229736328
15273,0.1,444,predictive_dendrites,2.694620206966647e-07
15273,0.1,444,hebbian,inf
15273,0.1,444,bounded_hebbian,114.26679229736328
15273,0.1,445,predictive_dendrites,2.5965198346966645e-07
15273,0.1,445,hebbian,inf
15273,0.1,445,bounded_hebbian,114.26679229736328
15273,0.1,446,predictive_dendrites,2.5014307425408333e-07
15273,0.1,446,hebbian,inf
15273,0.1,446,bounded_hebbian,114.26679229736328
15273,0.1,447,predictive_dendrites,2.4104559770421474e-07
15273,0.1,447,hebbian,inf
15273,0.1,447,bounded_hebbian,114.26679229736328
15273,0.1,448,predictive_dendrites,2.32231499808222e-07
15273,0.1,448,hebbian,inf
15273,0.1,448,bounded_hebbian,114.26679229736328
15273,0.1,449,predictive_dendrites,2.2372252317381935e-07
15273,0.1,449,hebbian,inf
15273,0.1,449,bounded_hebbian,114.26679229736328
15273,0.1,450,predictive_dendrites,2.1556603257977258e-07
15273,0.1,450,hebbian,inf
15273,0.1,450,bounded_hebbian,114.26679229736328
15273,0.1,451,predictive_dendrites,2.0766962904872344e-07
15273,0.1,451,hebbian,inf
15273,0.1,451,bounded_hebbian,114.26679229736328
15273,0.1,452,predictive_dendrites,2.000804926183264e-07
15273,0.1,452,hebbian,inf
15273,0.1,452,bounded_hebbian,114.26679229736328
15273,0.1,453,predictive_dendrites,1.9273728923963063e-07
15273,0.1,453,hebbian,inf
15273,0.1,453,bounded_hebbian,114.26679229736328
15273,0.1,454,predictive_dendrites,1.8576248805857176e-07
15273,0.1,454,hebbian,inf
15273,0.1,454,bounded_hebbian,114.26679229736328
15273,0.1,455,predictive_dendrites,1.7896667259265087e-07
15273,0.1,455,hebbian,inf
15273,0.1,455,bounded_hebbian,114.26679229736328
15273,0.1,456,predictive_dendrites,1.7244595085230685e-07
15273,0.1,456,hebbian,inf
15273,0.1,456,bounded_hebbian,114.26679229736328
15273,0.1,457,predictive_dendrites,1.6616770892596833e-07
15273,0.1,457,hebbian,inf
15273,0.1,457,bounded_hebbian,114.26679229736328
15273,0.1,458,predictive_dendrites,1.6002972813566885e-07
15273,0.1,458,hebbian,inf
15273,0.1,458,bounded_hebbian,114.26679229736328
15273,0.1,459,predictive_dendrites,1.5419443855080317e-07
15273,0.1,459,hebbian,inf
15273,0.1,459,bounded_hebbian,114.26679229736328
15273,0.1,460,predictive_dendrites,1.4858237307180389e-07
15273,0.1,460,hebbian,inf
15273,0.1,460,bounded_hebbian,114.26679229736328
15273,0.1,461,predictive_dendrites,1.4314198892861896e-07
15273,0.1,461,hebbian,inf
15273,0.1,461,bounded_hebbian,114.26679229736328
15273,0.1,462,predictive_dendrites,1.378473228896837e-07
15273,0.1,462,hebbian,inf
15273,0.1,462,bounded_hebbian,114.26679229736328
15273,0.1,463,predictive_dendrites,1.3286961575431633e-07
15273,0.1,463,hebbian,inf
15273,0.1,463,bounded_hebbian,114.26679229736328
15273,0.1,464,predictive_dendrites,1.2802608750916988e-07
15273,0.1,464,hebbian,inf
15273,0.1,464,bounded_hebbian,114.26679229736328
15273,0.1,465,predictive_dendrites,1.2331435073065222e-07
15273,0.1,465,hebbian,inf
15273,0.1,465,bounded_hebbian,114.26679229736328
15273,0.1,466,predictive_dendrites,1.1879364336664366e-07
15273,0.1,466,hebbian,inf
15273,0.1,466,bounded_hebbian,114.26679229736328
15273,0.1,467,predictive_dendrites,1.1445816028299305e-07
15273,0.1,467,hebbian,inf
15273,0.1,467,bounded_hebbian,114.26679229736328
15273,0.1,468,predictive_dendrites,1.103418156844782e-07
15273,0.1,468,hebbian,inf
15273,0.1,468,bounded_hebbian,114.26679229736328
15273,0.1,469,predictive_dendrites,1.0622314050579007e-07
15273,0.1,469,hebbian,inf
15273,0.1,469,bounded_hebbian,114.26679229736328
15273,0.1,470,predictive_dendrites,1.0237341996344185e-07
15273,0.1,470,hebbian,inf
15273,0.1,470,bounded_hebbian,114.26679229736328
15273,0.1,471,predictive_dendrites,9.863218508598948e-08
15273,0.1,471,hebbian,inf
15273,0.1,471,bounded_hebbian,114.26679229736328
15273,0.1,472,predictive_dendrites,9.499733266693511e-08
15273,0.1,472,hebbian,inf
15273,0.1,472,bounded_hebbian,114.26679229736328
15273,0.1,473,predictive_dendrites,9.153889379831526e-08
15273,0.1,473,hebbian,inf
15273,0.1,473,bounded_hebbian,114.26679229736328
15273,0.1,474,predictive_dendrites,8.819767316481375e-08
15273,0.1,474,hebbian,inf
15273,0.1,474,bounded_hebbian,114.26679229736328
15273,0.1,475,predictive_dendrites,8.498805925682973e-08
15273,0.1,475,hebbian,inf
15273,0.1,475,bounded_hebbian,114.26679229736328
15273,0.1,476,predictive_dendrites,8.187204514342739e-08
15273,0.1,476,hebbian,inf
15273,0.1,476,bounded_hebbian,114.26679229736328
15273,0.1,477,predictive_dendrites,7.888117181664711e-08
15273,0.1,477,hebbian,inf
15273,0.1,477,bounded_hebbian,114.26679229736328
15273,0.1,478,predictive_dendrites,7.599523144108389e-08
15273,0.1,478,hebbian,inf
15273,0.1,478,bounded_hebbian,114.26679229736328
15273,0.1,479,predictive_dendrites,7.322758222017001e-08
15273,0.1,479,hebbian,inf
15273,0.1,479,bounded_hebbian,114.26679229736328
15273,0.1,480,predictive_dendrites,7.051126260648743e-08
15273,0.1,480,hebbian,inf
15273,0.1,480,bounded_hebbian,114.26679229736328
15273,0.1,481,predictive_dendrites,6.795500695488954e-08
15273,0.1,481,hebbian,inf
15273,0.1,481,bounded_hebbian,114.26679229736328
15273,0.1,482,predictive_dendrites,6.546119379891024e-08
15273,0.1,482,hebbian,inf
15273,0.1,482,bounded_hebbian,114.26679229736328
15273,0.1,483,predictive_dendrites,6.307386257731196e-08
15273,0.1,483,hebbian,inf
15273,0.1,483,bounded_hebbian,114.26679229736328
15273,0.1,484,predictive_dendrites,6.077495129375166e-08
15273,0.1,484,hebbian,inf
15273,0.1,484,bounded_hebbian,114.26679229736328
15273,0.1,485,predictive_dendrites,5.856198370679522e-08
15273,0.1,485,hebbian,inf
15273,0.1,485,bounded_hebbian,114.26679229736328
15273,0.1,486,predictive_dendrites,5.6404207526838945e-08
15273,0.1,486,hebbian,inf
15273,0.1,486,bounded_hebbian,114.26679229736328
15273,0.1,487,predictive_dendrites,5.4356394940668906e-08
15273,0.1,487,hebbian,inf
15273,0.1,487,bounded_hebbian,114.26679229736328
15273,0.1,488,predictive_dendrites,5.236008604470044e-08
15273,0.1,488,hebbian,inf
15273,0.1,488,bounded_hebbian,114.26679229736328
15273,0.1,489,predictive_dendrites,5.0441276044921324e-08
15273,0.1,489,hebbian,inf
15273,0.1,489,bounded_hebbian,114.26679229736328
15273,0.1,490,predictive_dendrites,4.861083624518869e-08
15273,0.1,490,hebbian,inf
15273,0.1,490,bounded_hebbian,114.26679229736328
15273,0.1,491,predictive_dendrites,4.682712173575965e-08
15273,0.1,491,hebbian,inf
15273,0.1,491,bounded_hebbian,114.26679229736328
15273,0.1,492,predictive_dendrites,4.508940421033003e-08
15273,0.1,492,hebbian,inf
15273,0.1,492,bounded_hebbian,114.26679229736328
15273,0.1,493,predictive_dendrites,4.3446640063393716e-08
15273,0.1,493,hebbian,inf
15273,0.1,493,bounded_hebbian,114.26679229736328
15273,0.1,494,predictive_dendrites,4.184655111316715e-08
15273,0.1,494,hebbian,inf
15273,0.1,494,bounded_hebbian,114.26679229736328
15273,0.1,495,predictive_dendrites,4.032434475220725e-08
15273,0.1,495,hebbian,inf
15273,0.1,495,bounded_hebbian,114.26679229736328
15273,0.1,496,predictive_dendrites,3.8877335128972845e-08
15273,0.1,496,hebbian,inf
15273,0.1,496,bounded_hebbian,114.26679229736328
15273,0.1,497,predictive_dendrites,3.7410636366530525e-08
15273,0.1,497,hebbian,inf
15273,0.1,497,bounded_hebbian,114.26679229736328
15273,0.1,498,predictive_dendrites,3.606263376809693e-08
15273,0.1,498,hebbian,inf
15273,0.1,498,bounded_hebbian,114.26679229736328
15273,0.1,499,predictive_dendrites,3.475047449796875e-08
15273,0.1,499,hebbian,inf
15273,0.1,499,bounded_hebbian,114.26679229736328
15273,0.1,500,predictive_dendrites,3.349535049324004e-08
15273,0.1,500,hebbian,inf
15273,0.1,500,bounded_hebbian,114.26679229736328
